case_id,date_onset,morbidity_year,morbidity_week,barangay,age,sex,clinical_classification,outcome
BGO-DNG-00001,2024-01-02,2024,1,Bakakeng North,26,F,Dengue without Warning Signs,Recovered
BGO-DNG-00002,2024-01-02,2024,1,Asin Road,12,F,Dengue without Warning Signs,Recovered
BGO-DNG-00003,2024-01-03,2024,1,Irisan,22,M,Dengue without Warning Signs,Recovered
BGO-DNG-00004,2024-01-04,2024,1,Bakakeng Central,21,M,Dengue without Warning Signs,Recovered
BGO-DNG-00005,2024-01-05,2024,1,Irisan,22,M,Dengue without Warning Signs,Recovered
BGO-DNG-00006,2024-01-06,2024,1,Irisan,14,M,Dengue without Warning Signs,Recovered
BGO-DNG-00007,2024-01-06,2024,1,Kias,31,F,Dengue with Warning Signs,Recovered
BGO-DNG-00008,2024-01-06,2024,1,Irisan,23,F,Dengue without Warning Signs,Recovered
BGO-DNG-00009,2024-01-07,2024,1,Irisan,34,M,Dengue without Warning Signs,Recovered
BGO-DNG-00010,2024-01-08,2024,2,Kias,27,M,Dengue with Warning Signs,Recovered
BGO-DNG-00011,2024-01-08,2024,2,Bakakeng Central,31,M,Dengue without Warning Signs,Recovered
BGO-DNG-00012,2024-01-10,2024,2,Camp 7,33,M,Dengue with Warning Signs,Recovered
BGO-DNG-00013,2024-01-10,2024,2,Irisan,29,F,Dengue without Warning Signs,Recovered
BGO-DNG-00014,2024-01-10,2024,2,Irisan,40,F,Dengue without Warning Signs,Recovered
BGO-DNG-00015,2024-01-10,2024,2,Sto. Tomas Proper,36,F,Dengue without Warning Signs,Recovered
BGO-DNG-00016,2024-01-11,2024,2,Pinsao Proper,26,M,Dengue without Warning Signs,Recovered
BGO-DNG-00017,2024-01-11,2024,2,Gibraltar,18,F,Dengue without Warning Signs,Recovered
BGO-DNG-00018,2024-01-12,2024,2,Irisan,4,F,Dengue without Warning Signs,Recovered
BGO-DNG-00019,2024-01-13,2024,2,Irisan,31,F,Dengue with Warning Signs,Recovered
BGO-DNG-00020,2024-01-14,2024,2,Camp 7,26,M,Dengue without Warning Signs,Recovered
BGO-DNG-00021,2024-01-16,2024,3,Gibraltar,60,M,Dengue with Warning Signs,Recovered
BGO-DNG-00022,2024-01-17,2024,3,Lucnab,22,F,Dengue without Warning Signs,Recovered
BGO-DNG-00023,2024-01-17,2024,3,Pacdal,14,F,Dengue with Warning Signs,Recovered
BGO-DNG-00024,2024-01-21,2024,3,Irisan,9,M,Dengue with Warning Signs,Recovered
BGO-DNG-00025,2024-01-22,2024,4,Irisan,6,M,Dengue without Warning Signs,Recovered
BGO-DNG-00026,2024-01-22,2024,4,Irisan,1,F,Dengue without Warning Signs,Recovered
BGO-DNG-00027,2024-01-22,2024,4,Irisan,31,F,Dengue without Warning Signs,Recovered
BGO-DNG-00028,2024-01-23,2024,4,Camp 7,12,F,Dengue with Warning Signs,Recovered
BGO-DNG-00029,2024-01-25,2024,4,Aurora Hill Proper,35,M,Dengue without Warning Signs,Recovered
BGO-DNG-00030,2024-01-25,2024,4,Irisan,29,M,Dengue without Warning Signs,Recovered
BGO-DNG-00031,2024-01-26,2024,4,Asin Road,22,F,Dengue without Warning Signs,Recovered
BGO-DNG-00032,2024-01-28,2024,4,Kias,8,F,Dengue without Warning Signs,Recovered
BGO-DNG-00033,2024-01-28,2024,4,Irisan,26,M,Dengue without Warning Signs,Recovered
BGO-DNG-00034,2024-01-29,2024,5,Bakakeng Central,21,F,Dengue without Warning Signs,Recovered
BGO-DNG-00035,2024-01-31,2024,5,Irisan,13,M,Dengue without Warning Signs,Recovered
BGO-DNG-00036,2024-02-01,2024,5,Sto. Tomas Proper,1,M,Dengue without Warning Signs,Recovered
BGO-DNG-00037,2024-02-05,2024,6,Camp 7,35,M,Dengue without Warning Signs,Recovered
BGO-DNG-00038,2024-02-05,2024,6,San Luis Village,9,F,Dengue without Warning Signs,Recovered
BGO-DNG-00039,2024-02-06,2024,6,Bakakeng Central,21,M,Dengue with Warning Signs,Recovered
BGO-DNG-00040,2024-02-08,2024,6,Asin Road,15,M,Dengue without Warning Signs,Recovered
BGO-DNG-00041,2024-02-10,2024,6,Irisan,14,M,Dengue with Warning Signs,Recovered
BGO-DNG-00042,2024-02-10,2024,6,Asin Road,31,M,Dengue without Warning Signs,Recovered
BGO-DNG-00043,2024-02-12,2024,7,Irisan,34,M,Dengue without Warning Signs,Recovered
BGO-DNG-00044,2024-02-12,2024,7,Loakan Proper,7,F,Dengue without Warning Signs,Recovered
BGO-DNG-00045,2024-02-14,2024,7,Quezon Hill Proper,5,F,Dengue without Warning Signs,Recovered
BGO-DNG-00046,2024-02-14,2024,7,Irisan,54,F,Dengue without Warning Signs,Recovered
BGO-DNG-00047,2024-02-14,2024,7,Pinsao Proper,21,M,Dengue without Warning Signs,Recovered
BGO-DNG-00048,2024-02-15,2024,7,Asin Road,3,M,Dengue without Warning Signs,Recovered
BGO-DNG-00049,2024-02-16,2024,7,Irisan,38,F,Dengue without Warning Signs,Recovered
BGO-DNG-00050,2024-02-17,2024,7,Fairview,1,M,Dengue without Warning Signs,Recovered
BGO-DNG-00051,2024-02-18,2024,7,Irisan,27,M,Dengue without Warning Signs,Recovered
BGO-DNG-00052,2024-02-18,2024,7,Quezon Hill Proper,5,F,Dengue without Warning Signs,Recovered
BGO-DNG-00053,2024-02-19,2024,8,Irisan,38,M,Severe Dengue,Recovered
BGO-DNG-00054,2024-02-19,2024,8,Pacdal,20,M,Dengue without Warning Signs,Recovered
BGO-DNG-00055,2024-02-19,2024,8,Dominican-Mirador,1,M,Dengue without Warning Signs,Recovered
BGO-DNG-00056,2024-02-19,2024,8,Asin Road,17,M,Dengue with Warning Signs,Recovered
BGO-DNG-00057,2024-02-20,2024,8,Asin Road,12,M,Dengue with Warning Signs,Recovered
BGO-DNG-00058,2024-02-20,2024,8,Irisan,23,M,Dengue with Warning Signs,Recovered
BGO-DNG-00059,2024-02-20,2024,8,Quezon Hill Proper,12,F,Dengue without Warning Signs,Recovered
BGO-DNG-00060,2024-02-26,2024,9,Dominican-Mirador,23,M,Dengue with Warning Signs,Recovered
BGO-DNG-00061,2024-02-26,2024,9,Irisan,44,F,Dengue without Warning Signs,Recovered
BGO-DNG-00062,2024-02-27,2024,9,Bakakeng Central,1,M,Dengue without Warning Signs,Recovered
BGO-DNG-00063,2024-02-27,2024,9,Irisan,19,F,Dengue with Warning Signs,Recovered
BGO-DNG-00064,2024-02-27,2024,9,Bakakeng Central,4,F,Dengue without Warning Signs,Recovered
BGO-DNG-00065,2024-02-28,2024,9,Bakakeng Central,16,F,Dengue without Warning Signs,Recovered
BGO-DNG-00066,2024-02-29,2024,9,Irisan,33,F,Dengue with Warning Signs,Recovered
BGO-DNG-00067,2024-02-29,2024,9,Cabinet Hill-Teachers Camp,17,M,Dengue without Warning Signs,Recovered
BGO-DNG-00068,2024-02-29,2024,9,Irisan,28,M,Dengue without Warning Signs,Recovered
BGO-DNG-00069,2024-03-01,2024,9,Pinsao Proper,26,F,Dengue without Warning Signs,Recovered
BGO-DNG-00070,2024-03-02,2024,9,Fairview,21,M,Dengue without Warning Signs,Recovered
BGO-DNG-00071,2024-03-03,2024,9,Irisan,28,M,Dengue with Warning Signs,Recovered
BGO-DNG-00072,2024-03-04,2024,10,Fairview,26,F,Dengue without Warning Signs,Recovered
BGO-DNG-00073,2024-03-04,2024,10,Irisan,38,F,Dengue without Warning Signs,Recovered
BGO-DNG-00074,2024-03-06,2024,10,Sto. Tomas Proper,27,F,Dengue without Warning Signs,Recovered
BGO-DNG-00075,2024-03-07,2024,10,Ambiong,11,F,Dengue without Warning Signs,Recovered
BGO-DNG-00076,2024-03-07,2024,10,Sto. Tomas Proper,28,M,Dengue without Warning Signs,Recovered
BGO-DNG-00077,2024-03-08,2024,10,Bakakeng Central,15,M,Dengue without Warning Signs,Recovered
BGO-DNG-00078,2024-03-09,2024,10,Irisan,28,M,Dengue without Warning Signs,Recovered
BGO-DNG-00079,2024-03-10,2024,10,Bakakeng Central,56,M,Dengue without Warning Signs,Recovered
BGO-DNG-00080,2024-03-10,2024,10,Irisan,30,F,Dengue without Warning Signs,Recovered
BGO-DNG-00081,2024-03-10,2024,10,Bakakeng Central,15,M,Dengue with Warning Signs,Recovered
BGO-DNG-00082,2024-03-11,2024,11,Ambiong,11,M,Dengue with Warning Signs,Recovered
BGO-DNG-00083,2024-03-11,2024,11,Bakakeng Central,16,M,Dengue with Warning Signs,Recovered
BGO-DNG-00084,2024-03-11,2024,11,Gibraltar,17,M,Dengue without Warning Signs,Recovered
BGO-DNG-00085,2024-03-11,2024,11,Irisan,27,F,Dengue without Warning Signs,Recovered
BGO-DNG-00086,2024-03-11,2024,11,Happy Hallow,3,M,Dengue without Warning Signs,Recovered
BGO-DNG-00087,2024-03-12,2024,11,Irisan,21,F,Dengue without Warning Signs,Recovered
BGO-DNG-00088,2024-03-12,2024,11,Loakan Proper,1,F,Dengue with Warning Signs,Recovered
BGO-DNG-00089,2024-03-12,2024,11,Kias,43,M,Dengue without Warning Signs,Recovered
BGO-DNG-00090,2024-03-13,2024,11,Bakakeng Central,27,M,Dengue with Warning Signs,Recovered
BGO-DNG-00091,2024-03-16,2024,11,Camp 7,7,M,Dengue without Warning Signs,Recovered
BGO-DNG-00092,2024-03-17,2024,11,San Luis Village,13,F,Dengue without Warning Signs,Recovered
BGO-DNG-00093,2024-03-18,2024,12,Irisan,39,M,Dengue without Warning Signs,Recovered
BGO-DNG-00094,2024-03-19,2024,12,Bakakeng Central,26,M,Dengue without Warning Signs,Recovered
BGO-DNG-00095,2024-03-19,2024,12,Asin Road,8,F,Dengue with Warning Signs,Recovered
BGO-DNG-00096,2024-03-21,2024,12,Pacdal,35,M,Dengue with Warning Signs,Recovered
BGO-DNG-00097,2024-03-21,2024,12,Asin Road,44,F,Dengue without Warning Signs,Recovered
BGO-DNG-00098,2024-03-22,2024,12,Bakakeng Central,39,M,Severe Dengue,Recovered
BGO-DNG-00099,2024-03-22,2024,12,Irisan,14,F,Dengue without Warning Signs,Recovered
BGO-DNG-00100,2024-03-25,2024,13,Bakakeng Central,5,M,Dengue without Warning Signs,Recovered
BGO-DNG-00101,2024-03-25,2024,13,Camp 7,4,M,Dengue without Warning Signs,Recovered
BGO-DNG-00102,2024-03-25,2024,13,Holy Ghost Extension,33,M,Dengue without Warning Signs,Recovered
BGO-DNG-00103,2024-03-28,2024,13,Irisan,17,M,Dengue without Warning Signs,Recovered
BGO-DNG-00104,2024-03-28,2024,13,Aurora Hill Proper,25,M,Dengue with Warning Signs,Recovered
BGO-DNG-00105,2024-03-30,2024,13,Irisan,17,F,Dengue without Warning Signs,Recovered
BGO-DNG-00106,2024-04-01,2024,14,Bakakeng Central,33,M,Dengue with Warning Signs,Recovered
BGO-DNG-00107,2024-04-01,2024,14,Irisan,3,F,Dengue without Warning Signs,Recovered
BGO-DNG-00108,2024-04-01,2024,14,Bakakeng Central,20,M,Severe Dengue,Recovered
BGO-DNG-00109,2024-04-02,2024,14,Sto. Tomas Proper,27,F,Dengue with Warning Signs,Recovered
BGO-DNG-00110,2024-04-03,2024,14,Kias,13,F,Dengue without Warning Signs,Recovered
BGO-DNG-00111,2024-04-03,2024,14,Irisan,3,M,Dengue without Warning Signs,Recovered
BGO-DNG-00112,2024-04-03,2024,14,Sto. Tomas Proper,13,F,Dengue without Warning Signs,Recovered
BGO-DNG-00113,2024-04-04,2024,14,Irisan,6,M,Dengue without Warning Signs,Recovered
BGO-DNG-00114,2024-04-04,2024,14,San Luis Village,12,M,Dengue without Warning Signs,Recovered
BGO-DNG-00115,2024-04-04,2024,14,Pinsao Proper,1,M,Dengue without Warning Signs,Recovered
BGO-DNG-00116,2024-04-04,2024,14,Irisan,29,F,Dengue without Warning Signs,Recovered
BGO-DNG-00117,2024-04-05,2024,14,Aurora Hill Proper,20,F,Dengue with Warning Signs,Recovered
BGO-DNG-00118,2024-04-05,2024,14,Camp 7,10,M,Dengue without Warning Signs,Recovered
BGO-DNG-00119,2024-04-05,2024,14,Irisan,26,M,Dengue without Warning Signs,Recovered
BGO-DNG-00120,2024-04-05,2024,14,Bakakeng Central,31,M,Dengue without Warning Signs,Recovered
BGO-DNG-00121,2024-04-06,2024,14,Irisan,12,M,Dengue without Warning Signs,Recovered
BGO-DNG-00122,2024-04-07,2024,14,Bakakeng Central,20,F,Dengue with Warning Signs,Recovered
BGO-DNG-00123,2024-04-07,2024,14,Gibraltar,23,M,Dengue with Warning Signs,Recovered
BGO-DNG-00124,2024-04-07,2024,14,Camp 7,43,M,Severe Dengue,Recovered
BGO-DNG-00125,2024-04-07,2024,14,Irisan,17,M,Dengue without Warning Signs,Recovered
BGO-DNG-00126,2024-04-08,2024,15,Asin Road,9,F,Dengue without Warning Signs,Recovered
BGO-DNG-00127,2024-04-08,2024,15,Aurora Hill Proper,25,M,Dengue without Warning Signs,Recovered
BGO-DNG-00128,2024-04-08,2024,15,Pinsao Proper,3,M,Dengue without Warning Signs,Recovered
BGO-DNG-00129,2024-04-09,2024,15,Irisan,36,M,Dengue without Warning Signs,Recovered
BGO-DNG-00130,2024-04-09,2024,15,Dominican-Mirador,4,M,Dengue without Warning Signs,Recovered
BGO-DNG-00131,2024-04-09,2024,15,Loakan Proper,7,F,Dengue with Warning Signs,Recovered
BGO-DNG-00132,2024-04-09,2024,15,Camp 7,14,M,Dengue without Warning Signs,Recovered
BGO-DNG-00133,2024-04-09,2024,15,Loakan Proper,43,F,Dengue without Warning Signs,Recovered
BGO-DNG-00134,2024-04-10,2024,15,Loakan Proper,37,M,Dengue without Warning Signs,Recovered
BGO-DNG-00135,2024-04-10,2024,15,Quezon Hill Proper,30,M,Dengue without Warning Signs,Recovered
BGO-DNG-00136,2024-04-10,2024,15,Irisan,37,F,Dengue without Warning Signs,Recovered
BGO-DNG-00137,2024-04-10,2024,15,Irisan,9,F,Dengue without Warning Signs,Recovered
BGO-DNG-00138,2024-04-12,2024,15,Holy Ghost Extension,8,M,Dengue without Warning Signs,Recovered
BGO-DNG-00139,2024-04-12,2024,15,Irisan,31,M,Dengue with Warning Signs,Recovered
BGO-DNG-00140,2024-04-12,2024,15,Irisan,4,F,Dengue with Warning Signs,Recovered
BGO-DNG-00141,2024-04-12,2024,15,San Vicente,25,F,Dengue with Warning Signs,Recovered
BGO-DNG-00142,2024-04-12,2024,15,Bakakeng Central,1,F,Dengue without Warning Signs,Recovered
BGO-DNG-00143,2024-04-13,2024,15,San Vicente,41,F,Dengue without Warning Signs,Recovered
BGO-DNG-00144,2024-04-13,2024,15,Irisan,4,F,Dengue without Warning Signs,Recovered
BGO-DNG-00145,2024-04-14,2024,15,Camp 7,7,M,Severe Dengue,Recovered
BGO-DNG-00146,2024-04-15,2024,16,Irisan,15,M,Dengue without Warning Signs,Died
BGO-DNG-00147,2024-04-16,2024,16,Bakakeng Central,50,M,Dengue with Warning Signs,Recovered
BGO-DNG-00148,2024-04-16,2024,16,Asin Road,17,M,Dengue without Warning Signs,Recovered
BGO-DNG-00149,2024-04-17,2024,16,Asin Road,12,F,Dengue without Warning Signs,Recovered
BGO-DNG-00150,2024-04-17,2024,16,Country Club Village,40,M,Dengue with Warning Signs,Recovered
BGO-DNG-00151,2024-04-18,2024,16,Pacdal,25,M,Dengue with Warning Signs,Recovered
BGO-DNG-00152,2024-04-18,2024,16,Bakakeng Central,31,F,Dengue without Warning Signs,Recovered
BGO-DNG-00153,2024-04-18,2024,16,Bakakeng Central,16,M,Dengue with Warning Signs,Recovered
BGO-DNG-00154,2024-04-19,2024,16,Happy Hallow,28,M,Dengue without Warning Signs,Recovered
BGO-DNG-00155,2024-04-19,2024,16,Irisan,1,F,Dengue without Warning Signs,Recovered
BGO-DNG-00156,2024-04-19,2024,16,Asin Road,44,F,Dengue with Warning Signs,Recovered
BGO-DNG-00157,2024-04-19,2024,16,Irisan,23,M,Dengue without Warning Signs,Recovered
BGO-DNG-00158,2024-04-19,2024,16,Gibraltar,16,M,Dengue with Warning Signs,Recovered
BGO-DNG-00159,2024-04-20,2024,16,Magsaysay Private,17,M,Dengue without Warning Signs,Recovered
BGO-DNG-00160,2024-04-20,2024,16,Kias,1,F,Dengue with Warning Signs,Recovered
BGO-DNG-00161,2024-04-20,2024,16,Irisan,6,F,Dengue with Warning Signs,Recovered
BGO-DNG-00162,2024-04-20,2024,16,Irisan,28,M,Dengue without Warning Signs,Recovered
BGO-DNG-00163,2024-04-21,2024,16,Irisan,21,M,Dengue without Warning Signs,Recovered
BGO-DNG-00164,2024-04-21,2024,16,San Luis Village,30,F,Dengue without Warning Signs,Recovered
BGO-DNG-00165,2024-04-21,2024,16,Irisan,20,F,Dengue without Warning Signs,Recovered
BGO-DNG-00166,2024-04-21,2024,16,Irisan,21,M,Dengue without Warning Signs,Recovered
BGO-DNG-00167,2024-04-21,2024,16,Irisan,19,M,Dengue without Warning Signs,Recovered
BGO-DNG-00168,2024-04-22,2024,17,Asin Road,1,M,Dengue without Warning Signs,Active
BGO-DNG-00169,2024-04-22,2024,17,Loakan Proper,10,F,Severe Dengue,Recovered
BGO-DNG-00170,2024-04-22,2024,17,Irisan,9,F,Dengue with Warning Signs,Recovered
BGO-DNG-00171,2024-04-23,2024,17,Kias,32,M,Dengue without Warning Signs,Recovered
BGO-DNG-00172,2024-04-24,2024,17,Bakakeng North,40,F,Dengue without Warning Signs,Recovered
BGO-DNG-00173,2024-04-24,2024,17,Irisan,27,M,Dengue without Warning Signs,Recovered
BGO-DNG-00174,2024-04-24,2024,17,Loakan Proper,22,M,Dengue without Warning Signs,Recovered
BGO-DNG-00175,2024-04-24,2024,17,Country Club Village,33,F,Dengue without Warning Signs,Recovered
BGO-DNG-00176,2024-04-24,2024,17,Sto. Tomas Proper,1,F,Dengue without Warning Signs,Recovered
BGO-DNG-00177,2024-04-25,2024,17,San Luis Village,12,F,Dengue without Warning Signs,Recovered
BGO-DNG-00178,2024-04-25,2024,17,Gibraltar,31,F,Dengue with Warning Signs,Recovered
BGO-DNG-00179,2024-04-25,2024,17,Balsigan,10,M,Dengue without Warning Signs,Recovered
BGO-DNG-00180,2024-04-27,2024,17,Irisan,28,M,Dengue without Warning Signs,Recovered
BGO-DNG-00181,2024-04-27,2024,17,Pacdal,12,M,Dengue with Warning Signs,Recovered
BGO-DNG-00182,2024-04-27,2024,17,Irisan,17,M,Dengue without Warning Signs,Recovered
BGO-DNG-00183,2024-04-27,2024,17,Kias,19,M,Dengue without Warning Signs,Recovered
BGO-DNG-00184,2024-04-28,2024,17,Irisan,23,M,Dengue without Warning Signs,Recovered
BGO-DNG-00185,2024-04-28,2024,17,Irisan,8,M,Dengue with Warning Signs,Recovered
BGO-DNG-00186,2024-04-28,2024,17,Irisan,46,F,Dengue without Warning Signs,Recovered
BGO-DNG-00187,2024-04-28,2024,17,San Vicente,21,F,Dengue without Warning Signs,Recovered
BGO-DNG-00188,2024-04-29,2024,18,Bakakeng Central,41,F,Dengue with Warning Signs,Recovered
BGO-DNG-00189,2024-04-29,2024,18,Pinsao Proper,25,F,Dengue with Warning Signs,Recovered
BGO-DNG-00190,2024-04-29,2024,18,Camp 7,28,F,Dengue without Warning Signs,Recovered
BGO-DNG-00191,2024-04-30,2024,18,Irisan,34,M,Dengue with Warning Signs,Recovered
BGO-DNG-00192,2024-05-01,2024,18,Ambiong,27,M,Dengue with Warning Signs,Active
BGO-DNG-00193,2024-05-01,2024,18,Camp 7,24,M,Dengue without Warning Signs,Recovered
BGO-DNG-00194,2024-05-02,2024,18,Asin Road,8,F,Dengue with Warning Signs,Recovered
BGO-DNG-00195,2024-05-02,2024,18,Aurora Hill Proper,4,M,Dengue without Warning Signs,Recovered
BGO-DNG-00196,2024-05-03,2024,18,Loakan Proper,21,F,Dengue without Warning Signs,Recovered
BGO-DNG-00197,2024-05-03,2024,18,Irisan,24,F,Dengue without Warning Signs,Recovered
BGO-DNG-00198,2024-05-03,2024,18,Loakan Proper,16,M,Dengue without Warning Signs,Recovered
BGO-DNG-00199,2024-05-03,2024,18,Camp 7,1,F,Dengue without Warning Signs,Recovered
BGO-DNG-00200,2024-05-04,2024,18,Irisan,17,F,Dengue without Warning Signs,Recovered
BGO-DNG-00201,2024-05-04,2024,18,Holy Ghost Extension,46,F,Dengue with Warning Signs,Recovered
BGO-DNG-00202,2024-05-04,2024,18,San Luis Village,36,F,Dengue without Warning Signs,Recovered
BGO-DNG-00203,2024-05-05,2024,18,Quezon Hill Proper,23,F,Dengue without Warning Signs,Recovered
BGO-DNG-00204,2024-05-06,2024,19,Irisan,29,F,Dengue without Warning Signs,Recovered
BGO-DNG-00205,2024-05-06,2024,19,Irisan,61,M,Dengue without Warning Signs,Recovered
BGO-DNG-00206,2024-05-06,2024,19,Irisan,18,M,Dengue with Warning Signs,Recovered
BGO-DNG-00207,2024-05-07,2024,19,Camp 7,43,M,Dengue with Warning Signs,Recovered
BGO-DNG-00208,2024-05-07,2024,19,Loakan Proper,34,F,Dengue without Warning Signs,Recovered
BGO-DNG-00209,2024-05-07,2024,19,Irisan,29,F,Dengue without Warning Signs,Recovered
BGO-DNG-00210,2024-05-07,2024,19,Bakakeng Central,25,M,Dengue without Warning Signs,Recovered
BGO-DNG-00211,2024-05-07,2024,19,Kias,1,F,Dengue without Warning Signs,Recovered
BGO-DNG-00212,2024-05-07,2024,19,Irisan,16,F,Dengue without Warning Signs,Recovered
BGO-DNG-00213,2024-05-07,2024,19,Irisan,1,F,Dengue with Warning Signs,Recovered
BGO-DNG-00214,2024-05-07,2024,19,Irisan,16,F,Severe Dengue,Recovered
BGO-DNG-00215,2024-05-08,2024,19,Irisan,49,F,Dengue without Warning Signs,Recovered
BGO-DNG-00216,2024-05-08,2024,19,Asin Road,35,M,Dengue without Warning Signs,Recovered
BGO-DNG-00217,2024-05-09,2024,19,Irisan,27,F,Dengue without Warning Signs,Recovered
BGO-DNG-00218,2024-05-09,2024,19,Irisan,38,M,Dengue without Warning Signs,Recovered
BGO-DNG-00219,2024-05-10,2024,19,Irisan,28,F,Dengue without Warning Signs,Recovered
BGO-DNG-00220,2024-05-10,2024,19,Dominican-Mirador,18,M,Dengue without Warning Signs,Recovered
BGO-DNG-00221,2024-05-10,2024,19,Irisan,9,M,Dengue without Warning Signs,Recovered
BGO-DNG-00222,2024-05-11,2024,19,Irisan,14,M,Dengue without Warning Signs,Recovered
BGO-DNG-00223,2024-05-11,2024,19,Bakakeng Central,3,M,Dengue without Warning Signs,Recovered
BGO-DNG-00224,2024-05-11,2024,19,Dominican-Mirador,6,M,Dengue without Warning Signs,Recovered
BGO-DNG-00225,2024-05-11,2024,19,Irisan,1,F,Dengue without Warning Signs,Recovered
BGO-DNG-00226,2024-05-11,2024,19,Irisan,27,M,Dengue without Warning Signs,Recovered
BGO-DNG-00227,2024-05-12,2024,19,Sto. Tomas Proper,6,F,Dengue with Warning Signs,Recovered
BGO-DNG-00228,2024-05-12,2024,19,Asin Road,27,F,Dengue without Warning Signs,Recovered
BGO-DNG-00229,2024-05-12,2024,19,Irisan,1,F,Dengue without Warning Signs,Recovered
BGO-DNG-00230,2024-05-13,2024,20,Irisan,21,F,Dengue without Warning Signs,Recovered
BGO-DNG-00231,2024-05-13,2024,20,San Luis Village,6,F,Dengue without Warning Signs,Recovered
BGO-DNG-00232,2024-05-13,2024,20,San Luis Village,1,M,Dengue without Warning Signs,Recovered
BGO-DNG-00233,2024-05-14,2024,20,Irisan,6,F,Dengue without Warning Signs,Recovered
BGO-DNG-00234,2024-05-14,2024,20,Pinsao Proper,24,M,Dengue with Warning Signs,Recovered
BGO-DNG-00235,2024-05-14,2024,20,Camp 7,23,M,Dengue with Warning Signs,Recovered
BGO-DNG-00236,2024-05-16,2024,20,Fairview,29,F,Dengue with Warning Signs,Recovered
BGO-DNG-00237,2024-05-16,2024,20,Dominican-Mirador,24,F,Dengue without Warning Signs,Recovered
BGO-DNG-00238,2024-05-17,2024,20,Camp 7,7,F,Dengue without Warning Signs,Recovered
BGO-DNG-00239,2024-05-18,2024,20,Bakakeng Central,34,M,Dengue without Warning Signs,Recovered
BGO-DNG-00240,2024-05-18,2024,20,Irisan,19,M,Dengue without Warning Signs,Recovered
BGO-DNG-00241,2024-05-18,2024,20,Irisan,17,F,Dengue without Warning Signs,Recovered
BGO-DNG-00242,2024-05-18,2024,20,Irisan,24,M,Dengue with Warning Signs,Recovered
BGO-DNG-00243,2024-05-18,2024,20,Irisan,28,M,Dengue without Warning Signs,Recovered
BGO-DNG-00244,2024-05-18,2024,20,Pinsao Proper,21,M,Dengue without Warning Signs,Recovered
BGO-DNG-00245,2024-05-18,2024,20,Loakan Proper,17,F,Dengue without Warning Signs,Recovered
BGO-DNG-00246,2024-05-20,2024,21,Kias,33,M,Dengue with Warning Signs,Recovered
BGO-DNG-00247,2024-05-20,2024,21,Bakakeng Central,35,F,Dengue without Warning Signs,Recovered
BGO-DNG-00248,2024-05-21,2024,21,Irisan,28,F,Dengue without Warning Signs,Active
BGO-DNG-00249,2024-05-21,2024,21,Irisan,20,F,Dengue without Warning Signs,Recovered
BGO-DNG-00250,2024-05-21,2024,21,Irisan,18,F,Dengue with Warning Signs,Recovered
BGO-DNG-00251,2024-05-21,2024,21,Sto. Tomas Proper,1,M,Dengue with Warning Signs,Recovered
BGO-DNG-00252,2024-05-21,2024,21,Irisan,45,M,Severe Dengue,Recovered
BGO-DNG-00253,2024-05-21,2024,21,Camp 7,9,F,Dengue without Warning Signs,Recovered
BGO-DNG-00254,2024-05-22,2024,21,Asin Road,32,F,Dengue without Warning Signs,Recovered
BGO-DNG-00255,2024-05-22,2024,21,Pacdal,31,F,Dengue with Warning Signs,Recovered
BGO-DNG-00256,2024-05-23,2024,21,Loakan Proper,21,M,Dengue with Warning Signs,Recovered
BGO-DNG-00257,2024-05-23,2024,21,Aurora Hill Proper,43,M,Dengue with Warning Signs,Recovered
BGO-DNG-00258,2024-05-23,2024,21,Irisan,13,M,Dengue without Warning Signs,Recovered
BGO-DNG-00259,2024-05-23,2024,21,Irisan,23,F,Dengue without Warning Signs,Recovered
BGO-DNG-00260,2024-05-24,2024,21,Bakakeng Central,10,M,Dengue with Warning Signs,Recovered
BGO-DNG-00261,2024-05-24,2024,21,Bakakeng Central,7,M,Dengue without Warning Signs,Recovered
BGO-DNG-00262,2024-05-24,2024,21,Irisan,10,F,Dengue without Warning Signs,Recovered
BGO-DNG-00263,2024-05-24,2024,21,Asin Road,50,F,Dengue with Warning Signs,Recovered
BGO-DNG-00264,2024-05-24,2024,21,Irisan,42,F,Dengue without Warning Signs,Recovered
BGO-DNG-00265,2024-05-25,2024,21,Irisan,1,F,Dengue without Warning Signs,Recovered
BGO-DNG-00266,2024-05-27,2024,22,Dominican-Mirador,33,F,Dengue without Warning Signs,Recovered
BGO-DNG-00267,2024-05-27,2024,22,Irisan,17,M,Dengue without Warning Signs,Recovered
BGO-DNG-00268,2024-05-28,2024,22,Irisan,12,M,Dengue without Warning Signs,Recovered
BGO-DNG-00269,2024-05-28,2024,22,Pinsao Proper,16,F,Dengue without Warning Signs,Recovered
BGO-DNG-00270,2024-05-29,2024,22,Aurora Hill Proper,46,F,Dengue with Warning Signs,Recovered
BGO-DNG-00271,2024-05-29,2024,22,Irisan,29,M,Dengue without Warning Signs,Recovered
BGO-DNG-00272,2024-05-29,2024,22,San Luis Village,13,F,Dengue without Warning Signs,Recovered
BGO-DNG-00273,2024-05-29,2024,22,Irisan,13,F,Dengue without Warning Signs,Recovered
BGO-DNG-00274,2024-05-29,2024,22,Irisan,12,M,Dengue with Warning Signs,Recovered
BGO-DNG-00275,2024-05-29,2024,22,Camp 7,15,M,Dengue without Warning Signs,Recovered
BGO-DNG-00276,2024-05-29,2024,22,Irisan,35,M,Dengue without Warning Signs,Recovered
BGO-DNG-00277,2024-05-30,2024,22,Asin Road,36,M,Dengue without Warning Signs,Recovered
BGO-DNG-00278,2024-05-30,2024,22,Fairview,37,M,Dengue without Warning Signs,Recovered
BGO-DNG-00279,2024-05-31,2024,22,Sto. Tomas Proper,11,F,Dengue with Warning Signs,Recovered
BGO-DNG-00280,2024-05-31,2024,22,Irisan,27,F,Dengue with Warning Signs,Recovered
BGO-DNG-00281,2024-05-31,2024,22,Irisan,32,F,Dengue without Warning Signs,Recovered
BGO-DNG-00282,2024-06-01,2024,22,Bakakeng Central,14,F,Dengue without Warning Signs,Recovered
BGO-DNG-00283,2024-06-01,2024,22,Bakakeng Central,23,F,Dengue without Warning Signs,Recovered
BGO-DNG-00284,2024-06-01,2024,22,Irisan,27,M,Dengue without Warning Signs,Active
BGO-DNG-00285,2024-06-01,2024,22,Camp 7,38,M,Dengue without Warning Signs,Recovered
BGO-DNG-00286,2024-06-01,2024,22,Cabinet Hill-Teachers Camp,1,F,Dengue with Warning Signs,Recovered
BGO-DNG-00287,2024-06-02,2024,22,Irisan,35,M,Dengue without Warning Signs,Recovered
BGO-DNG-00288,2024-06-02,2024,22,Irisan,8,F,Dengue without Warning Signs,Recovered
BGO-DNG-00289,2024-06-02,2024,22,Bakakeng Central,15,F,Dengue without Warning Signs,Recovered
BGO-DNG-00290,2024-06-02,2024,22,Balsigan,7,M,Dengue without Warning Signs,Recovered
BGO-DNG-00291,2024-06-03,2024,23,Camp 7,30,F,Dengue with Warning Signs,Recovered
BGO-DNG-00292,2024-06-03,2024,23,Irisan,30,M,Dengue without Warning Signs,Active
BGO-DNG-00293,2024-06-03,2024,23,Irisan,10,F,Dengue without Warning Signs,Recovered
BGO-DNG-00294,2024-06-03,2024,23,Bakakeng Central,16,M,Dengue without Warning Signs,Recovered
BGO-DNG-00295,2024-06-03,2024,23,Bakakeng Central,21,F,Dengue without Warning Signs,Recovered
BGO-DNG-00296,2024-06-03,2024,23,Bakakeng Central,17,M,Dengue without Warning Signs,Recovered
BGO-DNG-00297,2024-06-03,2024,23,Camp 7,23,M,Dengue with Warning Signs,Recovered
BGO-DNG-00298,2024-06-03,2024,23,Pacdal,10,F,Dengue without Warning Signs,Recovered
BGO-DNG-00299,2024-06-03,2024,23,Irisan,26,F,Dengue without Warning Signs,Recovered
BGO-DNG-00300,2024-06-03,2024,23,Loakan Proper,10,M,Dengue without Warning Signs,Recovered
BGO-DNG-00301,2024-06-03,2024,23,Irisan,30,F,Dengue without Warning Signs,Recovered
BGO-DNG-00302,2024-06-04,2024,23,Camp 7,43,M,Dengue without Warning Signs,Recovered
BGO-DNG-00303,2024-06-04,2024,23,Bakakeng North,25,M,Dengue without Warning Signs,Recovered
BGO-DNG-00304,2024-06-04,2024,23,Irisan,1,F,Dengue without Warning Signs,Recovered
BGO-DNG-00305,2024-06-04,2024,23,Irisan,16,F,Dengue without Warning Signs,Recovered
BGO-DNG-00306,2024-06-04,2024,23,Irisan,20,F,Dengue with Warning Signs,Died
BGO-DNG-00307,2024-06-05,2024,23,Irisan,29,M,Dengue without Warning Signs,Recovered
BGO-DNG-00308,2024-06-05,2024,23,Fairview,20,M,Severe Dengue,Recovered
BGO-DNG-00309,2024-06-05,2024,23,Irisan,20,M,Dengue without Warning Signs,Recovered
BGO-DNG-00310,2024-06-05,2024,23,Bakakeng Central,1,M,Dengue without Warning Signs,Recovered
BGO-DNG-00311,2024-06-05,2024,23,Loakan Proper,7,F,Dengue without Warning Signs,Recovered
BGO-DNG-00312,2024-06-05,2024,23,Sto. Tomas Proper,10,M,Dengue without Warning Signs,Recovered
BGO-DNG-00313,2024-06-05,2024,23,Irisan,33,F,Dengue without Warning Signs,Recovered
BGO-DNG-00314,2024-06-05,2024,23,Irisan,33,M,Dengue without Warning Signs,Recovered
BGO-DNG-00315,2024-06-06,2024,23,Fairview,29,F,Dengue without Warning Signs,Recovered
BGO-DNG-00316,2024-06-06,2024,23,Irisan,29,F,Dengue without Warning Signs,Recovered
BGO-DNG-00317,2024-06-06,2024,23,Aurora Hill Proper,54,F,Dengue without Warning Signs,Recovered
BGO-DNG-00318,2024-06-06,2024,23,Holy Ghost Extension,20,M,Severe Dengue,Recovered
BGO-DNG-00319,2024-06-06,2024,23,Asin Road,21,F,Dengue without Warning Signs,Recovered
BGO-DNG-00320,2024-06-07,2024,23,Aurora Hill Proper,13,M,Dengue without Warning Signs,Recovered
BGO-DNG-00321,2024-06-07,2024,23,Irisan,23,M,Dengue without Warning Signs,Recovered
BGO-DNG-00322,2024-06-07,2024,23,Irisan,16,M,Dengue without Warning Signs,Recovered
BGO-DNG-00323,2024-06-08,2024,23,Irisan,25,M,Dengue without Warning Signs,Recovered
BGO-DNG-00324,2024-06-08,2024,23,Irisan,26,M,Dengue without Warning Signs,Recovered
BGO-DNG-00325,2024-06-08,2024,23,Bakakeng Central,24,M,Dengue without Warning Signs,Recovered
BGO-DNG-00326,2024-06-08,2024,23,Irisan,15,F,Dengue without Warning Signs,Recovered
BGO-DNG-00327,2024-06-09,2024,23,Irisan,32,M,Dengue without Warning Signs,Recovered
BGO-DNG-00328,2024-06-09,2024,23,Loakan Proper,39,F,Dengue without Warning Signs,Recovered
BGO-DNG-00329,2024-06-09,2024,23,Irisan,34,M,Dengue without Warning Signs,Recovered
BGO-DNG-00330,2024-06-09,2024,23,Holy Ghost Extension,26,M,Dengue without Warning Signs,Recovered
BGO-DNG-00331,2024-06-10,2024,24,Camp 7,4,F,Dengue without Warning Signs,Recovered
BGO-DNG-00332,2024-06-10,2024,24,Irisan,3,M,Dengue without Warning Signs,Recovered
BGO-DNG-00333,2024-06-10,2024,24,Fairview,24,M,Dengue without Warning Signs,Recovered
BGO-DNG-00334,2024-06-10,2024,24,Irisan,17,F,Dengue without Warning Signs,Recovered
BGO-DNG-00335,2024-06-10,2024,24,Camp 7,22,M,Dengue without Warning Signs,Recovered
BGO-DNG-00336,2024-06-10,2024,24,Country Club Village,25,M,Dengue without Warning Signs,Active
BGO-DNG-00337,2024-06-10,2024,24,Irisan,35,F,Dengue without Warning Signs,Recovered
BGO-DNG-00338,2024-06-10,2024,24,Irisan,3,F,Dengue without Warning Signs,Recovered
BGO-DNG-00339,2024-06-10,2024,24,Bakakeng Central,12,F,Dengue without Warning Signs,Recovered
BGO-DNG-00340,2024-06-11,2024,24,Gibraltar,42,F,Dengue with Warning Signs,Recovered
BGO-DNG-00341,2024-06-11,2024,24,Pinsao Proper,43,F,Dengue without Warning Signs,Recovered
BGO-DNG-00342,2024-06-11,2024,24,Irisan,13,M,Dengue without Warning Signs,Recovered
BGO-DNG-00343,2024-06-11,2024,24,Aurora Hill Proper,19,M,Dengue without Warning Signs,Recovered
BGO-DNG-00344,2024-06-12,2024,24,Cabinet Hill-Teachers Camp,5,M,Dengue without Warning Signs,Recovered
BGO-DNG-00345,2024-06-12,2024,24,Asin Road,17,M,Dengue without Warning Signs,Recovered
BGO-DNG-00346,2024-06-12,2024,24,Gibraltar,17,F,Dengue without Warning Signs,Recovered
BGO-DNG-00347,2024-06-13,2024,24,San Luis Village,27,F,Dengue without Warning Signs,Recovered
BGO-DNG-00348,2024-06-13,2024,24,Irisan,8,F,Dengue without Warning Signs,Recovered
BGO-DNG-00349,2024-06-13,2024,24,Sto. Tomas Proper,20,M,Dengue with Warning Signs,Recovered
BGO-DNG-00350,2024-06-13,2024,24,Gibraltar,37,M,Dengue without Warning Signs,Recovered
BGO-DNG-00351,2024-06-13,2024,24,Loakan Proper,24,F,Dengue without Warning Signs,Recovered
BGO-DNG-00352,2024-06-13,2024,24,Irisan,4,F,Dengue without Warning Signs,Recovered
BGO-DNG-00353,2024-06-14,2024,24,Aurora Hill Proper,19,F,Dengue without Warning Signs,Recovered
BGO-DNG-00354,2024-06-14,2024,24,Asin Road,31,F,Dengue without Warning Signs,Recovered
BGO-DNG-00355,2024-06-14,2024,24,Bakakeng Central,33,F,Dengue without Warning Signs,Recovered
BGO-DNG-00356,2024-06-14,2024,24,Irisan,24,M,Dengue without Warning Signs,Recovered
BGO-DNG-00357,2024-06-15,2024,24,Sto. Tomas Proper,10,M,Dengue with Warning Signs,Recovered
BGO-DNG-00358,2024-06-15,2024,24,Bakakeng North,21,F,Dengue with Warning Signs,Recovered
BGO-DNG-00359,2024-06-16,2024,24,Irisan,22,F,Dengue with Warning Signs,Recovered
BGO-DNG-00360,2024-06-16,2024,24,Loakan Proper,35,F,Dengue without Warning Signs,Recovered
BGO-DNG-00361,2024-06-16,2024,24,Pacdal,1,M,Dengue without Warning Signs,Recovered
BGO-DNG-00362,2024-06-16,2024,24,Irisan,34,F,Dengue with Warning Signs,Recovered
BGO-DNG-00363,2024-06-16,2024,24,Asin Road,22,M,Dengue without Warning Signs,Recovered
BGO-DNG-00364,2024-06-16,2024,24,Asin Road,9,F,Dengue without Warning Signs,Recovered
BGO-DNG-00365,2024-06-16,2024,24,Gibraltar,1,F,Dengue without Warning Signs,Recovered
BGO-DNG-00366,2024-06-16,2024,24,Loakan Proper,41,M,Dengue without Warning Signs,Recovered
BGO-DNG-00367,2024-06-16,2024,24,Pinsao Proper,8,M,Dengue without Warning Signs,Recovered
BGO-DNG-00368,2024-06-16,2024,24,Irisan,3,M,Dengue without Warning Signs,Died
BGO-DNG-00369,2024-06-16,2024,24,Irisan,28,F,Dengue without Warning Signs,Recovered
BGO-DNG-00370,2024-06-17,2024,25,Magsaysay Private,40,M,Dengue without Warning Signs,Recovered
BGO-DNG-00371,2024-06-17,2024,25,Quezon Hill Proper,19,M,Dengue without Warning Signs,Recovered
BGO-DNG-00372,2024-06-17,2024,25,Irisan,5,F,Dengue without Warning Signs,Recovered
BGO-DNG-00373,2024-06-17,2024,25,Bakakeng Central,10,M,Dengue with Warning Signs,Recovered
BGO-DNG-00374,2024-06-17,2024,25,Irisan,28,M,Dengue with Warning Signs,Recovered
BGO-DNG-00375,2024-06-17,2024,25,San Luis Village,8,F,Dengue without Warning Signs,Recovered
BGO-DNG-00376,2024-06-18,2024,25,San Luis Village,40,F,Dengue without Warning Signs,Recovered
BGO-DNG-00377,2024-06-18,2024,25,Holy Ghost Extension,17,F,Dengue with Warning Signs,Recovered
BGO-DNG-00378,2024-06-18,2024,25,Camp 7,78,F,Dengue without Warning Signs,Recovered
BGO-DNG-00379,2024-06-18,2024,25,Asin Road,24,M,Dengue without Warning Signs,Recovered
BGO-DNG-00380,2024-06-18,2024,25,Loakan Proper,26,M,Dengue without Warning Signs,Recovered
BGO-DNG-00381,2024-06-18,2024,25,Gibraltar,35,M,Dengue with Warning Signs,Recovered
BGO-DNG-00382,2024-06-18,2024,25,Sto. Tomas Proper,13,F,Dengue without Warning Signs,Recovered
BGO-DNG-00383,2024-06-18,2024,25,Pacdal,9,M,Dengue without Warning Signs,Recovered
BGO-DNG-00384,2024-06-18,2024,25,Aurora Hill Proper,34,M,Dengue without Warning Signs,Recovered
BGO-DNG-00385,2024-06-18,2024,25,Irisan,2,M,Dengue without Warning Signs,Recovered
BGO-DNG-00386,2024-06-18,2024,25,Bakakeng Central,36,F,Dengue without Warning Signs,Recovered
BGO-DNG-00387,2024-06-18,2024,25,Asin Road,1,M,Dengue without Warning Signs,Recovered
BGO-DNG-00388,2024-06-18,2024,25,Kias,45,F,Dengue without Warning Signs,Recovered
BGO-DNG-00389,2024-06-19,2024,25,Irisan,24,M,Dengue without Warning Signs,Recovered
BGO-DNG-00390,2024-06-19,2024,25,Irisan,5,M,Dengue without Warning Signs,Recovered
BGO-DNG-00391,2024-06-19,2024,25,Camp 7,27,F,Dengue without Warning Signs,Recovered
BGO-DNG-00392,2024-06-19,2024,25,Pinsao Proper,42,F,Dengue without Warning Signs,Recovered
BGO-DNG-00393,2024-06-19,2024,25,Asin Road,1,M,Dengue without Warning Signs,Recovered
BGO-DNG-00394,2024-06-19,2024,25,Camp 7,25,F,Dengue with Warning Signs,Recovered
BGO-DNG-00395,2024-06-20,2024,25,Irisan,29,M,Dengue with Warning Signs,Recovered
BGO-DNG-00396,2024-06-20,2024,25,Irisan,18,M,Dengue without Warning Signs,Recovered
BGO-DNG-00397,2024-06-20,2024,25,Gibraltar,18,M,Dengue with Warning Signs,Recovered
BGO-DNG-00398,2024-06-20,2024,25,Fairview,18,F,Dengue without Warning Signs,Recovered
BGO-DNG-00399,2024-06-20,2024,25,Asin Road,18,F,Dengue with Warning Signs,Recovered
BGO-DNG-00400,2024-06-20,2024,25,Irisan,28,M,Dengue without Warning Signs,Recovered
BGO-DNG-00401,2024-06-20,2024,25,Irisan,42,M,Dengue without Warning Signs,Recovered
BGO-DNG-00402,2024-06-20,2024,25,Irisan,17,M,Dengue without Warning Signs,Recovered
BGO-DNG-00403,2024-06-20,2024,25,Pacdal,1,F,Dengue without Warning Signs,Recovered
BGO-DNG-00404,2024-06-21,2024,25,Irisan,12,F,Dengue with Warning Signs,Recovered
BGO-DNG-00405,2024-06-21,2024,25,San Vicente,33,F,Dengue without Warning Signs,Recovered
BGO-DNG-00406,2024-06-21,2024,25,Quezon Hill Proper,38,M,Dengue without Warning Signs,Recovered
BGO-DNG-00407,2024-06-21,2024,25,Pacdal,3,M,Dengue with Warning Signs,Recovered
BGO-DNG-00408,2024-06-21,2024,25,Irisan,20,M,Dengue without Warning Signs,Recovered
BGO-DNG-00409,2024-06-21,2024,25,Country Club Village,16,F,Dengue without Warning Signs,Recovered
BGO-DNG-00410,2024-06-21,2024,25,Pacdal,44,F,Dengue without Warning Signs,Recovered
BGO-DNG-00411,2024-06-21,2024,25,Bakakeng Central,1,F,Dengue with Warning Signs,Recovered
BGO-DNG-00412,2024-06-22,2024,25,Sto. Tomas Proper,16,F,Dengue without Warning Signs,Recovered
BGO-DNG-00413,2024-06-22,2024,25,Asin Road,1,M,Dengue without Warning Signs,Recovered
BGO-DNG-00414,2024-06-22,2024,25,Irisan,26,F,Dengue without Warning Signs,Recovered
BGO-DNG-00415,2024-06-22,2024,25,Irisan,41,M,Dengue without Warning Signs,Recovered
BGO-DNG-00416,2024-06-23,2024,25,San Luis Village,19,F,Dengue without Warning Signs,Recovered
BGO-DNG-00417,2024-06-23,2024,25,Ambiong,33,M,Dengue without Warning Signs,Active
BGO-DNG-00418,2024-06-23,2024,25,San Luis Village,2,M,Dengue without Warning Signs,Recovered
BGO-DNG-00419,2024-06-23,2024,25,Bakakeng Central,17,M,Dengue with Warning Signs,Recovered
BGO-DNG-00420,2024-06-23,2024,25,Pinsao Proper,31,F,Dengue without Warning Signs,Recovered
BGO-DNG-00421,2024-06-24,2024,26,Camp 7,10,M,Dengue without Warning Signs,Recovered
BGO-DNG-00422,2024-06-24,2024,26,Camp 7,4,M,Dengue without Warning Signs,Recovered
BGO-DNG-00423,2024-06-24,2024,26,Asin Road,16,M,Dengue without Warning Signs,Recovered
BGO-DNG-00424,2024-06-24,2024,26,Irisan,38,F,Dengue with Warning Signs,Recovered
BGO-DNG-00425,2024-06-24,2024,26,Cabinet Hill-Teachers Camp,2,M,Dengue without Warning Signs,Recovered
BGO-DNG-00426,2024-06-24,2024,26,Irisan,54,F,Dengue without Warning Signs,Recovered
BGO-DNG-00427,2024-06-25,2024,26,Camp 7,21,M,Dengue without Warning Signs,Recovered
BGO-DNG-00428,2024-06-25,2024,26,Camp 7,1,F,Dengue without Warning Signs,Recovered
BGO-DNG-00429,2024-06-25,2024,26,Camp 7,26,M,Dengue without Warning Signs,Recovered
BGO-DNG-00430,2024-06-25,2024,26,Kias,4,F,Dengue without Warning Signs,Recovered
BGO-DNG-00431,2024-06-26,2024,26,Camp 7,29,M,Dengue without Warning Signs,Recovered
BGO-DNG-00432,2024-06-26,2024,26,Cabinet Hill-Teachers Camp,1,M,Dengue without Warning Signs,Recovered
BGO-DNG-00433,2024-06-26,2024,26,Irisan,31,F,Dengue without Warning Signs,Recovered
BGO-DNG-00434,2024-06-26,2024,26,Irisan,16,M,Severe Dengue,Recovered
BGO-DNG-00435,2024-06-27,2024,26,Gibraltar,20,F,Dengue without Warning Signs,Recovered
BGO-DNG-00436,2024-06-27,2024,26,Quezon Hill Proper,15,M,Dengue without Warning Signs,Recovered
BGO-DNG-00437,2024-06-27,2024,26,San Luis Village,35,F,Dengue without Warning Signs,Recovered
BGO-DNG-00438,2024-06-27,2024,26,Irisan,3,M,Dengue without Warning Signs,Recovered
BGO-DNG-00439,2024-06-27,2024,26,Irisan,1,F,Dengue without Warning Signs,Recovered
BGO-DNG-00440,2024-06-27,2024,26,Irisan,41,M,Dengue without Warning Signs,Recovered
BGO-DNG-00441,2024-06-27,2024,26,Bakakeng Central,1,M,Dengue without Warning Signs,Recovered
BGO-DNG-00442,2024-06-28,2024,26,Quezon Hill Proper,20,M,Severe Dengue,Recovered
BGO-DNG-00443,2024-06-28,2024,26,Irisan,52,F,Dengue with Warning Signs,Recovered
BGO-DNG-00444,2024-06-28,2024,26,Camp 7,38,F,Severe Dengue,Recovered
BGO-DNG-00445,2024-06-28,2024,26,Bakakeng Central,44,F,Dengue without Warning Signs,Recovered
BGO-DNG-00446,2024-06-28,2024,26,Irisan,10,F,Dengue with Warning Signs,Recovered
BGO-DNG-00447,2024-06-29,2024,26,Irisan,8,M,Dengue without Warning Signs,Recovered
BGO-DNG-00448,2024-06-29,2024,26,Dominican-Mirador,49,M,Dengue without Warning Signs,Recovered
BGO-DNG-00449,2024-06-29,2024,26,Kias,14,F,Dengue without Warning Signs,Recovered
BGO-DNG-00450,2024-06-29,2024,26,Pacdal,12,F,Dengue without Warning Signs,Recovered
BGO-DNG-00451,2024-06-29,2024,26,Kias,45,M,Dengue without Warning Signs,Recovered
BGO-DNG-00452,2024-06-29,2024,26,Camp 7,42,F,Dengue with Warning Signs,Recovered
BGO-DNG-00453,2024-06-30,2024,26,Fairview,7,F,Dengue without Warning Signs,Recovered
BGO-DNG-00454,2024-06-30,2024,26,Irisan,3,M,Dengue without Warning Signs,Recovered
BGO-DNG-00455,2024-06-30,2024,26,Gibraltar,26,M,Dengue without Warning Signs,Recovered
BGO-DNG-00456,2024-06-30,2024,26,Asin Road,17,F,Dengue without Warning Signs,Recovered
BGO-DNG-00457,2024-06-30,2024,26,Pacdal,49,F,Dengue with Warning Signs,Recovered
BGO-DNG-00458,2024-07-01,2024,27,Magsaysay Private,15,F,Dengue without Warning Signs,Recovered
BGO-DNG-00459,2024-07-01,2024,27,Kias,28,M,Dengue without Warning Signs,Recovered
BGO-DNG-00460,2024-07-01,2024,27,Irisan,17,M,Dengue with Warning Signs,Active
BGO-DNG-00461,2024-07-01,2024,27,Irisan,26,F,Dengue without Warning Signs,Recovered
BGO-DNG-00462,2024-07-01,2024,27,Camp 7,14,F,Dengue without Warning Signs,Recovered
BGO-DNG-00463,2024-07-01,2024,27,Quezon Hill Proper,5,F,Dengue with Warning Signs,Recovered
BGO-DNG-00464,2024-07-01,2024,27,Bakakeng Central,9,M,Dengue without Warning Signs,Recovered
BGO-DNG-00465,2024-07-01,2024,27,Bakakeng Central,13,M,Dengue without Warning Signs,Recovered
BGO-DNG-00466,2024-07-02,2024,27,Loakan Proper,1,F,Dengue with Warning Signs,Recovered
BGO-DNG-00467,2024-07-02,2024,27,Asin Road,1,F,Dengue without Warning Signs,Recovered
BGO-DNG-00468,2024-07-02,2024,27,Asin Road,12,M,Dengue without Warning Signs,Recovered
BGO-DNG-00469,2024-07-02,2024,27,Irisan,9,F,Dengue without Warning Signs,Recovered
BGO-DNG-00470,2024-07-02,2024,27,Irisan,1,F,Dengue without Warning Signs,Recovered
BGO-DNG-00471,2024-07-02,2024,27,Asin Road,40,M,Dengue with Warning Signs,Recovered
BGO-DNG-00472,2024-07-02,2024,27,Pinsao Proper,38,M,Dengue with Warning Signs,Recovered
BGO-DNG-00473,2024-07-02,2024,27,Irisan,14,M,Dengue without Warning Signs,Recovered
BGO-DNG-00474,2024-07-03,2024,27,Gibraltar,37,F,Dengue with Warning Signs,Recovered
BGO-DNG-00475,2024-07-03,2024,27,Bakakeng Central,4,F,Dengue with Warning Signs,Recovered
BGO-DNG-00476,2024-07-03,2024,27,Irisan,33,F,Dengue without Warning Signs,Recovered
BGO-DNG-00477,2024-07-03,2024,27,Irisan,31,M,Dengue without Warning Signs,Recovered
BGO-DNG-00478,2024-07-03,2024,27,Irisan,33,M,Dengue without Warning Signs,Recovered
BGO-DNG-00479,2024-07-03,2024,27,Pacdal,24,F,Dengue without Warning Signs,Recovered
BGO-DNG-00480,2024-07-03,2024,27,Balsigan,21,F,Dengue with Warning Signs,Recovered
BGO-DNG-00481,2024-07-04,2024,27,Bakakeng Central,20,F,Dengue without Warning Signs,Recovered
BGO-DNG-00482,2024-07-04,2024,27,Irisan,38,M,Dengue with Warning Signs,Recovered
BGO-DNG-00483,2024-07-05,2024,27,Pacdal,17,F,Dengue without Warning Signs,Recovered
BGO-DNG-00484,2024-07-05,2024,27,Loakan Proper,35,M,Dengue without Warning Signs,Recovered
BGO-DNG-00485,2024-07-05,2024,27,San Luis Village,17,M,Dengue with Warning Signs,Recovered
BGO-DNG-00486,2024-07-05,2024,27,Irisan,21,F,Dengue without Warning Signs,Recovered
BGO-DNG-00487,2024-07-05,2024,27,Irisan,12,F,Dengue without Warning Signs,Recovered
BGO-DNG-00488,2024-07-05,2024,27,Irisan,20,F,Dengue without Warning Signs,Recovered
BGO-DNG-00489,2024-07-06,2024,27,Bakakeng Central,29,F,Dengue without Warning Signs,Recovered
BGO-DNG-00490,2024-07-06,2024,27,Pinsao Proper,19,F,Dengue without Warning Signs,Recovered
BGO-DNG-00491,2024-07-07,2024,27,Pacdal,23,F,Dengue without Warning Signs,Recovered
BGO-DNG-00492,2024-07-07,2024,27,Bakakeng Central,29,F,Dengue with Warning Signs,Recovered
BGO-DNG-00493,2024-07-07,2024,27,Irisan,26,M,Dengue without Warning Signs,Recovered
BGO-DNG-00494,2024-07-07,2024,27,Ambiong,14,M,Dengue without Warning Signs,Recovered
BGO-DNG-00495,2024-07-08,2024,28,Irisan,28,M,Dengue without Warning Signs,Recovered
BGO-DNG-00496,2024-07-08,2024,28,Irisan,23,M,Dengue without Warning Signs,Recovered
BGO-DNG-00497,2024-07-08,2024,28,Irisan,6,M,Dengue without Warning Signs,Recovered
BGO-DNG-00498,2024-07-08,2024,28,Irisan,31,M,Dengue without Warning Signs,Recovered
BGO-DNG-00499,2024-07-09,2024,28,Irisan,15,M,Dengue with Warning Signs,Recovered
BGO-DNG-00500,2024-07-09,2024,28,Sto. Tomas Proper,29,F,Dengue without Warning Signs,Recovered
BGO-DNG-00501,2024-07-09,2024,28,Camp 7,5,F,Dengue without Warning Signs,Recovered
BGO-DNG-00502,2024-07-09,2024,28,Loakan Proper,8,M,Dengue with Warning Signs,Recovered
BGO-DNG-00503,2024-07-09,2024,28,Pinsao Proper,30,F,Dengue without Warning Signs,Recovered
BGO-DNG-00504,2024-07-10,2024,28,Irisan,47,F,Dengue without Warning Signs,Recovered
BGO-DNG-00505,2024-07-10,2024,28,San Vicente,11,M,Dengue without Warning Signs,Recovered
BGO-DNG-00506,2024-07-10,2024,28,Irisan,38,F,Dengue without Warning Signs,Recovered
BGO-DNG-00507,2024-07-10,2024,28,Aurora Hill Proper,13,F,Dengue without Warning Signs,Recovered
BGO-DNG-00508,2024-07-10,2024,28,Irisan,22,M,Dengue without Warning Signs,Recovered
BGO-DNG-00509,2024-07-10,2024,28,San Luis Village,31,M,Dengue with Warning Signs,Recovered
BGO-DNG-00510,2024-07-11,2024,28,Asin Road,23,M,Dengue without Warning Signs,Recovered
BGO-DNG-00511,2024-07-11,2024,28,Irisan,11,F,Dengue without Warning Signs,Recovered
BGO-DNG-00512,2024-07-11,2024,28,Pacdal,19,M,Dengue without Warning Signs,Recovered
BGO-DNG-00513,2024-07-11,2024,28,Bakakeng Central,54,M,Dengue without Warning Signs,Recovered
BGO-DNG-00514,2024-07-11,2024,28,Pinsao Proper,1,F,Dengue without Warning Signs,Recovered
BGO-DNG-00515,2024-07-11,2024,28,Irisan,47,M,Dengue without Warning Signs,Recovered
BGO-DNG-00516,2024-07-12,2024,28,Camp 7,35,F,Dengue without Warning Signs,Recovered
BGO-DNG-00517,2024-07-12,2024,28,Irisan,39,M,Dengue without Warning Signs,Recovered
BGO-DNG-00518,2024-07-12,2024,28,San Vicente,25,M,Dengue with Warning Signs,Recovered
BGO-DNG-00519,2024-07-12,2024,28,Pinsao Proper,1,F,Dengue without Warning Signs,Recovered
BGO-DNG-00520,2024-07-13,2024,28,Irisan,18,F,Dengue without Warning Signs,Recovered
BGO-DNG-00521,2024-07-13,2024,28,Irisan,1,M,Dengue without Warning Signs,Recovered
BGO-DNG-00522,2024-07-13,2024,28,Irisan,36,F,Dengue without Warning Signs,Recovered
BGO-DNG-00523,2024-07-13,2024,28,Bakakeng Central,15,M,Dengue with Warning Signs,Recovered
BGO-DNG-00524,2024-07-13,2024,28,Irisan,36,F,Dengue without Warning Signs,Recovered
BGO-DNG-00525,2024-07-13,2024,28,Bakakeng Central,27,F,Dengue without Warning Signs,Recovered
BGO-DNG-00526,2024-07-14,2024,28,Bakakeng Central,23,F,Dengue without Warning Signs,Recovered
BGO-DNG-00527,2024-07-14,2024,28,Loakan Proper,15,M,Dengue without Warning Signs,Recovered
BGO-DNG-00528,2024-07-14,2024,28,Bakakeng Central,36,M,Dengue without Warning Signs,Recovered
BGO-DNG-00529,2024-07-14,2024,28,Camp 7,34,M,Dengue without Warning Signs,Recovered
BGO-DNG-00530,2024-07-14,2024,28,Sto. Tomas Proper,28,M,Dengue without Warning Signs,Recovered
BGO-DNG-00531,2024-07-15,2024,29,Bakakeng Central,6,M,Dengue without Warning Signs,Recovered
BGO-DNG-00532,2024-07-15,2024,29,Bakakeng Central,8,M,Dengue without Warning Signs,Recovered
BGO-DNG-00533,2024-07-15,2024,29,Irisan,48,F,Dengue with Warning Signs,Recovered
BGO-DNG-00534,2024-07-15,2024,29,Pinsao Proper,22,F,Dengue without Warning Signs,Recovered
BGO-DNG-00535,2024-07-15,2024,29,Pacdal,27,M,Dengue without Warning Signs,Recovered
BGO-DNG-00536,2024-07-16,2024,29,San Luis Village,23,M,Dengue without Warning Signs,Active
BGO-DNG-00537,2024-07-16,2024,29,Camp 7,18,M,Dengue without Warning Signs,Recovered
BGO-DNG-00538,2024-07-16,2024,29,Irisan,3,M,Dengue without Warning Signs,Active
BGO-DNG-00539,2024-07-16,2024,29,Bakakeng Central,49,M,Dengue without Warning Signs,Recovered
BGO-DNG-00540,2024-07-16,2024,29,Pacdal,29,M,Dengue with Warning Signs,Recovered
BGO-DNG-00541,2024-07-16,2024,29,Irisan,33,M,Dengue with Warning Signs,Recovered
BGO-DNG-00542,2024-07-16,2024,29,Irisan,34,F,Dengue without Warning Signs,Recovered
BGO-DNG-00543,2024-07-17,2024,29,Irisan,29,M,Dengue without Warning Signs,Recovered
BGO-DNG-00544,2024-07-17,2024,29,Camp 7,13,M,Dengue with Warning Signs,Recovered
BGO-DNG-00545,2024-07-17,2024,29,Sto. Tomas Proper,31,F,Dengue without Warning Signs,Recovered
BGO-DNG-00546,2024-07-17,2024,29,Bakakeng Central,35,F,Dengue without Warning Signs,Recovered
BGO-DNG-00547,2024-07-17,2024,29,San Luis Village,33,M,Dengue without Warning Signs,Recovered
BGO-DNG-00548,2024-07-18,2024,29,Bakakeng Central,23,M,Dengue without Warning Signs,Recovered
BGO-DNG-00549,2024-07-18,2024,29,Pacdal,26,F,Dengue without Warning Signs,Recovered
BGO-DNG-00550,2024-07-18,2024,29,Irisan,22,M,Dengue without Warning Signs,Recovered
BGO-DNG-00551,2024-07-18,2024,29,Camp 7,12,M,Dengue without Warning Signs,Recovered
BGO-DNG-00552,2024-07-19,2024,29,Asin Road,1,M,Dengue without Warning Signs,Recovered
BGO-DNG-00553,2024-07-19,2024,29,Irisan,36,M,Dengue without Warning Signs,Recovered
BGO-DNG-00554,2024-07-19,2024,29,Irisan,19,F,Severe Dengue,Recovered
BGO-DNG-00555,2024-07-19,2024,29,Bakakeng Central,14,M,Dengue without Warning Signs,Recovered
BGO-DNG-00556,2024-07-19,2024,29,Irisan,16,F,Dengue without Warning Signs,Recovered
BGO-DNG-00557,2024-07-19,2024,29,Irisan,27,M,Dengue without Warning Signs,Recovered
BGO-DNG-00558,2024-07-20,2024,29,Lucnab,16,F,Dengue without Warning Signs,Recovered
BGO-DNG-00559,2024-07-20,2024,29,Irisan,16,F,Dengue with Warning Signs,Recovered
BGO-DNG-00560,2024-07-20,2024,29,Loakan Proper,7,M,Dengue with Warning Signs,Recovered
BGO-DNG-00561,2024-07-20,2024,29,Bakakeng Central,29,M,Dengue with Warning Signs,Recovered
BGO-DNG-00562,2024-07-20,2024,29,Pacdal,30,F,Dengue without Warning Signs,Recovered
BGO-DNG-00563,2024-07-20,2024,29,Balsigan,8,F,Dengue with Warning Signs,Recovered
BGO-DNG-00564,2024-07-20,2024,29,Kias,39,M,Dengue without Warning Signs,Recovered
BGO-DNG-00565,2024-07-20,2024,29,Gibraltar,21,F,Dengue with Warning Signs,Recovered
BGO-DNG-00566,2024-07-20,2024,29,Bakakeng Central,19,F,Dengue with Warning Signs,Recovered
BGO-DNG-00567,2024-07-20,2024,29,Irisan,24,M,Dengue without Warning Signs,Recovered
BGO-DNG-00568,2024-07-21,2024,29,Camp 7,13,F,Dengue without Warning Signs,Recovered
BGO-DNG-00569,2024-07-21,2024,29,Bakakeng North,47,F,Dengue with Warning Signs,Recovered
BGO-DNG-00570,2024-07-21,2024,29,Asin Road,27,F,Dengue without Warning Signs,Recovered
BGO-DNG-00571,2024-07-21,2024,29,Irisan,21,M,Dengue without Warning Signs,Recovered
BGO-DNG-00572,2024-07-21,2024,29,Camp 7,2,M,Dengue without Warning Signs,Recovered
BGO-DNG-00573,2024-07-22,2024,30,Irisan,22,M,Dengue without Warning Signs,Recovered
BGO-DNG-00574,2024-07-22,2024,30,Pinsao Proper,1,F,Dengue without Warning Signs,Active
BGO-DNG-00575,2024-07-22,2024,30,Irisan,2,M,Dengue without Warning Signs,Recovered
BGO-DNG-00576,2024-07-22,2024,30,Cabinet Hill-Teachers Camp,16,M,Dengue with Warning Signs,Recovered
BGO-DNG-00577,2024-07-22,2024,30,Bakakeng North,3,M,Dengue with Warning Signs,Recovered
BGO-DNG-00578,2024-07-23,2024,30,Camp 7,21,F,Dengue without Warning Signs,Recovered
BGO-DNG-00579,2024-07-23,2024,30,Gibraltar,36,F,Dengue without Warning Signs,Recovered
BGO-DNG-00580,2024-07-23,2024,30,Fairview,19,F,Dengue without Warning Signs,Recovered
BGO-DNG-00581,2024-07-23,2024,30,Aurora Hill Proper,14,F,Dengue without Warning Signs,Recovered
BGO-DNG-00582,2024-07-23,2024,30,Camp 7,26,F,Dengue without Warning Signs,Recovered
BGO-DNG-00583,2024-07-23,2024,30,Pinsao Proper,34,F,Dengue with Warning Signs,Recovered
BGO-DNG-00584,2024-07-23,2024,30,Irisan,32,F,Dengue without Warning Signs,Recovered
BGO-DNG-00585,2024-07-24,2024,30,Bakakeng Central,34,M,Dengue without Warning Signs,Recovered
BGO-DNG-00586,2024-07-24,2024,30,Country Club Village,23,M,Dengue without Warning Signs,Recovered
BGO-DNG-00587,2024-07-24,2024,30,Camp 7,15,F,Dengue without Warning Signs,Active
BGO-DNG-00588,2024-07-24,2024,30,Irisan,17,F,Dengue without Warning Signs,Recovered
BGO-DNG-00589,2024-07-24,2024,30,Loakan Proper,29,M,Dengue without Warning Signs,Recovered
BGO-DNG-00590,2024-07-24,2024,30,Irisan,21,M,Dengue without Warning Signs,Recovered
BGO-DNG-00591,2024-07-24,2024,30,Irisan,22,F,Dengue with Warning Signs,Recovered
BGO-DNG-00592,2024-07-24,2024,30,Camp 7,41,F,Dengue without Warning Signs,Recovered
BGO-DNG-00593,2024-07-25,2024,30,Camp 7,10,F,Dengue without Warning Signs,Recovered
BGO-DNG-00594,2024-07-25,2024,30,Irisan,29,F,Dengue with Warning Signs,Recovered
BGO-DNG-00595,2024-07-25,2024,30,Camp 7,19,M,Dengue without Warning Signs,Active
BGO-DNG-00596,2024-07-25,2024,30,Irisan,15,F,Dengue without Warning Signs,Recovered
BGO-DNG-00597,2024-07-25,2024,30,Irisan,19,F,Dengue with Warning Signs,Recovered
BGO-DNG-00598,2024-07-25,2024,30,Bakakeng Central,38,F,Dengue without Warning Signs,Recovered
BGO-DNG-00599,2024-07-25,2024,30,Irisan,23,M,Dengue without Warning Signs,Recovered
BGO-DNG-00600,2024-07-25,2024,30,Irisan,4,F,Dengue without Warning Signs,Recovered
BGO-DNG-00601,2024-07-26,2024,30,Asin Road,1,M,Dengue without Warning Signs,Recovered
BGO-DNG-00602,2024-07-26,2024,30,Irisan,18,M,Dengue with Warning Signs,Recovered
BGO-DNG-00603,2024-07-26,2024,30,Irisan,35,F,Dengue without Warning Signs,Recovered
BGO-DNG-00604,2024-07-26,2024,30,Sto. Tomas Proper,9,M,Dengue with Warning Signs,Recovered
BGO-DNG-00605,2024-07-26,2024,30,Irisan,26,M,Dengue without Warning Signs,Recovered
BGO-DNG-00606,2024-07-26,2024,30,Loakan Proper,30,M,Dengue without Warning Signs,Recovered
BGO-DNG-00607,2024-07-26,2024,30,Irisan,5,F,Dengue with Warning Signs,Recovered
BGO-DNG-00608,2024-07-27,2024,30,Bakakeng Central,33,F,Dengue without Warning Signs,Recovered
BGO-DNG-00609,2024-07-27,2024,30,Bakakeng Central,34,M,Dengue without Warning Signs,Recovered
BGO-DNG-00610,2024-07-27,2024,30,Gibraltar,26,F,Dengue with Warning Signs,Recovered
BGO-DNG-00611,2024-07-27,2024,30,Irisan,21,F,Dengue without Warning Signs,Recovered
BGO-DNG-00612,2024-07-27,2024,30,Fairview,42,F,Dengue without Warning Signs,Recovered
BGO-DNG-00613,2024-07-27,2024,30,Fairview,15,M,Dengue with Warning Signs,Recovered
BGO-DNG-00614,2024-07-27,2024,30,Irisan,6,M,Dengue without Warning Signs,Recovered
BGO-DNG-00615,2024-07-28,2024,30,Irisan,18,M,Dengue without Warning Signs,Recovered
BGO-DNG-00616,2024-07-28,2024,30,Holy Ghost Extension,23,M,Dengue without Warning Signs,Recovered
BGO-DNG-00617,2024-07-29,2024,31,Loakan Proper,36,M,Dengue with Warning Signs,Recovered
BGO-DNG-00618,2024-07-29,2024,31,San Luis Village,18,M,Dengue with Warning Signs,Recovered
BGO-DNG-00619,2024-07-29,2024,31,Bakakeng Central,38,F,Dengue without Warning Signs,Recovered
BGO-DNG-00620,2024-07-29,2024,31,Bakakeng Central,7,M,Dengue with Warning Signs,Recovered
BGO-DNG-00621,2024-07-29,2024,31,Bakakeng Central,28,F,Dengue without Warning Signs,Recovered
BGO-DNG-00622,2024-07-29,2024,31,Loakan Proper,28,F,Dengue without Warning Signs,Recovered
BGO-DNG-00623,2024-07-30,2024,31,Camp 7,30,F,Dengue without Warning Signs,Recovered
BGO-DNG-00624,2024-07-30,2024,31,Pinsao Proper,23,M,Dengue without Warning Signs,Recovered
BGO-DNG-00625,2024-07-30,2024,31,Loakan Proper,21,F,Dengue without Warning Signs,Recovered
BGO-DNG-00626,2024-07-31,2024,31,San Luis Village,23,M,Dengue with Warning Signs,Recovered
BGO-DNG-00627,2024-07-31,2024,31,Camp 7,11,F,Dengue without Warning Signs,Active
BGO-DNG-00628,2024-07-31,2024,31,Irisan,35,M,Dengue without Warning Signs,Recovered
BGO-DNG-00629,2024-07-31,2024,31,Sto. Tomas Proper,11,M,Dengue without Warning Signs,Recovered
BGO-DNG-00630,2024-07-31,2024,31,Pinsao Proper,1,M,Dengue without Warning Signs,Recovered
BGO-DNG-00631,2024-07-31,2024,31,Loakan Proper,22,M,Severe Dengue,Recovered
BGO-DNG-00632,2024-08-01,2024,31,Camp 7,23,F,Dengue without Warning Signs,Recovered
BGO-DNG-00633,2024-08-01,2024,31,Bakakeng Central,22,F,Dengue without Warning Signs,Recovered
BGO-DNG-00634,2024-08-01,2024,31,Aurora Hill Proper,15,F,Dengue with Warning Signs,Recovered
BGO-DNG-00635,2024-08-02,2024,31,Asin Road,30,F,Severe Dengue,Recovered
BGO-DNG-00636,2024-08-02,2024,31,Irisan,24,F,Dengue without Warning Signs,Recovered
BGO-DNG-00637,2024-08-03,2024,31,Irisan,20,M,Dengue with Warning Signs,Recovered
BGO-DNG-00638,2024-08-03,2024,31,Irisan,21,F,Dengue without Warning Signs,Recovered
BGO-DNG-00639,2024-08-03,2024,31,Irisan,1,F,Dengue without Warning Signs,Recovered
BGO-DNG-00640,2024-08-03,2024,31,Irisan,36,F,Dengue without Warning Signs,Recovered
BGO-DNG-00641,2024-08-03,2024,31,Irisan,3,F,Dengue without Warning Signs,Recovered
BGO-DNG-00642,2024-08-03,2024,31,Irisan,13,F,Dengue without Warning Signs,Recovered
BGO-DNG-00643,2024-08-03,2024,31,Camp 7,26,F,Dengue without Warning Signs,Recovered
BGO-DNG-00644,2024-08-03,2024,31,Bakakeng Central,40,M,Dengue without Warning Signs,Recovered
BGO-DNG-00645,2024-08-03,2024,31,Bakakeng Central,16,M,Dengue with Warning Signs,Recovered
BGO-DNG-00646,2024-08-04,2024,31,Quezon Hill Proper,9,M,Dengue without Warning Signs,Recovered
BGO-DNG-00647,2024-08-04,2024,31,Irisan,15,F,Dengue without Warning Signs,Recovered
BGO-DNG-00648,2024-08-04,2024,31,Irisan,35,F,Dengue without Warning Signs,Recovered
BGO-DNG-00649,2024-08-04,2024,31,Irisan,16,F,Dengue without Warning Signs,Recovered
BGO-DNG-00650,2024-08-04,2024,31,Gibraltar,26,F,Dengue without Warning Signs,Recovered
BGO-DNG-00651,2024-08-04,2024,31,Irisan,21,F,Severe Dengue,Recovered
BGO-DNG-00652,2024-08-04,2024,31,Loakan Proper,29,M,Dengue without Warning Signs,Recovered
BGO-DNG-00653,2024-08-04,2024,31,Irisan,18,F,Dengue without Warning Signs,Recovered
BGO-DNG-00654,2024-08-04,2024,31,Kias,35,F,Dengue without Warning Signs,Recovered
BGO-DNG-00655,2024-08-05,2024,32,Bakakeng Central,12,F,Dengue without Warning Signs,Recovered
BGO-DNG-00656,2024-08-05,2024,32,Irisan,5,M,Dengue without Warning Signs,Recovered
BGO-DNG-00657,2024-08-05,2024,32,Irisan,34,F,Dengue without Warning Signs,Recovered
BGO-DNG-00658,2024-08-05,2024,32,Holy Ghost Extension,39,M,Dengue without Warning Signs,Recovered
BGO-DNG-00659,2024-08-05,2024,32,Bakakeng Central,15,F,Dengue with Warning Signs,Recovered
BGO-DNG-00660,2024-08-05,2024,32,Loakan Proper,36,M,Dengue without Warning Signs,Recovered
BGO-DNG-00661,2024-08-05,2024,32,Irisan,50,F,Dengue without Warning Signs,Recovered
BGO-DNG-00662,2024-08-06,2024,32,Fairview,14,F,Dengue without Warning Signs,Recovered
BGO-DNG-00663,2024-08-06,2024,32,Irisan,8,M,Dengue without Warning Signs,Recovered
BGO-DNG-00664,2024-08-06,2024,32,Loakan Proper,13,F,Dengue without Warning Signs,Recovered
BGO-DNG-00665,2024-08-06,2024,32,Gibraltar,31,F,Dengue without Warning Signs,Recovered
BGO-DNG-00666,2024-08-06,2024,32,Camp 7,25,M,Dengue with Warning Signs,Recovered
BGO-DNG-00667,2024-08-06,2024,32,Pinsao Proper,12,M,Dengue without Warning Signs,Recovered
BGO-DNG-00668,2024-08-06,2024,32,Kias,1,M,Dengue without Warning Signs,Recovered
BGO-DNG-00669,2024-08-07,2024,32,Asin Road,20,F,Dengue without Warning Signs,Recovered
BGO-DNG-00670,2024-08-07,2024,32,Irisan,25,M,Dengue without Warning Signs,Recovered
BGO-DNG-00671,2024-08-07,2024,32,Asin Road,6,M,Dengue without Warning Signs,Recovered
BGO-DNG-00672,2024-08-07,2024,32,Irisan,1,F,Dengue without Warning Signs,Recovered
BGO-DNG-00673,2024-08-07,2024,32,Pinsao Proper,25,F,Dengue without Warning Signs,Recovered
BGO-DNG-00674,2024-08-07,2024,32,Irisan,37,M,Dengue without Warning Signs,Recovered
BGO-DNG-00675,2024-08-07,2024,32,Irisan,31,M,Dengue with Warning Signs,Recovered
BGO-DNG-00676,2024-08-07,2024,32,Camp 7,17,F,Dengue without Warning Signs,Recovered
BGO-DNG-00677,2024-08-08,2024,32,Aurora Hill Proper,24,M,Dengue with Warning Signs,Recovered
BGO-DNG-00678,2024-08-08,2024,32,Irisan,5,M,Dengue without Warning Signs,Active
BGO-DNG-00679,2024-08-08,2024,32,Loakan Proper,35,F,Dengue without Warning Signs,Recovered
BGO-DNG-00680,2024-08-09,2024,32,Irisan,21,F,Dengue without Warning Signs,Recovered
BGO-DNG-00681,2024-08-09,2024,32,Bakakeng Central,10,M,Dengue without Warning Signs,Recovered
BGO-DNG-00682,2024-08-09,2024,32,Dominican-Mirador,28,M,Dengue without Warning Signs,Recovered
BGO-DNG-00683,2024-08-09,2024,32,Irisan,35,M,Dengue without Warning Signs,Recovered
BGO-DNG-00684,2024-08-09,2024,32,Irisan,25,M,Dengue without Warning Signs,Recovered
BGO-DNG-00685,2024-08-10,2024,32,Asin Road,13,F,Dengue without Warning Signs,Recovered
BGO-DNG-00686,2024-08-10,2024,32,Bakakeng Central,51,M,Dengue with Warning Signs,Recovered
BGO-DNG-00687,2024-08-10,2024,32,Irisan,26,M,Dengue without Warning Signs,Recovered
BGO-DNG-00688,2024-08-10,2024,32,Sto. Tomas Proper,14,F,Dengue without Warning Signs,Recovered
BGO-DNG-00689,2024-08-10,2024,32,Irisan,26,F,Dengue without Warning Signs,Recovered
BGO-DNG-00690,2024-08-11,2024,32,Irisan,15,F,Dengue with Warning Signs,Recovered
BGO-DNG-00691,2024-08-11,2024,32,Irisan,2,M,Severe Dengue,Recovered
BGO-DNG-00692,2024-08-11,2024,32,Bakakeng Central,6,F,Dengue with Warning Signs,Recovered
BGO-DNG-00693,2024-08-11,2024,32,Camp 7,32,M,Dengue without Warning Signs,Recovered
BGO-DNG-00694,2024-08-12,2024,33,Camp 7,3,M,Dengue without Warning Signs,Recovered
BGO-DNG-00695,2024-08-12,2024,33,Gibraltar,24,F,Dengue without Warning Signs,Recovered
BGO-DNG-00696,2024-08-12,2024,33,Irisan,25,F,Dengue without Warning Signs,Recovered
BGO-DNG-00697,2024-08-12,2024,33,Camp 7,24,M,Dengue without Warning Signs,Recovered
BGO-DNG-00698,2024-08-13,2024,33,Camp 7,51,M,Dengue without Warning Signs,Recovered
BGO-DNG-00699,2024-08-13,2024,33,Irisan,27,M,Dengue without Warning Signs,Recovered
BGO-DNG-00700,2024-08-13,2024,33,Irisan,16,M,Dengue without Warning Signs,Recovered
BGO-DNG-00701,2024-08-14,2024,33,Irisan,39,M,Dengue without Warning Signs,Recovered
BGO-DNG-00702,2024-08-14,2024,33,Irisan,20,F,Dengue without Warning Signs,Recovered
BGO-DNG-00703,2024-08-14,2024,33,Irisan,22,F,Dengue without Warning Signs,Recovered
BGO-DNG-00704,2024-08-14,2024,33,Bakakeng North,26,F,Dengue without Warning Signs,Recovered
BGO-DNG-00705,2024-08-14,2024,33,Irisan,19,F,Dengue without Warning Signs,Recovered
BGO-DNG-00706,2024-08-14,2024,33,Dominican-Mirador,10,M,Dengue without Warning Signs,Recovered
BGO-DNG-00707,2024-08-14,2024,33,Ambiong,13,F,Dengue without Warning Signs,Recovered
BGO-DNG-00708,2024-08-15,2024,33,Bakakeng Central,27,F,Dengue without Warning Signs,Recovered
BGO-DNG-00709,2024-08-15,2024,33,Bakakeng Central,11,F,Dengue without Warning Signs,Recovered
BGO-DNG-00710,2024-08-15,2024,33,Ambiong,19,M,Dengue with Warning Signs,Recovered
BGO-DNG-00711,2024-08-15,2024,33,Camp 7,9,F,Severe Dengue,Recovered
BGO-DNG-00712,2024-08-15,2024,33,Irisan,44,M,Dengue with Warning Signs,Recovered
BGO-DNG-00713,2024-08-15,2024,33,Irisan,1,F,Dengue without Warning Signs,Recovered
BGO-DNG-00714,2024-08-15,2024,33,Camp 7,31,M,Dengue without Warning Signs,Recovered
BGO-DNG-00715,2024-08-15,2024,33,Balsigan,17,M,Dengue with Warning Signs,Recovered
BGO-DNG-00716,2024-08-16,2024,33,Aurora Hill Proper,11,M,Dengue without Warning Signs,Recovered
BGO-DNG-00717,2024-08-16,2024,33,Pinsao Proper,23,F,Dengue without Warning Signs,Recovered
BGO-DNG-00718,2024-08-16,2024,33,Bakakeng Central,8,M,Dengue without Warning Signs,Recovered
BGO-DNG-00719,2024-08-16,2024,33,Aurora Hill Proper,35,M,Dengue without Warning Signs,Recovered
BGO-DNG-00720,2024-08-16,2024,33,Irisan,21,M,Dengue with Warning Signs,Recovered
BGO-DNG-00721,2024-08-16,2024,33,Irisan,12,F,Dengue without Warning Signs,Recovered
BGO-DNG-00722,2024-08-16,2024,33,Irisan,10,M,Dengue without Warning Signs,Recovered
BGO-DNG-00723,2024-08-16,2024,33,San Vicente,11,F,Dengue without Warning Signs,Recovered
BGO-DNG-00724,2024-08-17,2024,33,Bakakeng Central,7,F,Dengue without Warning Signs,Recovered
BGO-DNG-00725,2024-08-17,2024,33,Cabinet Hill-Teachers Camp,21,M,Dengue without Warning Signs,Recovered
BGO-DNG-00726,2024-08-17,2024,33,Pinsao Proper,24,F,Dengue without Warning Signs,Recovered
BGO-DNG-00727,2024-08-17,2024,33,Pacdal,8,F,Dengue with Warning Signs,Recovered
BGO-DNG-00728,2024-08-17,2024,33,Pinsao Proper,8,M,Dengue without Warning Signs,Recovered
BGO-DNG-00729,2024-08-17,2024,33,Irisan,19,M,Dengue with Warning Signs,Recovered
BGO-DNG-00730,2024-08-18,2024,33,Irisan,13,F,Dengue without Warning Signs,Died
BGO-DNG-00731,2024-08-18,2024,33,San Luis Village,5,M,Dengue without Warning Signs,Recovered
BGO-DNG-00732,2024-08-18,2024,33,Irisan,41,F,Dengue without Warning Signs,Recovered
BGO-DNG-00733,2024-08-18,2024,33,Irisan,32,M,Dengue with Warning Signs,Recovered
BGO-DNG-00734,2024-08-18,2024,33,Irisan,1,F,Dengue without Warning Signs,Recovered
BGO-DNG-00735,2024-08-18,2024,33,Camp 7,34,F,Dengue without Warning Signs,Active
BGO-DNG-00736,2024-08-18,2024,33,Irisan,24,F,Dengue without Warning Signs,Recovered
BGO-DNG-00737,2024-08-18,2024,33,Loakan Proper,5,F,Dengue without Warning Signs,Recovered
BGO-DNG-00738,2024-08-19,2024,34,Irisan,29,M,Dengue without Warning Signs,Recovered
BGO-DNG-00739,2024-08-19,2024,34,Irisan,1,F,Dengue without Warning Signs,Recovered
BGO-DNG-00740,2024-08-19,2024,34,Irisan,1,M,Dengue without Warning Signs,Recovered
BGO-DNG-00741,2024-08-20,2024,34,Camp 7,31,M,Dengue without Warning Signs,Recovered
BGO-DNG-00742,2024-08-20,2024,34,Bakakeng Central,11,F,Dengue without Warning Signs,Recovered
BGO-DNG-00743,2024-08-20,2024,34,Asin Road,25,M,Dengue without Warning Signs,Recovered
BGO-DNG-00744,2024-08-20,2024,34,Irisan,13,F,Dengue without Warning Signs,Recovered
BGO-DNG-00745,2024-08-20,2024,34,Bakakeng Central,11,M,Dengue without Warning Signs,Recovered
BGO-DNG-00746,2024-08-20,2024,34,Irisan,27,F,Dengue without Warning Signs,Recovered
BGO-DNG-00747,2024-08-20,2024,34,Irisan,21,F,Dengue without Warning Signs,Recovered
BGO-DNG-00748,2024-08-21,2024,34,Irisan,17,M,Dengue without Warning Signs,Recovered
BGO-DNG-00749,2024-08-21,2024,34,Gibraltar,20,F,Dengue without Warning Signs,Recovered
BGO-DNG-00750,2024-08-21,2024,34,Kias,45,M,Dengue without Warning Signs,Recovered
BGO-DNG-00751,2024-08-21,2024,34,Irisan,30,F,Dengue without Warning Signs,Recovered
BGO-DNG-00752,2024-08-21,2024,34,Irisan,38,M,Dengue without Warning Signs,Recovered
BGO-DNG-00753,2024-08-21,2024,34,Dominican-Mirador,19,F,Dengue with Warning Signs,Recovered
BGO-DNG-00754,2024-08-21,2024,34,Irisan,39,M,Dengue with Warning Signs,Recovered
BGO-DNG-00755,2024-08-22,2024,34,Asin Road,26,F,Dengue with Warning Signs,Recovered
BGO-DNG-00756,2024-08-22,2024,34,Irisan,22,M,Dengue without Warning Signs,Recovered
BGO-DNG-00757,2024-08-22,2024,34,Bakakeng Central,39,M,Dengue without Warning Signs,Recovered
BGO-DNG-00758,2024-08-22,2024,34,Pacdal,7,M,Dengue without Warning Signs,Recovered
BGO-DNG-00759,2024-08-23,2024,34,Irisan,28,M,Dengue with Warning Signs,Recovered
BGO-DNG-00760,2024-08-23,2024,34,Camp 7,18,F,Dengue without Warning Signs,Recovered
BGO-DNG-00761,2024-08-23,2024,34,Irisan,32,F,Dengue without Warning Signs,Recovered
BGO-DNG-00762,2024-08-23,2024,34,San Luis Village,14,F,Dengue with Warning Signs,Recovered
BGO-DNG-00763,2024-08-23,2024,34,Bakakeng Central,5,F,Dengue with Warning Signs,Recovered
BGO-DNG-00764,2024-08-24,2024,34,Bakakeng Central,8,F,Dengue without Warning Signs,Recovered
BGO-DNG-00765,2024-08-24,2024,34,Bakakeng Central,7,F,Dengue without Warning Signs,Recovered
BGO-DNG-00766,2024-08-24,2024,34,Irisan,1,F,Dengue without Warning Signs,Recovered
BGO-DNG-00767,2024-08-24,2024,34,Camp 7,8,F,Dengue with Warning Signs,Recovered
BGO-DNG-00768,2024-08-24,2024,34,Loakan Proper,9,F,Dengue without Warning Signs,Recovered
BGO-DNG-00769,2024-08-24,2024,34,Camp 7,17,M,Dengue without Warning Signs,Recovered
BGO-DNG-00770,2024-08-24,2024,34,Dominican-Mirador,38,F,Dengue without Warning Signs,Recovered
BGO-DNG-00771,2024-08-25,2024,34,Loakan Proper,33,M,Dengue without Warning Signs,Recovered
BGO-DNG-00772,2024-08-25,2024,34,Bakakeng Central,12,M,Dengue without Warning Signs,Recovered
BGO-DNG-00773,2024-08-25,2024,34,Irisan,17,M,Dengue without Warning Signs,Recovered
BGO-DNG-00774,2024-08-25,2024,34,Pinsao Proper,8,F,Dengue with Warning Signs,Recovered
BGO-DNG-00775,2024-08-25,2024,34,Pinsao Proper,50,M,Dengue with Warning Signs,Recovered
BGO-DNG-00776,2024-08-25,2024,34,Bakakeng North,40,M,Dengue without Warning Signs,Recovered
BGO-DNG-00777,2024-08-26,2024,35,Irisan,22,M,Dengue without Warning Signs,Recovered
BGO-DNG-00778,2024-08-26,2024,35,Irisan,4,M,Dengue with Warning Signs,Recovered
BGO-DNG-00779,2024-08-26,2024,35,Irisan,1,F,Dengue without Warning Signs,Recovered
BGO-DNG-00780,2024-08-26,2024,35,Irisan,9,M,Dengue without Warning Signs,Recovered
BGO-DNG-00781,2024-08-26,2024,35,Sto. Tomas Proper,16,F,Dengue without Warning Signs,Recovered
BGO-DNG-00782,2024-08-26,2024,35,Camp 7,16,M,Dengue without Warning Signs,Recovered
BGO-DNG-00783,2024-08-27,2024,35,Sto. Tomas Proper,26,F,Dengue without Warning Signs,Recovered
BGO-DNG-00784,2024-08-27,2024,35,Irisan,43,M,Dengue without Warning Signs,Recovered
BGO-DNG-00785,2024-08-27,2024,35,Irisan,15,F,Dengue without Warning Signs,Recovered
BGO-DNG-00786,2024-08-27,2024,35,Holy Ghost Extension,15,F,Dengue without Warning Signs,Recovered
BGO-DNG-00787,2024-08-27,2024,35,Irisan,18,M,Dengue without Warning Signs,Recovered
BGO-DNG-00788,2024-08-28,2024,35,Kias,20,M,Dengue without Warning Signs,Recovered
BGO-DNG-00789,2024-08-28,2024,35,Irisan,28,F,Dengue without Warning Signs,Recovered
BGO-DNG-00790,2024-08-28,2024,35,Loakan Proper,31,M,Dengue without Warning Signs,Recovered
BGO-DNG-00791,2024-08-28,2024,35,San Luis Village,27,M,Dengue without Warning Signs,Recovered
BGO-DNG-00792,2024-08-28,2024,35,Camp 7,13,M,Dengue without Warning Signs,Recovered
BGO-DNG-00793,2024-08-29,2024,35,Sto. Tomas Proper,18,M,Dengue without Warning Signs,Recovered
BGO-DNG-00794,2024-08-29,2024,35,Holy Ghost Extension,39,M,Dengue without Warning Signs,Recovered
BGO-DNG-00795,2024-08-29,2024,35,Irisan,44,M,Dengue without Warning Signs,Recovered
BGO-DNG-00796,2024-08-29,2024,35,Kias,2,F,Dengue with Warning Signs,Recovered
BGO-DNG-00797,2024-08-30,2024,35,Dominican-Mirador,15,M,Dengue without Warning Signs,Recovered
BGO-DNG-00798,2024-08-30,2024,35,Irisan,24,F,Dengue with Warning Signs,Recovered
BGO-DNG-00799,2024-08-30,2024,35,Irisan,27,M,Dengue without Warning Signs,Recovered
BGO-DNG-00800,2024-08-30,2024,35,Irisan,22,F,Dengue with Warning Signs,Recovered
BGO-DNG-00801,2024-08-30,2024,35,Fairview,17,F,Dengue without Warning Signs,Recovered
BGO-DNG-00802,2024-08-30,2024,35,Asin Road,17,M,Dengue without Warning Signs,Recovered
BGO-DNG-00803,2024-08-31,2024,35,Irisan,18,M,Dengue without Warning Signs,Recovered
BGO-DNG-00804,2024-08-31,2024,35,Irisan,12,F,Dengue without Warning Signs,Recovered
BGO-DNG-00805,2024-08-31,2024,35,Irisan,13,M,Dengue with Warning Signs,Recovered
BGO-DNG-00806,2024-08-31,2024,35,Pacdal,18,M,Dengue with Warning Signs,Recovered
BGO-DNG-00807,2024-08-31,2024,35,Loakan Proper,26,F,Dengue without Warning Signs,Recovered
BGO-DNG-00808,2024-08-31,2024,35,Irisan,5,F,Dengue with Warning Signs,Recovered
BGO-DNG-00809,2024-08-31,2024,35,Irisan,20,F,Dengue without Warning Signs,Recovered
BGO-DNG-00810,2024-08-31,2024,35,Camp 7,29,F,Dengue without Warning Signs,Recovered
BGO-DNG-00811,2024-09-01,2024,35,Quezon Hill Proper,9,M,Dengue without Warning Signs,Recovered
BGO-DNG-00812,2024-09-01,2024,35,Irisan,29,F,Dengue with Warning Signs,Recovered
BGO-DNG-00813,2024-09-01,2024,35,Loakan Proper,37,F,Dengue without Warning Signs,Recovered
BGO-DNG-00814,2024-09-01,2024,35,Irisan,34,F,Dengue without Warning Signs,Recovered
BGO-DNG-00815,2024-09-02,2024,36,Asin Road,4,M,Dengue with Warning Signs,Recovered
BGO-DNG-00816,2024-09-02,2024,36,Bakakeng Central,32,M,Dengue without Warning Signs,Recovered
BGO-DNG-00817,2024-09-02,2024,36,Irisan,39,F,Dengue with Warning Signs,Recovered
BGO-DNG-00818,2024-09-02,2024,36,Irisan,22,M,Dengue without Warning Signs,Recovered
BGO-DNG-00819,2024-09-02,2024,36,Camp 7,23,F,Dengue with Warning Signs,Recovered
BGO-DNG-00820,2024-09-02,2024,36,Irisan,27,M,Dengue without Warning Signs,Recovered
BGO-DNG-00821,2024-09-02,2024,36,Sto. Tomas Proper,24,F,Dengue without Warning Signs,Recovered
BGO-DNG-00822,2024-09-02,2024,36,Asin Road,1,F,Dengue without Warning Signs,Recovered
BGO-DNG-00823,2024-09-02,2024,36,Sto. Tomas Proper,32,F,Dengue without Warning Signs,Recovered
BGO-DNG-00824,2024-09-02,2024,36,Loakan Proper,30,F,Dengue without Warning Signs,Recovered
BGO-DNG-00825,2024-09-03,2024,36,Balsigan,11,F,Dengue without Warning Signs,Recovered
BGO-DNG-00826,2024-09-03,2024,36,Irisan,15,M,Dengue without Warning Signs,Recovered
BGO-DNG-00827,2024-09-03,2024,36,Bakakeng Central,13,M,Dengue without Warning Signs,Recovered
BGO-DNG-00828,2024-09-03,2024,36,Irisan,15,F,Dengue with Warning Signs,Recovered
BGO-DNG-00829,2024-09-03,2024,36,Sto. Tomas Proper,45,F,Dengue without Warning Signs,Recovered
BGO-DNG-00830,2024-09-03,2024,36,Irisan,31,F,Dengue without Warning Signs,Recovered
BGO-DNG-00831,2024-09-03,2024,36,Magsaysay Private,21,M,Dengue without Warning Signs,Recovered
BGO-DNG-00832,2024-09-03,2024,36,Irisan,18,M,Dengue without Warning Signs,Recovered
BGO-DNG-00833,2024-09-04,2024,36,Ambiong,44,M,Dengue without Warning Signs,Recovered
BGO-DNG-00834,2024-09-04,2024,36,Quezon Hill Proper,28,M,Dengue without Warning Signs,Recovered
BGO-DNG-00835,2024-09-04,2024,36,Pinsao Proper,1,F,Dengue without Warning Signs,Recovered
BGO-DNG-00836,2024-09-04,2024,36,Irisan,35,M,Dengue without Warning Signs,Recovered
BGO-DNG-00837,2024-09-04,2024,36,Bakakeng Central,18,M,Dengue without Warning Signs,Recovered
BGO-DNG-00838,2024-09-04,2024,36,Camp 7,7,F,Dengue with Warning Signs,Recovered
BGO-DNG-00839,2024-09-04,2024,36,Irisan,22,M,Dengue without Warning Signs,Recovered
BGO-DNG-00840,2024-09-05,2024,36,Cabinet Hill-Teachers Camp,27,M,Dengue with Warning Signs,Recovered
BGO-DNG-00841,2024-09-05,2024,36,Irisan,29,F,Dengue with Warning Signs,Recovered
BGO-DNG-00842,2024-09-05,2024,36,Irisan,18,M,Dengue without Warning Signs,Recovered
BGO-DNG-00843,2024-09-05,2024,36,Kias,3,F,Dengue without Warning Signs,Recovered
BGO-DNG-00844,2024-09-05,2024,36,Bakakeng Central,2,M,Dengue with Warning Signs,Recovered
BGO-DNG-00845,2024-09-05,2024,36,Irisan,8,M,Dengue without Warning Signs,Recovered
BGO-DNG-00846,2024-09-06,2024,36,Irisan,35,F,Dengue without Warning Signs,Recovered
BGO-DNG-00847,2024-09-06,2024,36,Irisan,21,F,Dengue without Warning Signs,Recovered
BGO-DNG-00848,2024-09-06,2024,36,Dominican-Mirador,3,F,Dengue with Warning Signs,Recovered
BGO-DNG-00849,2024-09-06,2024,36,Irisan,23,M,Dengue without Warning Signs,Recovered
BGO-DNG-00850,2024-09-06,2024,36,Pinsao Proper,29,M,Dengue with Warning Signs,Recovered
BGO-DNG-00851,2024-09-06,2024,36,Irisan,35,F,Dengue without Warning Signs,Recovered
BGO-DNG-00852,2024-09-07,2024,36,Irisan,1,F,Dengue without Warning Signs,Recovered
BGO-DNG-00853,2024-09-07,2024,36,Asin Road,7,F,Dengue with Warning Signs,Recovered
BGO-DNG-00854,2024-09-08,2024,36,Bakakeng Central,17,F,Dengue without Warning Signs,Recovered
BGO-DNG-00855,2024-09-08,2024,36,Irisan,9,F,Dengue without Warning Signs,Recovered
BGO-DNG-00856,2024-09-08,2024,36,Bakakeng Central,16,F,Dengue without Warning Signs,Recovered
BGO-DNG-00857,2024-09-08,2024,36,Aurora Hill Proper,26,M,Dengue without Warning Signs,Recovered
BGO-DNG-00858,2024-09-09,2024,37,Irisan,17,M,Dengue without Warning Signs,Recovered
BGO-DNG-00859,2024-09-09,2024,37,Irisan,25,M,Dengue without Warning Signs,Recovered
BGO-DNG-00860,2024-09-09,2024,37,Asin Road,28,M,Dengue without Warning Signs,Recovered
BGO-DNG-00861,2024-09-10,2024,37,Camp 7,39,F,Dengue without Warning Signs,Recovered
BGO-DNG-00862,2024-09-10,2024,37,Aurora Hill Proper,5,F,Dengue without Warning Signs,Recovered
BGO-DNG-00863,2024-09-10,2024,37,Irisan,32,M,Dengue without Warning Signs,Recovered
BGO-DNG-00864,2024-09-10,2024,37,Irisan,16,F,Dengue with Warning Signs,Recovered
BGO-DNG-00865,2024-09-10,2024,37,Pinsao Proper,34,M,Dengue without Warning Signs,Recovered
BGO-DNG-00866,2024-09-10,2024,37,Sto. Tomas Proper,11,F,Dengue with Warning Signs,Recovered
BGO-DNG-00867,2024-09-10,2024,37,Sto. Tomas Proper,21,F,Dengue without Warning Signs,Recovered
BGO-DNG-00868,2024-09-10,2024,37,Irisan,35,M,Dengue without Warning Signs,Recovered
BGO-DNG-00869,2024-09-10,2024,37,Irisan,15,M,Dengue without Warning Signs,Recovered
BGO-DNG-00870,2024-09-10,2024,37,Gibraltar,31,F,Severe Dengue,Recovered
BGO-DNG-00871,2024-09-11,2024,37,Irisan,53,M,Dengue without Warning Signs,Recovered
BGO-DNG-00872,2024-09-11,2024,37,Irisan,19,F,Dengue without Warning Signs,Recovered
BGO-DNG-00873,2024-09-11,2024,37,Irisan,1,M,Dengue without Warning Signs,Recovered
BGO-DNG-00874,2024-09-11,2024,37,Irisan,1,F,Dengue without Warning Signs,Recovered
BGO-DNG-00875,2024-09-11,2024,37,Magsaysay Private,19,F,Severe Dengue,Recovered
BGO-DNG-00876,2024-09-12,2024,37,Bakakeng North,16,F,Dengue without Warning Signs,Recovered
BGO-DNG-00877,2024-09-12,2024,37,Irisan,36,F,Dengue without Warning Signs,Recovered
BGO-DNG-00878,2024-09-12,2024,37,Irisan,5,F,Dengue without Warning Signs,Recovered
BGO-DNG-00879,2024-09-12,2024,37,Asin Road,32,F,Dengue with Warning Signs,Recovered
BGO-DNG-00880,2024-09-12,2024,37,Dominican-Mirador,27,F,Dengue without Warning Signs,Recovered
BGO-DNG-00881,2024-09-12,2024,37,Irisan,30,M,Dengue without Warning Signs,Recovered
BGO-DNG-00882,2024-09-13,2024,37,Irisan,29,M,Dengue without Warning Signs,Recovered
BGO-DNG-00883,2024-09-13,2024,37,Pinsao Proper,29,F,Severe Dengue,Recovered
BGO-DNG-00884,2024-09-14,2024,37,Irisan,9,F,Dengue with Warning Signs,Recovered
BGO-DNG-00885,2024-09-14,2024,37,Irisan,44,M,Dengue without Warning Signs,Recovered
BGO-DNG-00886,2024-09-14,2024,37,Loakan Proper,1,F,Dengue with Warning Signs,Recovered
BGO-DNG-00887,2024-09-14,2024,37,Aurora Hill Proper,24,F,Dengue with Warning Signs,Recovered
BGO-DNG-00888,2024-09-14,2024,37,Bakakeng Central,20,F,Dengue with Warning Signs,Recovered
BGO-DNG-00889,2024-09-14,2024,37,Irisan,20,F,Dengue without Warning Signs,Recovered
BGO-DNG-00890,2024-09-14,2024,37,Irisan,47,M,Dengue with Warning Signs,Recovered
BGO-DNG-00891,2024-09-14,2024,37,Loakan Proper,17,F,Dengue with Warning Signs,Recovered
BGO-DNG-00892,2024-09-14,2024,37,Cabinet Hill-Teachers Camp,22,F,Dengue without Warning Signs,Recovered
BGO-DNG-00893,2024-09-14,2024,37,Irisan,24,F,Dengue without Warning Signs,Recovered
BGO-DNG-00894,2024-09-14,2024,37,Sto. Tomas Proper,4,F,Dengue without Warning Signs,Recovered
BGO-DNG-00895,2024-09-14,2024,37,Irisan,17,F,Dengue without Warning Signs,Recovered
BGO-DNG-00896,2024-09-15,2024,37,Irisan,23,F,Dengue without Warning Signs,Recovered
BGO-DNG-00897,2024-09-15,2024,37,Aurora Hill Proper,4,M,Dengue without Warning Signs,Recovered
BGO-DNG-00898,2024-09-15,2024,37,Irisan,41,M,Dengue with Warning Signs,Recovered
BGO-DNG-00899,2024-09-15,2024,37,Magsaysay Private,9,M,Dengue without Warning Signs,Recovered
BGO-DNG-00900,2024-09-15,2024,37,Camp 7,11,F,Dengue without Warning Signs,Recovered
BGO-DNG-00901,2024-09-15,2024,37,Dominican-Mirador,9,M,Dengue without Warning Signs,Recovered
BGO-DNG-00902,2024-09-15,2024,37,Dominican-Mirador,17,M,Dengue with Warning Signs,Recovered
BGO-DNG-00903,2024-09-16,2024,38,Camp 7,35,F,Severe Dengue,Recovered
BGO-DNG-00904,2024-09-16,2024,38,Bakakeng Central,13,M,Dengue without Warning Signs,Recovered
BGO-DNG-00905,2024-09-16,2024,38,San Luis Village,38,M,Dengue without Warning Signs,Recovered
BGO-DNG-00906,2024-09-16,2024,38,Fairview,42,M,Dengue without Warning Signs,Recovered
BGO-DNG-00907,2024-09-16,2024,38,Irisan,25,M,Dengue without Warning Signs,Recovered
BGO-DNG-00908,2024-09-17,2024,38,Irisan,35,M,Dengue without Warning Signs,Recovered
BGO-DNG-00909,2024-09-17,2024,38,Aurora Hill Proper,21,F,Dengue without Warning Signs,Recovered
BGO-DNG-00910,2024-09-17,2024,38,Irisan,9,M,Dengue without Warning Signs,Recovered
BGO-DNG-00911,2024-09-18,2024,38,Irisan,29,F,Dengue without Warning Signs,Recovered
BGO-DNG-00912,2024-09-18,2024,38,Quezon Hill Proper,14,M,Dengue without Warning Signs,Recovered
BGO-DNG-00913,2024-09-18,2024,38,Bakakeng Central,18,M,Dengue with Warning Signs,Recovered
BGO-DNG-00914,2024-09-18,2024,38,Irisan,18,F,Dengue with Warning Signs,Recovered
BGO-DNG-00915,2024-09-18,2024,38,Irisan,37,M,Dengue without Warning Signs,Recovered
BGO-DNG-00916,2024-09-18,2024,38,Pinsao Proper,40,F,Severe Dengue,Recovered
BGO-DNG-00917,2024-09-18,2024,38,Pinsao Proper,48,F,Dengue without Warning Signs,Recovered
BGO-DNG-00918,2024-09-19,2024,38,Irisan,9,M,Dengue without Warning Signs,Recovered
BGO-DNG-00919,2024-09-19,2024,38,Irisan,34,F,Dengue without Warning Signs,Recovered
BGO-DNG-00920,2024-09-19,2024,38,Irisan,8,M,Dengue without Warning Signs,Recovered
BGO-DNG-00921,2024-09-19,2024,38,Sto. Tomas Proper,16,M,Dengue without Warning Signs,Recovered
BGO-DNG-00922,2024-09-19,2024,38,Pacdal,14,M,Dengue without Warning Signs,Recovered
BGO-DNG-00923,2024-09-19,2024,38,Loakan Proper,10,F,Severe Dengue,Recovered
BGO-DNG-00924,2024-09-19,2024,38,Irisan,21,F,Dengue without Warning Signs,Recovered
BGO-DNG-00925,2024-09-19,2024,38,Sto. Tomas Proper,22,M,Dengue without Warning Signs,Recovered
BGO-DNG-00926,2024-09-19,2024,38,Camp 7,21,F,Dengue without Warning Signs,Recovered
BGO-DNG-00927,2024-09-20,2024,38,Irisan,23,M,Dengue without Warning Signs,Recovered
BGO-DNG-00928,2024-09-20,2024,38,Bakakeng Central,13,M,Dengue with Warning Signs,Recovered
BGO-DNG-00929,2024-09-20,2024,38,Asin Road,27,M,Dengue without Warning Signs,Recovered
BGO-DNG-00930,2024-09-20,2024,38,Asin Road,27,M,Dengue without Warning Signs,Recovered
BGO-DNG-00931,2024-09-20,2024,38,Irisan,26,F,Dengue without Warning Signs,Recovered
BGO-DNG-00932,2024-09-21,2024,38,Sto. Tomas Proper,41,F,Dengue without Warning Signs,Recovered
BGO-DNG-00933,2024-09-21,2024,38,Bakakeng Central,32,M,Dengue with Warning Signs,Recovered
BGO-DNG-00934,2024-09-21,2024,38,Aurora Hill Proper,39,F,Dengue without Warning Signs,Recovered
BGO-DNG-00935,2024-09-21,2024,38,Irisan,35,M,Dengue without Warning Signs,Recovered
BGO-DNG-00936,2024-09-22,2024,38,Loakan Proper,7,M,Dengue without Warning Signs,Recovered
BGO-DNG-00937,2024-09-22,2024,38,Irisan,8,F,Dengue with Warning Signs,Recovered
BGO-DNG-00938,2024-09-22,2024,38,Bakakeng North,17,F,Dengue with Warning Signs,Recovered
BGO-DNG-00939,2024-09-22,2024,38,Pinsao Proper,20,F,Dengue without Warning Signs,Recovered
BGO-DNG-00940,2024-09-22,2024,38,Bakakeng Central,5,F,Severe Dengue,Recovered
BGO-DNG-00941,2024-09-22,2024,38,Bakakeng Central,15,F,Dengue with Warning Signs,Recovered
BGO-DNG-00942,2024-09-23,2024,39,Bakakeng Central,38,F,Dengue without Warning Signs,Recovered
BGO-DNG-00943,2024-09-23,2024,39,San Luis Village,15,M,Dengue without Warning Signs,Recovered
BGO-DNG-00944,2024-09-23,2024,39,Pacdal,19,M,Dengue without Warning Signs,Recovered
BGO-DNG-00945,2024-09-23,2024,39,Camp 7,4,M,Dengue without Warning Signs,Recovered
BGO-DNG-00946,2024-09-24,2024,39,Lucnab,29,M,Dengue without Warning Signs,Recovered
BGO-DNG-00947,2024-09-24,2024,39,Loakan Proper,18,F,Dengue without Warning Signs,Recovered
BGO-DNG-00948,2024-09-24,2024,39,Camp 7,28,M,Dengue without Warning Signs,Recovered
BGO-DNG-00949,2024-09-24,2024,39,Irisan,13,M,Dengue with Warning Signs,Recovered
BGO-DNG-00950,2024-09-24,2024,39,Fairview,23,M,Dengue without Warning Signs,Recovered
BGO-DNG-00951,2024-09-24,2024,39,Gibraltar,17,M,Severe Dengue,Recovered
BGO-DNG-00952,2024-09-24,2024,39,Irisan,25,F,Dengue without Warning Signs,Recovered
BGO-DNG-00953,2024-09-25,2024,39,Bakakeng Central,26,M,Dengue with Warning Signs,Recovered
BGO-DNG-00954,2024-09-25,2024,39,Irisan,18,F,Dengue without Warning Signs,Recovered
BGO-DNG-00955,2024-09-25,2024,39,San Luis Village,44,F,Dengue with Warning Signs,Recovered
BGO-DNG-00956,2024-09-25,2024,39,Bakakeng Central,20,M,Dengue without Warning Signs,Recovered
BGO-DNG-00957,2024-09-25,2024,39,Irisan,13,F,Dengue without Warning Signs,Recovered
BGO-DNG-00958,2024-09-26,2024,39,Camp 7,28,F,Dengue without Warning Signs,Recovered
BGO-DNG-00959,2024-09-26,2024,39,Bakakeng Central,11,M,Dengue with Warning Signs,Recovered
BGO-DNG-00960,2024-09-26,2024,39,Sto. Tomas Proper,34,F,Dengue with Warning Signs,Recovered
BGO-DNG-00961,2024-09-26,2024,39,Cabinet Hill-Teachers Camp,18,M,Dengue without Warning Signs,Recovered
BGO-DNG-00962,2024-09-26,2024,39,Irisan,12,M,Dengue without Warning Signs,Recovered
BGO-DNG-00963,2024-09-26,2024,39,San Luis Village,23,F,Dengue without Warning Signs,Recovered
BGO-DNG-00964,2024-09-26,2024,39,Asin Road,32,F,Dengue without Warning Signs,Recovered
BGO-DNG-00965,2024-09-27,2024,39,Irisan,31,F,Dengue with Warning Signs,Recovered
BGO-DNG-00966,2024-09-27,2024,39,Irisan,26,M,Dengue without Warning Signs,Recovered
BGO-DNG-00967,2024-09-27,2024,39,Pinsao Proper,44,M,Dengue with Warning Signs,Recovered
BGO-DNG-00968,2024-09-27,2024,39,Irisan,19,F,Dengue without Warning Signs,Recovered
BGO-DNG-00969,2024-09-27,2024,39,Dominican-Mirador,19,F,Dengue with Warning Signs,Recovered
BGO-DNG-00970,2024-09-28,2024,39,Holy Ghost Extension,42,M,Dengue without Warning Signs,Recovered
BGO-DNG-00971,2024-09-28,2024,39,Aurora Hill Proper,14,F,Dengue with Warning Signs,Recovered
BGO-DNG-00972,2024-09-28,2024,39,Irisan,33,F,Dengue without Warning Signs,Recovered
BGO-DNG-00973,2024-09-28,2024,39,Bakakeng Central,33,F,Dengue with Warning Signs,Recovered
BGO-DNG-00974,2024-09-28,2024,39,Asin Road,6,M,Dengue without Warning Signs,Recovered
BGO-DNG-00975,2024-09-28,2024,39,Pacdal,30,M,Dengue without Warning Signs,Recovered
BGO-DNG-00976,2024-09-28,2024,39,Camp 7,11,M,Dengue with Warning Signs,Recovered
BGO-DNG-00977,2024-09-28,2024,39,Loakan Proper,21,F,Dengue with Warning Signs,Recovered
BGO-DNG-00978,2024-09-28,2024,39,Bakakeng North,16,M,Dengue without Warning Signs,Recovered
BGO-DNG-00979,2024-09-28,2024,39,Irisan,12,F,Dengue without Warning Signs,Recovered
BGO-DNG-00980,2024-09-29,2024,39,Irisan,12,F,Dengue with Warning Signs,Recovered
BGO-DNG-00981,2024-09-29,2024,39,Quezon Hill Proper,14,M,Dengue without Warning Signs,Recovered
BGO-DNG-00982,2024-09-29,2024,39,Irisan,25,F,Dengue without Warning Signs,Recovered
BGO-DNG-00983,2024-09-29,2024,39,Lucnab,20,F,Dengue without Warning Signs,Recovered
BGO-DNG-00984,2024-09-29,2024,39,Irisan,19,M,Dengue without Warning Signs,Recovered
BGO-DNG-00985,2024-09-29,2024,39,Camp 7,40,F,Dengue without Warning Signs,Recovered
BGO-DNG-00986,2024-09-29,2024,39,Ambiong,20,M,Dengue with Warning Signs,Recovered
BGO-DNG-00987,2024-09-29,2024,39,Quezon Hill Proper,3,M,Dengue without Warning Signs,Recovered
BGO-DNG-00988,2024-09-29,2024,39,Irisan,38,M,Dengue without Warning Signs,Recovered
BGO-DNG-00989,2024-09-30,2024,40,Irisan,20,F,Dengue without Warning Signs,Recovered
BGO-DNG-00990,2024-09-30,2024,40,Pacdal,8,F,Dengue without Warning Signs,Recovered
BGO-DNG-00991,2024-09-30,2024,40,Irisan,12,M,Dengue without Warning Signs,Recovered
BGO-DNG-00992,2024-09-30,2024,40,Irisan,13,M,Dengue without Warning Signs,Recovered
BGO-DNG-00993,2024-09-30,2024,40,Irisan,41,M,Dengue without Warning Signs,Recovered
BGO-DNG-00994,2024-09-30,2024,40,Irisan,29,M,Dengue with Warning Signs,Recovered
BGO-DNG-00995,2024-10-01,2024,40,Balsigan,29,M,Dengue without Warning Signs,Recovered
BGO-DNG-00996,2024-10-01,2024,40,Loakan Proper,32,F,Dengue without Warning Signs,Recovered
BGO-DNG-00997,2024-10-02,2024,40,Quezon Hill Proper,13,M,Dengue without Warning Signs,Recovered
BGO-DNG-00998,2024-10-02,2024,40,Irisan,20,F,Dengue with Warning Signs,Recovered
BGO-DNG-00999,2024-10-02,2024,40,Irisan,1,F,Dengue without Warning Signs,Recovered
BGO-DNG-01000,2024-10-02,2024,40,Sto. Tomas Proper,18,M,Dengue without Warning Signs,Recovered
BGO-DNG-01001,2024-10-02,2024,40,Irisan,12,F,Dengue without Warning Signs,Recovered
BGO-DNG-01002,2024-10-02,2024,40,Pinsao Proper,24,M,Dengue with Warning Signs,Recovered
BGO-DNG-01003,2024-10-03,2024,40,Holy Ghost Extension,16,M,Dengue without Warning Signs,Recovered
BGO-DNG-01004,2024-10-03,2024,40,Irisan,16,M,Dengue without Warning Signs,Recovered
BGO-DNG-01005,2024-10-03,2024,40,Irisan,25,F,Dengue with Warning Signs,Recovered
BGO-DNG-01006,2024-10-03,2024,40,Camp 7,14,F,Dengue with Warning Signs,Recovered
BGO-DNG-01007,2024-10-03,2024,40,Pinsao Proper,1,M,Dengue without Warning Signs,Recovered
BGO-DNG-01008,2024-10-03,2024,40,Camp 7,46,F,Dengue without Warning Signs,Recovered
BGO-DNG-01009,2024-10-03,2024,40,Bakakeng Central,17,M,Dengue without Warning Signs,Recovered
BGO-DNG-01010,2024-10-03,2024,40,Irisan,18,F,Dengue without Warning Signs,Recovered
BGO-DNG-01011,2024-10-04,2024,40,Irisan,6,M,Dengue without Warning Signs,Recovered
BGO-DNG-01012,2024-10-04,2024,40,Irisan,15,M,Dengue without Warning Signs,Recovered
BGO-DNG-01013,2024-10-04,2024,40,Bakakeng Central,27,F,Dengue without Warning Signs,Recovered
BGO-DNG-01014,2024-10-04,2024,40,Dominican-Mirador,37,M,Dengue without Warning Signs,Recovered
BGO-DNG-01015,2024-10-05,2024,40,Irisan,22,F,Dengue without Warning Signs,Recovered
BGO-DNG-01016,2024-10-05,2024,40,San Luis Village,35,F,Dengue without Warning Signs,Recovered
BGO-DNG-01017,2024-10-05,2024,40,Gibraltar,20,M,Dengue with Warning Signs,Recovered
BGO-DNG-01018,2024-10-05,2024,40,Irisan,25,F,Dengue without Warning Signs,Recovered
BGO-DNG-01019,2024-10-06,2024,40,Irisan,13,F,Dengue with Warning Signs,Recovered
BGO-DNG-01020,2024-10-06,2024,40,Bakakeng Central,1,F,Dengue without Warning Signs,Recovered
BGO-DNG-01021,2024-10-06,2024,40,Irisan,19,F,Dengue without Warning Signs,Recovered
BGO-DNG-01022,2024-10-06,2024,40,Irisan,12,M,Dengue without Warning Signs,Recovered
BGO-DNG-01023,2024-10-06,2024,40,San Luis Village,19,F,Dengue without Warning Signs,Recovered
BGO-DNG-01024,2024-10-06,2024,40,Irisan,3,M,Dengue with Warning Signs,Recovered
BGO-DNG-01025,2024-10-06,2024,40,San Luis Village,25,F,Dengue without Warning Signs,Recovered
BGO-DNG-01026,2024-10-06,2024,40,Irisan,34,F,Dengue without Warning Signs,Recovered
BGO-DNG-01027,2024-10-07,2024,41,Irisan,25,F,Dengue with Warning Signs,Recovered
BGO-DNG-01028,2024-10-07,2024,41,Irisan,18,F,Dengue without Warning Signs,Recovered
BGO-DNG-01029,2024-10-07,2024,41,Bakakeng Central,29,F,Dengue without Warning Signs,Recovered
BGO-DNG-01030,2024-10-07,2024,41,Quezon Hill Proper,39,F,Dengue with Warning Signs,Recovered
BGO-DNG-01031,2024-10-07,2024,41,Bakakeng Central,31,F,Dengue without Warning Signs,Recovered
BGO-DNG-01032,2024-10-07,2024,41,Camp 7,29,M,Dengue without Warning Signs,Recovered
BGO-DNG-01033,2024-10-07,2024,41,Camp 7,27,F,Dengue without Warning Signs,Recovered
BGO-DNG-01034,2024-10-07,2024,41,Loakan Proper,35,M,Dengue without Warning Signs,Recovered
BGO-DNG-01035,2024-10-08,2024,41,Dominican-Mirador,25,M,Dengue with Warning Signs,Recovered
BGO-DNG-01036,2024-10-08,2024,41,Irisan,25,F,Dengue without Warning Signs,Recovered
BGO-DNG-01037,2024-10-08,2024,41,Dominican-Mirador,1,M,Dengue with Warning Signs,Recovered
BGO-DNG-01038,2024-10-09,2024,41,Gibraltar,25,M,Dengue without Warning Signs,Recovered
BGO-DNG-01039,2024-10-09,2024,41,Quezon Hill Proper,2,M,Dengue without Warning Signs,Recovered
BGO-DNG-01040,2024-10-09,2024,41,Irisan,24,M,Dengue without Warning Signs,Recovered
BGO-DNG-01041,2024-10-09,2024,41,Irisan,31,M,Dengue without Warning Signs,Recovered
BGO-DNG-01042,2024-10-09,2024,41,Irisan,25,M,Dengue without Warning Signs,Recovered
BGO-DNG-01043,2024-10-10,2024,41,Quezon Hill Proper,22,F,Dengue without Warning Signs,Recovered
BGO-DNG-01044,2024-10-10,2024,41,Irisan,7,M,Severe Dengue,Recovered
BGO-DNG-01045,2024-10-10,2024,41,Irisan,14,M,Dengue without Warning Signs,Recovered
BGO-DNG-01046,2024-10-10,2024,41,Irisan,8,M,Dengue with Warning Signs,Recovered
BGO-DNG-01047,2024-10-10,2024,41,Bakakeng North,13,M,Dengue without Warning Signs,Recovered
BGO-DNG-01048,2024-10-10,2024,41,Bakakeng Central,13,M,Dengue without Warning Signs,Recovered
BGO-DNG-01049,2024-10-11,2024,41,Camp 7,27,M,Severe Dengue,Recovered
BGO-DNG-01050,2024-10-11,2024,41,Cabinet Hill-Teachers Camp,31,M,Dengue without Warning Signs,Recovered
BGO-DNG-01051,2024-10-11,2024,41,Pinsao Proper,19,F,Dengue without Warning Signs,Recovered
BGO-DNG-01052,2024-10-11,2024,41,Loakan Proper,42,M,Dengue without Warning Signs,Recovered
BGO-DNG-01053,2024-10-11,2024,41,Irisan,1,M,Dengue without Warning Signs,Recovered
BGO-DNG-01054,2024-10-11,2024,41,Irisan,4,M,Dengue without Warning Signs,Recovered
BGO-DNG-01055,2024-10-11,2024,41,Irisan,30,M,Dengue with Warning Signs,Recovered
BGO-DNG-01056,2024-10-12,2024,41,Pacdal,43,F,Dengue without Warning Signs,Recovered
BGO-DNG-01057,2024-10-12,2024,41,Irisan,20,F,Dengue without Warning Signs,Died
BGO-DNG-01058,2024-10-12,2024,41,Bakakeng Central,1,F,Dengue without Warning Signs,Recovered
BGO-DNG-01059,2024-10-12,2024,41,Loakan Proper,18,M,Dengue without Warning Signs,Recovered
BGO-DNG-01060,2024-10-13,2024,41,Camp 7,28,F,Dengue without Warning Signs,Recovered
BGO-DNG-01061,2024-10-13,2024,41,Sto. Tomas Proper,20,F,Dengue without Warning Signs,Recovered
BGO-DNG-01062,2024-10-13,2024,41,Irisan,7,M,Dengue without Warning Signs,Recovered
BGO-DNG-01063,2024-10-13,2024,41,Loakan Proper,8,F,Dengue without Warning Signs,Recovered
BGO-DNG-01064,2024-10-13,2024,41,Asin Road,33,M,Dengue with Warning Signs,Recovered
BGO-DNG-01065,2024-10-13,2024,41,Ambiong,12,M,Dengue without Warning Signs,Recovered
BGO-DNG-01066,2024-10-15,2024,42,Irisan,32,F,Dengue with Warning Signs,Recovered
BGO-DNG-01067,2024-10-15,2024,42,Irisan,20,F,Dengue without Warning Signs,Recovered
BGO-DNG-01068,2024-10-15,2024,42,Sto. Tomas Proper,12,M,Dengue without Warning Signs,Recovered
BGO-DNG-01069,2024-10-15,2024,42,Loakan Proper,15,M,Dengue without Warning Signs,Recovered
BGO-DNG-01070,2024-10-15,2024,42,Irisan,28,F,Dengue without Warning Signs,Recovered
BGO-DNG-01071,2024-10-15,2024,42,Asin Road,23,M,Dengue with Warning Signs,Active
BGO-DNG-01072,2024-10-16,2024,42,Camp 7,44,F,Dengue without Warning Signs,Recovered
BGO-DNG-01073,2024-10-16,2024,42,Irisan,1,F,Dengue without Warning Signs,Recovered
BGO-DNG-01074,2024-10-16,2024,42,Irisan,24,F,Dengue with Warning Signs,Recovered
BGO-DNG-01075,2024-10-16,2024,42,Gibraltar,27,M,Dengue without Warning Signs,Recovered
BGO-DNG-01076,2024-10-16,2024,42,Asin Road,36,F,Dengue without Warning Signs,Recovered
BGO-DNG-01077,2024-10-16,2024,42,Asin Road,11,M,Dengue with Warning Signs,Recovered
BGO-DNG-01078,2024-10-16,2024,42,Irisan,11,M,Severe Dengue,Recovered
BGO-DNG-01079,2024-10-16,2024,42,Irisan,37,F,Dengue without Warning Signs,Recovered
BGO-DNG-01080,2024-10-17,2024,42,Asin Road,31,F,Dengue without Warning Signs,Recovered
BGO-DNG-01081,2024-10-17,2024,42,San Luis Village,28,M,Dengue without Warning Signs,Recovered
BGO-DNG-01082,2024-10-17,2024,42,Irisan,35,M,Dengue without Warning Signs,Recovered
BGO-DNG-01083,2024-10-17,2024,42,Gibraltar,19,F,Dengue with Warning Signs,Recovered
BGO-DNG-01084,2024-10-18,2024,42,Asin Road,23,F,Dengue with Warning Signs,Recovered
BGO-DNG-01085,2024-10-18,2024,42,Bakakeng Central,23,F,Dengue with Warning Signs,Recovered
BGO-DNG-01086,2024-10-18,2024,42,Irisan,2,M,Dengue without Warning Signs,Recovered
BGO-DNG-01087,2024-10-18,2024,42,San Vicente,37,F,Dengue without Warning Signs,Recovered
BGO-DNG-01088,2024-10-18,2024,42,San Luis Village,37,M,Dengue without Warning Signs,Recovered
BGO-DNG-01089,2024-10-20,2024,42,Camp 7,44,F,Dengue with Warning Signs,Recovered
BGO-DNG-01090,2024-10-20,2024,42,Irisan,28,F,Dengue without Warning Signs,Recovered
BGO-DNG-01091,2024-10-20,2024,42,Gibraltar,28,F,Dengue without Warning Signs,Recovered
BGO-DNG-01092,2024-10-20,2024,42,Irisan,33,M,Dengue without Warning Signs,Recovered
BGO-DNG-01093,2024-10-20,2024,42,Irisan,24,M,Dengue without Warning Signs,Recovered
BGO-DNG-01094,2024-10-20,2024,42,Irisan,5,F,Dengue without Warning Signs,Recovered
BGO-DNG-01095,2024-10-20,2024,42,Irisan,8,F,Dengue without Warning Signs,Recovered
BGO-DNG-01096,2024-10-21,2024,43,Irisan,17,F,Dengue without Warning Signs,Recovered
BGO-DNG-01097,2024-10-21,2024,43,Loakan Proper,50,M,Dengue without Warning Signs,Recovered
BGO-DNG-01098,2024-10-21,2024,43,Asin Road,13,F,Dengue without Warning Signs,Recovered
BGO-DNG-01099,2024-10-21,2024,43,Irisan,28,M,Dengue without Warning Signs,Recovered
BGO-DNG-01100,2024-10-21,2024,43,Irisan,41,M,Dengue without Warning Signs,Recovered
BGO-DNG-01101,2024-10-21,2024,43,Balsigan,41,F,Dengue with Warning Signs,Recovered
BGO-DNG-01102,2024-10-22,2024,43,Camp 7,1,F,Dengue with Warning Signs,Recovered
BGO-DNG-01103,2024-10-22,2024,43,Loakan Proper,17,M,Dengue without Warning Signs,Recovered
BGO-DNG-01104,2024-10-22,2024,43,Pinsao Proper,5,F,Dengue without Warning Signs,Recovered
BGO-DNG-01105,2024-10-22,2024,43,Camp 7,1,M,Dengue without Warning Signs,Recovered
BGO-DNG-01106,2024-10-22,2024,43,Sto. Tomas Proper,32,M,Dengue with Warning Signs,Recovered
BGO-DNG-01107,2024-10-22,2024,43,Camp 7,38,M,Dengue without Warning Signs,Recovered
BGO-DNG-01108,2024-10-23,2024,43,Camp 7,1,F,Dengue without Warning Signs,Recovered
BGO-DNG-01109,2024-10-23,2024,43,Camp 7,5,F,Dengue without Warning Signs,Recovered
BGO-DNG-01110,2024-10-23,2024,43,Dominican-Mirador,30,F,Dengue with Warning Signs,Recovered
BGO-DNG-01111,2024-10-23,2024,43,Loakan Proper,14,M,Dengue without Warning Signs,Recovered
BGO-DNG-01112,2024-10-23,2024,43,Irisan,28,M,Dengue without Warning Signs,Recovered
BGO-DNG-01113,2024-10-23,2024,43,Gibraltar,14,M,Dengue with Warning Signs,Recovered
BGO-DNG-01114,2024-10-24,2024,43,Camp 7,30,M,Dengue without Warning Signs,Recovered
BGO-DNG-01115,2024-10-24,2024,43,Bakakeng Central,23,M,Dengue without Warning Signs,Recovered
BGO-DNG-01116,2024-10-24,2024,43,San Vicente,25,F,Dengue without Warning Signs,Recovered
BGO-DNG-01117,2024-10-24,2024,43,Irisan,23,F,Dengue without Warning Signs,Recovered
BGO-DNG-01118,2024-10-24,2024,43,Sto. Tomas Proper,29,F,Dengue without Warning Signs,Recovered
BGO-DNG-01119,2024-10-24,2024,43,Camp 7,1,M,Dengue without Warning Signs,Recovered
BGO-DNG-01120,2024-10-24,2024,43,Asin Road,25,F,Dengue without Warning Signs,Recovered
BGO-DNG-01121,2024-10-24,2024,43,Bakakeng Central,16,F,Dengue without Warning Signs,Recovered
BGO-DNG-01122,2024-10-25,2024,43,Asin Road,14,F,Dengue without Warning Signs,Recovered
BGO-DNG-01123,2024-10-25,2024,43,Irisan,29,F,Dengue with Warning Signs,Recovered
BGO-DNG-01124,2024-10-25,2024,43,Loakan Proper,45,M,Dengue with Warning Signs,Recovered
BGO-DNG-01125,2024-10-25,2024,43,Irisan,10,F,Dengue without Warning Signs,Recovered
BGO-DNG-01126,2024-10-25,2024,43,Gibraltar,25,M,Dengue without Warning Signs,Recovered
BGO-DNG-01127,2024-10-25,2024,43,Bakakeng North,19,M,Dengue with Warning Signs,Recovered
BGO-DNG-01128,2024-10-26,2024,43,Quezon Hill Proper,3,M,Dengue without Warning Signs,Recovered
BGO-DNG-01129,2024-10-26,2024,43,Asin Road,29,M,Dengue without Warning Signs,Recovered
BGO-DNG-01130,2024-10-26,2024,43,Irisan,1,M,Dengue without Warning Signs,Recovered
BGO-DNG-01131,2024-10-26,2024,43,Balsigan,8,M,Dengue with Warning Signs,Recovered
BGO-DNG-01132,2024-10-26,2024,43,Irisan,38,F,Dengue with Warning Signs,Recovered
BGO-DNG-01133,2024-10-26,2024,43,Irisan,26,F,Dengue without Warning Signs,Recovered
BGO-DNG-01134,2024-10-26,2024,43,Pacdal,1,M,Dengue without Warning Signs,Recovered
BGO-DNG-01135,2024-10-26,2024,43,Asin Road,22,F,Dengue without Warning Signs,Recovered
BGO-DNG-01136,2024-10-26,2024,43,Asin Road,34,M,Dengue without Warning Signs,Recovered
BGO-DNG-01137,2024-10-27,2024,43,Irisan,41,M,Dengue without Warning Signs,Recovered
BGO-DNG-01138,2024-10-27,2024,43,Irisan,15,M,Dengue without Warning Signs,Recovered
BGO-DNG-01139,2024-10-27,2024,43,Irisan,21,M,Dengue without Warning Signs,Recovered
BGO-DNG-01140,2024-10-27,2024,43,Aurora Hill Proper,20,F,Dengue without Warning Signs,Recovered
BGO-DNG-01141,2024-10-27,2024,43,Irisan,27,F,Dengue without Warning Signs,Recovered
BGO-DNG-01142,2024-10-27,2024,43,Bakakeng Central,1,F,Dengue without Warning Signs,Recovered
BGO-DNG-01143,2024-10-27,2024,43,Irisan,20,F,Dengue with Warning Signs,Recovered
BGO-DNG-01144,2024-10-27,2024,43,Bakakeng Central,12,M,Dengue without Warning Signs,Recovered
BGO-DNG-01145,2024-10-28,2024,44,Asin Road,35,M,Dengue without Warning Signs,Recovered
BGO-DNG-01146,2024-10-28,2024,44,Pacdal,1,M,Dengue without Warning Signs,Recovered
BGO-DNG-01147,2024-10-28,2024,44,Kias,1,F,Dengue without Warning Signs,Recovered
BGO-DNG-01148,2024-10-28,2024,44,Irisan,18,M,Dengue with Warning Signs,Recovered
BGO-DNG-01149,2024-10-29,2024,44,Irisan,30,M,Dengue without Warning Signs,Recovered
BGO-DNG-01150,2024-10-29,2024,44,Irisan,22,F,Dengue without Warning Signs,Recovered
BGO-DNG-01151,2024-10-29,2024,44,Balsigan,40,F,Dengue with Warning Signs,Recovered
BGO-DNG-01152,2024-10-29,2024,44,Irisan,12,F,Dengue without Warning Signs,Recovered
BGO-DNG-01153,2024-10-29,2024,44,Gibraltar,12,M,Dengue without Warning Signs,Recovered
BGO-DNG-01154,2024-10-29,2024,44,Camp 7,42,M,Dengue without Warning Signs,Recovered
BGO-DNG-01155,2024-10-29,2024,44,Sto. Tomas Proper,9,F,Dengue with Warning Signs,Recovered
BGO-DNG-01156,2024-10-29,2024,44,Gibraltar,16,M,Dengue without Warning Signs,Recovered
BGO-DNG-01157,2024-10-29,2024,44,Irisan,23,F,Dengue without Warning Signs,Recovered
BGO-DNG-01158,2024-10-30,2024,44,Camp 7,30,F,Dengue with Warning Signs,Recovered
BGO-DNG-01159,2024-10-30,2024,44,Bakakeng Central,11,M,Severe Dengue,Recovered
BGO-DNG-01160,2024-10-30,2024,44,Irisan,35,M,Dengue with Warning Signs,Recovered
BGO-DNG-01161,2024-10-30,2024,44,Irisan,37,M,Dengue without Warning Signs,Recovered
BGO-DNG-01162,2024-10-30,2024,44,Irisan,23,F,Dengue without Warning Signs,Recovered
BGO-DNG-01163,2024-10-31,2024,44,Irisan,30,F,Dengue without Warning Signs,Recovered
BGO-DNG-01164,2024-10-31,2024,44,Camp 7,21,F,Dengue with Warning Signs,Recovered
BGO-DNG-01165,2024-10-31,2024,44,Dominican-Mirador,29,M,Dengue with Warning Signs,Recovered
BGO-DNG-01166,2024-10-31,2024,44,Irisan,28,F,Dengue without Warning Signs,Recovered
BGO-DNG-01167,2024-10-31,2024,44,Bakakeng Central,17,F,Dengue without Warning Signs,Recovered
BGO-DNG-01168,2024-11-01,2024,44,Bakakeng Central,10,M,Dengue with Warning Signs,Recovered
BGO-DNG-01169,2024-11-01,2024,44,Camp 7,37,M,Dengue without Warning Signs,Recovered
BGO-DNG-01170,2024-11-01,2024,44,Fairview,35,M,Dengue without Warning Signs,Recovered
BGO-DNG-01171,2024-11-01,2024,44,Irisan,23,F,Dengue without Warning Signs,Recovered
BGO-DNG-01172,2024-11-01,2024,44,Aurora Hill Proper,3,F,Dengue with Warning Signs,Active
BGO-DNG-01173,2024-11-02,2024,44,Irisan,29,F,Dengue without Warning Signs,Recovered
BGO-DNG-01174,2024-11-02,2024,44,Bakakeng Central,45,M,Dengue with Warning Signs,Recovered
BGO-DNG-01175,2024-11-03,2024,44,Bakakeng North,27,M,Dengue with Warning Signs,Recovered
BGO-DNG-01176,2024-11-03,2024,44,Irisan,27,M,Dengue without Warning Signs,Recovered
BGO-DNG-01177,2024-11-03,2024,44,Loakan Proper,33,M,Dengue without Warning Signs,Recovered
BGO-DNG-01178,2024-11-03,2024,44,Pinsao Proper,29,F,Dengue without Warning Signs,Recovered
BGO-DNG-01179,2024-11-04,2024,45,Irisan,8,M,Dengue with Warning Signs,Recovered
BGO-DNG-01180,2024-11-04,2024,45,Asin Road,26,F,Dengue without Warning Signs,Recovered
BGO-DNG-01181,2024-11-04,2024,45,Asin Road,25,F,Dengue without Warning Signs,Recovered
BGO-DNG-01182,2024-11-05,2024,45,Sto. Tomas Proper,9,M,Dengue without Warning Signs,Recovered
BGO-DNG-01183,2024-11-05,2024,45,Loakan Proper,33,M,Dengue without Warning Signs,Recovered
BGO-DNG-01184,2024-11-06,2024,45,Asin Road,29,F,Dengue with Warning Signs,Recovered
BGO-DNG-01185,2024-11-06,2024,45,Bakakeng Central,19,F,Dengue with Warning Signs,Recovered
BGO-DNG-01186,2024-11-06,2024,45,Loakan Proper,29,M,Dengue without Warning Signs,Recovered
BGO-DNG-01187,2024-11-06,2024,45,Irisan,46,F,Dengue with Warning Signs,Recovered
BGO-DNG-01188,2024-11-08,2024,45,Irisan,25,M,Dengue without Warning Signs,Recovered
BGO-DNG-01189,2024-11-08,2024,45,Irisan,20,F,Dengue without Warning Signs,Recovered
BGO-DNG-01190,2024-11-09,2024,45,Irisan,9,F,Dengue without Warning Signs,Recovered
BGO-DNG-01191,2024-11-09,2024,45,Bakakeng Central,29,F,Dengue without Warning Signs,Recovered
BGO-DNG-01192,2024-11-10,2024,45,Irisan,21,M,Dengue without Warning Signs,Recovered
BGO-DNG-01193,2024-11-10,2024,45,Aurora Hill Proper,30,F,Dengue without Warning Signs,Recovered
BGO-DNG-01194,2024-11-10,2024,45,Kias,19,F,Dengue without Warning Signs,Active
BGO-DNG-01195,2024-11-11,2024,46,Loakan Proper,47,M,Dengue without Warning Signs,Recovered
BGO-DNG-01196,2024-11-11,2024,46,Irisan,36,F,Dengue without Warning Signs,Recovered
BGO-DNG-01197,2024-11-12,2024,46,Dominican-Mirador,7,F,Dengue without Warning Signs,Recovered
BGO-DNG-01198,2024-11-12,2024,46,Irisan,18,M,Severe Dengue,Recovered
BGO-DNG-01199,2024-11-12,2024,46,Camp 7,28,F,Dengue with Warning Signs,Recovered
BGO-DNG-01200,2024-11-12,2024,46,Kias,16,M,Dengue without Warning Signs,Recovered
BGO-DNG-01201,2024-11-13,2024,46,Bakakeng Central,23,F,Dengue with Warning Signs,Recovered
BGO-DNG-01202,2024-11-13,2024,46,Irisan,16,M,Dengue with Warning Signs,Recovered
BGO-DNG-01203,2024-11-13,2024,46,Irisan,31,M,Dengue without Warning Signs,Recovered
BGO-DNG-01204,2024-11-14,2024,46,Sto. Tomas Proper,19,M,Dengue without Warning Signs,Recovered
BGO-DNG-01205,2024-11-14,2024,46,Cabinet Hill-Teachers Camp,22,M,Dengue with Warning Signs,Recovered
BGO-DNG-01206,2024-11-15,2024,46,Irisan,17,M,Dengue with Warning Signs,Recovered
BGO-DNG-01207,2024-11-15,2024,46,Irisan,23,M,Dengue without Warning Signs,Recovered
BGO-DNG-01208,2024-11-15,2024,46,Kias,17,F,Dengue without Warning Signs,Recovered
BGO-DNG-01209,2024-11-16,2024,46,Bakakeng Central,10,M,Dengue with Warning Signs,Recovered
BGO-DNG-01210,2024-11-16,2024,46,Irisan,4,F,Dengue without Warning Signs,Recovered
BGO-DNG-01211,2024-11-17,2024,46,San Luis Village,43,F,Dengue without Warning Signs,Recovered
BGO-DNG-01212,2024-11-17,2024,46,Bakakeng Central,14,M,Dengue with Warning Signs,Recovered
BGO-DNG-01213,2024-11-17,2024,46,Kias,19,M,Severe Dengue,Recovered
BGO-DNG-01214,2024-11-18,2024,47,Aurora Hill Proper,25,F,Severe Dengue,Recovered
BGO-DNG-01215,2024-11-19,2024,47,Aurora Hill Proper,27,M,Dengue without Warning Signs,Recovered
BGO-DNG-01216,2024-11-19,2024,47,Irisan,32,M,Dengue without Warning Signs,Recovered
BGO-DNG-01217,2024-11-19,2024,47,Irisan,34,M,Dengue without Warning Signs,Recovered
BGO-DNG-01218,2024-11-19,2024,47,Camp 7,32,F,Dengue with Warning Signs,Recovered
BGO-DNG-01219,2024-11-20,2024,47,Irisan,38,F,Dengue without Warning Signs,Recovered
BGO-DNG-01220,2024-11-20,2024,47,Gibraltar,23,F,Dengue without Warning Signs,Recovered
BGO-DNG-01221,2024-11-20,2024,47,Dominican-Mirador,12,F,Dengue without Warning Signs,Recovered
BGO-DNG-01222,2024-11-20,2024,47,Irisan,30,F,Dengue without Warning Signs,Recovered
BGO-DNG-01223,2024-11-20,2024,47,Irisan,3,F,Dengue without Warning Signs,Recovered
BGO-DNG-01224,2024-11-21,2024,47,Irisan,31,F,Dengue without Warning Signs,Recovered
BGO-DNG-01225,2024-11-22,2024,47,Asin Road,24,M,Dengue without Warning Signs,Recovered
BGO-DNG-01226,2024-11-23,2024,47,Pinsao Proper,22,M,Dengue with Warning Signs,Recovered
BGO-DNG-01227,2024-11-23,2024,47,Loakan Proper,26,M,Dengue without Warning Signs,Recovered
BGO-DNG-01228,2024-11-24,2024,47,Irisan,17,F,Dengue without Warning Signs,Recovered
BGO-DNG-01229,2024-11-24,2024,47,Sto. Tomas Proper,1,F,Dengue without Warning Signs,Recovered
BGO-DNG-01230,2024-11-24,2024,47,Pacdal,33,M,Dengue without Warning Signs,Recovered
BGO-DNG-01231,2024-11-24,2024,47,Loakan Proper,33,F,Dengue without Warning Signs,Recovered
BGO-DNG-01232,2024-11-25,2024,48,Irisan,23,M,Dengue without Warning Signs,Recovered
BGO-DNG-01233,2024-11-25,2024,48,Quezon Hill Proper,32,M,Dengue with Warning Signs,Recovered
BGO-DNG-01234,2024-11-25,2024,48,Asin Road,43,M,Dengue without Warning Signs,Recovered
BGO-DNG-01235,2024-11-26,2024,48,Asin Road,11,F,Dengue without Warning Signs,Recovered
BGO-DNG-01236,2024-11-27,2024,48,Irisan,16,M,Dengue without Warning Signs,Recovered
BGO-DNG-01237,2024-11-27,2024,48,Irisan,15,M,Dengue without Warning Signs,Recovered
BGO-DNG-01238,2024-11-27,2024,48,Pinsao Proper,38,M,Dengue without Warning Signs,Recovered
BGO-DNG-01239,2024-11-27,2024,48,Fairview,17,F,Dengue without Warning Signs,Recovered
BGO-DNG-01240,2024-11-28,2024,48,Irisan,14,F,Dengue without Warning Signs,Recovered
BGO-DNG-01241,2024-11-29,2024,48,Irisan,16,F,Dengue without Warning Signs,Recovered
BGO-DNG-01242,2024-11-29,2024,48,Asin Road,1,F,Dengue with Warning Signs,Recovered
BGO-DNG-01243,2024-11-29,2024,48,Irisan,15,F,Dengue with Warning Signs,Recovered
BGO-DNG-01244,2024-11-30,2024,48,Bakakeng Central,28,M,Dengue without Warning Signs,Recovered
BGO-DNG-01245,2024-11-30,2024,48,Asin Road,15,M,Severe Dengue,Recovered
BGO-DNG-01246,2024-11-30,2024,48,Irisan,31,F,Dengue without Warning Signs,Active
BGO-DNG-01247,2024-11-30,2024,48,Irisan,44,F,Dengue without Warning Signs,Recovered
BGO-DNG-01248,2024-12-01,2024,48,Quezon Hill Proper,33,M,Dengue with Warning Signs,Recovered
BGO-DNG-01249,2024-12-01,2024,48,Balsigan,56,F,Dengue without Warning Signs,Recovered
BGO-DNG-01250,2024-12-01,2024,48,Asin Road,25,F,Dengue without Warning Signs,Recovered
BGO-DNG-01251,2024-12-01,2024,48,Sto. Tomas Proper,12,F,Dengue without Warning Signs,Recovered
BGO-DNG-01252,2024-12-01,2024,48,Pacdal,18,M,Dengue without Warning Signs,Recovered
BGO-DNG-01253,2024-12-01,2024,48,Irisan,19,M,Severe Dengue,Active
BGO-DNG-01254,2024-12-02,2024,49,Camp 7,29,F,Dengue with Warning Signs,Recovered
BGO-DNG-01255,2024-12-02,2024,49,Gibraltar,24,M,Dengue without Warning Signs,Recovered
BGO-DNG-01256,2024-12-02,2024,49,Bakakeng Central,24,M,Dengue with Warning Signs,Recovered
BGO-DNG-01257,2024-12-04,2024,49,Sto. Tomas Proper,6,F,Dengue without Warning Signs,Recovered
BGO-DNG-01258,2024-12-04,2024,49,Gibraltar,23,M,Dengue without Warning Signs,Recovered
BGO-DNG-01259,2024-12-04,2024,49,Irisan,36,M,Dengue without Warning Signs,Recovered
BGO-DNG-01260,2024-12-04,2024,49,Asin Road,26,F,Dengue with Warning Signs,Recovered
BGO-DNG-01261,2024-12-05,2024,49,San Luis Village,20,M,Dengue without Warning Signs,Recovered
BGO-DNG-01262,2024-12-05,2024,49,Irisan,37,F,Dengue without Warning Signs,Recovered
BGO-DNG-01263,2024-12-05,2024,49,Asin Road,21,M,Dengue without Warning Signs,Recovered
BGO-DNG-01264,2024-12-05,2024,49,Sto. Tomas Proper,9,F,Dengue without Warning Signs,Recovered
BGO-DNG-01265,2024-12-05,2024,49,Loakan Proper,41,F,Dengue with Warning Signs,Recovered
BGO-DNG-01266,2024-12-07,2024,49,Gibraltar,24,F,Dengue without Warning Signs,Recovered
BGO-DNG-01267,2024-12-08,2024,49,Sto. Tomas Proper,14,F,Dengue without Warning Signs,Recovered
BGO-DNG-01268,2024-12-10,2024,50,Irisan,24,M,Dengue without Warning Signs,Recovered
BGO-DNG-01269,2024-12-10,2024,50,Irisan,12,M,Severe Dengue,Recovered
BGO-DNG-01270,2024-12-11,2024,50,Irisan,18,F,Dengue without Warning Signs,Recovered
BGO-DNG-01271,2024-12-12,2024,50,Irisan,8,F,Dengue without Warning Signs,Recovered
BGO-DNG-01272,2024-12-12,2024,50,Bakakeng Central,16,M,Dengue without Warning Signs,Recovered
BGO-DNG-01273,2024-12-12,2024,50,Irisan,7,F,Dengue without Warning Signs,Recovered
BGO-DNG-01274,2024-12-14,2024,50,Irisan,30,F,Dengue without Warning Signs,Recovered
BGO-DNG-01275,2024-12-15,2024,50,Irisan,5,M,Dengue with Warning Signs,Recovered
BGO-DNG-01276,2024-12-15,2024,50,Camp 7,24,F,Dengue without Warning Signs,Recovered
BGO-DNG-01277,2024-12-16,2024,51,Bakakeng Central,1,M,Dengue without Warning Signs,Recovered
BGO-DNG-01278,2024-12-16,2024,51,Irisan,33,F,Dengue without Warning Signs,Recovered
BGO-DNG-01279,2024-12-16,2024,51,Irisan,18,M,Dengue without Warning Signs,Recovered
BGO-DNG-01280,2024-12-16,2024,51,Aurora Hill Proper,19,M,Dengue with Warning Signs,Recovered
BGO-DNG-01281,2024-12-16,2024,51,Quezon Hill Proper,25,M,Dengue with Warning Signs,Recovered
BGO-DNG-01282,2024-12-17,2024,51,Pinsao Proper,2,M,Dengue without Warning Signs,Recovered
BGO-DNG-01283,2024-12-18,2024,51,Loakan Proper,6,F,Dengue without Warning Signs,Recovered
BGO-DNG-01284,2024-12-18,2024,51,Irisan,26,M,Dengue without Warning Signs,Recovered
BGO-DNG-01285,2024-12-19,2024,51,Bakakeng Central,24,M,Severe Dengue,Recovered
BGO-DNG-01286,2024-12-19,2024,51,Bakakeng Central,25,M,Dengue without Warning Signs,Recovered
BGO-DNG-01287,2024-12-19,2024,51,Irisan,24,F,Dengue without Warning Signs,Recovered
BGO-DNG-01288,2024-12-20,2024,51,Camp 7,35,M,Dengue without Warning Signs,Recovered
BGO-DNG-01289,2024-12-20,2024,51,Sto. Tomas Proper,17,F,Dengue with Warning Signs,Recovered
BGO-DNG-01290,2024-12-20,2024,51,Irisan,7,F,Dengue with Warning Signs,Recovered
BGO-DNG-01291,2024-12-20,2024,51,Bakakeng Central,11,M,Dengue without Warning Signs,Recovered
BGO-DNG-01292,2024-12-21,2024,51,Aurora Hill Proper,15,F,Dengue without Warning Signs,Recovered
BGO-DNG-01293,2024-12-21,2024,51,Cabinet Hill-Teachers Camp,24,F,Severe Dengue,Recovered
BGO-DNG-01294,2024-12-21,2024,51,Irisan,16,F,Dengue without Warning Signs,Recovered
BGO-DNG-01295,2024-12-22,2024,51,Camp 7,28,F,Dengue without Warning Signs,Recovered
BGO-DNG-01296,2024-12-22,2024,51,Irisan,39,M,Dengue without Warning Signs,Recovered
BGO-DNG-01297,2024-12-23,2024,52,Asin Road,17,M,Dengue with Warning Signs,Recovered
BGO-DNG-01298,2024-12-24,2024,52,Gibraltar,27,F,Dengue without Warning Signs,Recovered
BGO-DNG-01299,2024-12-24,2024,52,Bakakeng Central,28,F,Dengue without Warning Signs,Recovered
BGO-DNG-01300,2024-12-24,2024,52,Asin Road,19,F,Dengue with Warning Signs,Recovered
BGO-DNG-01301,2024-12-25,2024,52,Gibraltar,11,M,Dengue with Warning Signs,Recovered
BGO-DNG-01302,2024-12-26,2024,52,Irisan,26,M,Dengue with Warning Signs,Recovered
BGO-DNG-01303,2024-12-26,2024,52,Camp 7,6,M,Dengue without Warning Signs,Recovered
BGO-DNG-01304,2024-12-26,2024,52,Balsigan,20,F,Dengue without Warning Signs,Recovered
BGO-DNG-01305,2024-12-26,2024,52,Irisan,2,M,Dengue without Warning Signs,Recovered
BGO-DNG-01306,2024-12-27,2024,52,Irisan,59,M,Dengue without Warning Signs,Recovered
BGO-DNG-01307,2024-12-27,2024,52,Asin Road,8,M,Dengue without Warning Signs,Recovered
BGO-DNG-01308,2024-12-29,2024,52,Bakakeng North,18,M,Dengue without Warning Signs,Recovered
BGO-DNG-01309,2024-12-29,2024,52,Irisan,40,M,Dengue without Warning Signs,Recovered
BGO-DNG-01310,2024-12-29,2024,52,Camp 7,1,M,Dengue without Warning Signs,Recovered
BGO-DNG-01311,2024-12-29,2024,52,Camp 7,32,M,Dengue without Warning Signs,Recovered
BGO-DNG-01312,2024-12-30,2025,1,Bakakeng Central,23,F,Dengue without Warning Signs,Recovered
BGO-DNG-01313,2024-12-30,2025,1,Irisan,20,M,Dengue without Warning Signs,Recovered
BGO-DNG-01314,2024-12-30,2025,1,Irisan,47,F,Dengue without Warning Signs,Recovered
BGO-DNG-01315,2024-12-31,2025,1,Irisan,11,M,Dengue with Warning Signs,Recovered
BGO-DNG-01316,2024-12-31,2025,1,Asin Road,19,F,Dengue without Warning Signs,Recovered
BGO-DNG-01317,2024-12-31,2025,1,Holy Ghost Extension,25,M,Dengue with Warning Signs,Recovered
BGO-DNG-01318,2024-12-31,2025,1,Irisan,52,M,Dengue without Warning Signs,Recovered
BGO-DNG-01319,2024-12-31,2025,1,Camp 7,23,F,Dengue without Warning Signs,Recovered
BGO-DNG-01320,2025-01-01,2025,1,Irisan,34,F,Dengue with Warning Signs,Recovered
BGO-DNG-01321,2025-01-01,2025,1,San Luis Village,23,M,Dengue without Warning Signs,Recovered
BGO-DNG-01322,2025-01-02,2025,1,Irisan,40,M,Dengue without Warning Signs,Recovered
BGO-DNG-01323,2025-01-02,2025,1,Quezon Hill Proper,22,F,Dengue without Warning Signs,Recovered
BGO-DNG-01324,2025-01-05,2025,1,Dominican-Mirador,23,F,Dengue without Warning Signs,Recovered
BGO-DNG-01325,2025-01-05,2025,1,Camp 7,15,M,Dengue without Warning Signs,Recovered
BGO-DNG-01326,2025-01-06,2025,2,Irisan,23,F,Dengue without Warning Signs,Recovered
BGO-DNG-01327,2025-01-07,2025,2,Dominican-Mirador,17,F,Dengue without Warning Signs,Recovered
BGO-DNG-01328,2025-01-07,2025,2,Pinsao Proper,13,M,Dengue with Warning Signs,Recovered
BGO-DNG-01329,2025-01-08,2025,2,Pacdal,50,F,Dengue without Warning Signs,Recovered
BGO-DNG-01330,2025-01-09,2025,2,Fairview,18,F,Dengue without Warning Signs,Recovered
BGO-DNG-01331,2025-01-12,2025,2,Pinsao Proper,30,F,Dengue with Warning Signs,Recovered
BGO-DNG-01332,2025-01-14,2025,3,Fairview,29,F,Dengue without Warning Signs,Recovered
BGO-DNG-01333,2025-01-15,2025,3,Gibraltar,24,M,Dengue without Warning Signs,Recovered
BGO-DNG-01334,2025-01-15,2025,3,Irisan,5,M,Dengue with Warning Signs,Recovered
BGO-DNG-01335,2025-01-15,2025,3,Irisan,11,F,Dengue without Warning Signs,Recovered
BGO-DNG-01336,2025-01-16,2025,3,Irisan,33,M,Dengue without Warning Signs,Recovered
BGO-DNG-01337,2025-01-17,2025,3,Irisan,12,M,Dengue without Warning Signs,Recovered
BGO-DNG-01338,2025-01-17,2025,3,Dominican-Mirador,1,F,Dengue without Warning Signs,Recovered
BGO-DNG-01339,2025-01-17,2025,3,Irisan,39,M,Dengue without Warning Signs,Recovered
BGO-DNG-01340,2025-01-18,2025,3,Gibraltar,7,F,Dengue with Warning Signs,Recovered
BGO-DNG-01341,2025-01-21,2025,4,Irisan,19,M,Dengue without Warning Signs,Recovered
BGO-DNG-01342,2025-01-23,2025,4,Camp 7,18,M,Dengue with Warning Signs,Recovered
BGO-DNG-01343,2025-01-23,2025,4,Irisan,7,M,Dengue with Warning Signs,Recovered
BGO-DNG-01344,2025-01-24,2025,4,Aurora Hill Proper,29,M,Dengue without Warning Signs,Recovered
BGO-DNG-01345,2025-01-24,2025,4,Irisan,15,F,Dengue without Warning Signs,Active
BGO-DNG-01346,2025-01-25,2025,4,Camp 7,39,F,Dengue without Warning Signs,Active
BGO-DNG-01347,2025-01-26,2025,4,Bakakeng Central,13,M,Dengue without Warning Signs,Recovered
BGO-DNG-01348,2025-01-27,2025,5,Irisan,16,M,Dengue without Warning Signs,Recovered
BGO-DNG-01349,2025-01-27,2025,5,Camp 7,9,M,Dengue without Warning Signs,Recovered
BGO-DNG-01350,2025-01-28,2025,5,Irisan,7,F,Dengue with Warning Signs,Active
BGO-DNG-01351,2025-01-29,2025,5,Asin Road,22,M,Dengue without Warning Signs,Recovered
BGO-DNG-01352,2025-01-29,2025,5,Camp 7,16,F,Dengue without Warning Signs,Recovered
BGO-DNG-01353,2025-01-30,2025,5,Irisan,36,M,Dengue without Warning Signs,Recovered
BGO-DNG-01354,2025-02-02,2025,5,Irisan,2,F,Dengue without Warning Signs,Recovered
BGO-DNG-01355,2025-02-04,2025,6,Camp 7,16,F,Dengue without Warning Signs,Recovered
BGO-DNG-01356,2025-02-04,2025,6,Bakakeng Central,13,F,Dengue without Warning Signs,Recovered
BGO-DNG-01357,2025-02-05,2025,6,Asin Road,30,F,Dengue without Warning Signs,Recovered
BGO-DNG-01358,2025-02-06,2025,6,Bakakeng Central,10,F,Dengue without Warning Signs,Recovered
BGO-DNG-01359,2025-02-06,2025,6,Irisan,31,F,Dengue with Warning Signs,Recovered
BGO-DNG-01360,2025-02-06,2025,6,Asin Road,31,F,Dengue with Warning Signs,Recovered
BGO-DNG-01361,2025-02-07,2025,6,Irisan,20,F,Dengue with Warning Signs,Recovered
BGO-DNG-01362,2025-02-07,2025,6,Happy Hallow,26,F,Dengue with Warning Signs,Recovered
BGO-DNG-01363,2025-02-08,2025,6,Loakan Proper,42,M,Dengue without Warning Signs,Recovered
BGO-DNG-01364,2025-02-08,2025,6,Irisan,30,F,Dengue with Warning Signs,Recovered
BGO-DNG-01365,2025-02-08,2025,6,Fairview,7,M,Dengue without Warning Signs,Recovered
BGO-DNG-01366,2025-02-09,2025,6,Irisan,20,F,Dengue without Warning Signs,Recovered
BGO-DNG-01367,2025-02-09,2025,6,Irisan,30,M,Dengue with Warning Signs,Recovered
BGO-DNG-01368,2025-02-09,2025,6,Cabinet Hill-Teachers Camp,18,F,Dengue without Warning Signs,Recovered
BGO-DNG-01369,2025-02-09,2025,6,Asin Road,44,M,Dengue without Warning Signs,Recovered
BGO-DNG-01370,2025-02-10,2025,7,Irisan,24,M,Dengue with Warning Signs,Recovered
BGO-DNG-01371,2025-02-11,2025,7,San Luis Village,22,M,Dengue with Warning Signs,Recovered
BGO-DNG-01372,2025-02-12,2025,7,Loakan Proper,1,M,Dengue without Warning Signs,Recovered
BGO-DNG-01373,2025-02-12,2025,7,Irisan,24,M,Dengue without Warning Signs,Recovered
BGO-DNG-01374,2025-02-12,2025,7,Bakakeng Central,11,M,Dengue without Warning Signs,Recovered
BGO-DNG-01375,2025-02-13,2025,7,Bakakeng Central,16,F,Dengue without Warning Signs,Recovered
BGO-DNG-01376,2025-02-15,2025,7,Irisan,26,M,Dengue with Warning Signs,Recovered
BGO-DNG-01377,2025-02-15,2025,7,Irisan,18,M,Dengue with Warning Signs,Recovered
BGO-DNG-01378,2025-02-17,2025,8,Irisan,1,M,Severe Dengue,Recovered
BGO-DNG-01379,2025-02-19,2025,8,Camp 7,7,F,Dengue without Warning Signs,Recovered
BGO-DNG-01380,2025-02-20,2025,8,Sto. Tomas Proper,36,F,Dengue without Warning Signs,Recovered
BGO-DNG-01381,2025-02-21,2025,8,Bakakeng Central,14,F,Dengue without Warning Signs,Recovered
BGO-DNG-01382,2025-02-21,2025,8,Asin Road,30,M,Dengue without Warning Signs,Recovered
BGO-DNG-01383,2025-02-22,2025,8,Irisan,33,M,Dengue without Warning Signs,Recovered
BGO-DNG-01384,2025-02-23,2025,8,Sto. Tomas Proper,35,M,Dengue without Warning Signs,Recovered
BGO-DNG-01385,2025-02-24,2025,9,Irisan,49,F,Dengue without Warning Signs,Recovered
BGO-DNG-01386,2025-02-24,2025,9,Irisan,20,M,Dengue without Warning Signs,Recovered
BGO-DNG-01387,2025-02-24,2025,9,Bakakeng Central,13,M,Dengue without Warning Signs,Recovered
BGO-DNG-01388,2025-02-24,2025,9,Quezon Hill Proper,26,F,Dengue without Warning Signs,Recovered
BGO-DNG-01389,2025-02-26,2025,9,Irisan,31,M,Dengue without Warning Signs,Recovered
BGO-DNG-01390,2025-02-26,2025,9,Bakakeng Central,41,F,Severe Dengue,Recovered
BGO-DNG-01391,2025-03-01,2025,9,Camp 7,25,M,Dengue without Warning Signs,Recovered
BGO-DNG-01392,2025-03-03,2025,10,Irisan,28,F,Dengue without Warning Signs,Recovered
BGO-DNG-01393,2025-03-03,2025,10,Bakakeng Central,27,M,Dengue with Warning Signs,Recovered
BGO-DNG-01394,2025-03-03,2025,10,Camp 7,9,M,Dengue without Warning Signs,Recovered
BGO-DNG-01395,2025-03-04,2025,10,Asin Road,9,M,Dengue without Warning Signs,Recovered
BGO-DNG-01396,2025-03-05,2025,10,Asin Road,9,M,Dengue with Warning Signs,Recovered
BGO-DNG-01397,2025-03-05,2025,10,Irisan,4,M,Dengue without Warning Signs,Recovered
BGO-DNG-01398,2025-03-06,2025,10,Loakan Proper,41,F,Dengue without Warning Signs,Recovered
BGO-DNG-01399,2025-03-06,2025,10,Camp 7,26,M,Dengue without Warning Signs,Recovered
BGO-DNG-01400,2025-03-07,2025,10,Dominican-Mirador,24,F,Dengue without Warning Signs,Recovered
BGO-DNG-01401,2025-03-07,2025,10,Irisan,22,F,Dengue without Warning Signs,Recovered
BGO-DNG-01402,2025-03-09,2025,10,Irisan,24,M,Dengue without Warning Signs,Recovered
BGO-DNG-01403,2025-03-09,2025,10,Bakakeng Central,18,M,Dengue without Warning Signs,Recovered
BGO-DNG-01404,2025-03-09,2025,10,Bakakeng Central,50,F,Dengue without Warning Signs,Recovered
BGO-DNG-01405,2025-03-09,2025,10,Gibraltar,39,M,Dengue with Warning Signs,Recovered
BGO-DNG-01406,2025-03-11,2025,11,Holy Ghost Extension,20,F,Dengue without Warning Signs,Recovered
BGO-DNG-01407,2025-03-12,2025,11,San Luis Village,42,F,Dengue without Warning Signs,Recovered
BGO-DNG-01408,2025-03-14,2025,11,Irisan,6,F,Dengue without Warning Signs,Recovered
BGO-DNG-01409,2025-03-14,2025,11,Irisan,11,M,Dengue without Warning Signs,Recovered
BGO-DNG-01410,2025-03-15,2025,11,Irisan,18,M,Dengue with Warning Signs,Recovered
BGO-DNG-01411,2025-03-16,2025,11,Irisan,21,F,Dengue with Warning Signs,Recovered
BGO-DNG-01412,2025-03-16,2025,11,Irisan,23,F,Dengue with Warning Signs,Recovered
BGO-DNG-01413,2025-03-16,2025,11,Sto. Tomas Proper,15,M,Dengue without Warning Signs,Recovered
BGO-DNG-01414,2025-03-16,2025,11,Asin Road,12,F,Dengue without Warning Signs,Recovered
BGO-DNG-01415,2025-03-17,2025,12,Sto. Tomas Proper,1,M,Dengue without Warning Signs,Recovered
BGO-DNG-01416,2025-03-20,2025,12,Irisan,15,M,Dengue without Warning Signs,Recovered
BGO-DNG-01417,2025-03-22,2025,12,Lucnab,43,M,Dengue without Warning Signs,Recovered
BGO-DNG-01418,2025-03-23,2025,12,Irisan,34,F,Dengue without Warning Signs,Recovered
BGO-DNG-01419,2025-03-24,2025,13,Irisan,1,F,Dengue without Warning Signs,Recovered
BGO-DNG-01420,2025-03-25,2025,13,Quezon Hill Proper,17,F,Severe Dengue,Active
BGO-DNG-01421,2025-03-25,2025,13,Asin Road,45,F,Dengue without Warning Signs,Recovered
BGO-DNG-01422,2025-03-26,2025,13,Irisan,1,F,Dengue without Warning Signs,Recovered
BGO-DNG-01423,2025-03-28,2025,13,San Luis Village,17,F,Dengue with Warning Signs,Recovered
BGO-DNG-01424,2025-03-28,2025,13,Irisan,1,M,Dengue with Warning Signs,Recovered
BGO-DNG-01425,2025-03-29,2025,13,Bakakeng Central,9,M,Dengue without Warning Signs,Recovered
BGO-DNG-01426,2025-03-29,2025,13,Irisan,12,M,Dengue without Warning Signs,Recovered
BGO-DNG-01427,2025-03-30,2025,13,Fairview,31,M,Dengue without Warning Signs,Recovered
BGO-DNG-01428,2025-03-30,2025,13,Quezon Hill Proper,14,M,Dengue without Warning Signs,Recovered
BGO-DNG-01429,2025-03-30,2025,13,Camp 7,23,F,Dengue without Warning Signs,Recovered
BGO-DNG-01430,2025-03-31,2025,14,Pinsao Proper,33,M,Dengue without Warning Signs,Recovered
BGO-DNG-01431,2025-03-31,2025,14,Irisan,27,F,Dengue without Warning Signs,Recovered
BGO-DNG-01432,2025-03-31,2025,14,Loakan Proper,33,F,Dengue without Warning Signs,Recovered
BGO-DNG-01433,2025-04-01,2025,14,Asin Road,21,M,Dengue without Warning Signs,Recovered
BGO-DNG-01434,2025-04-01,2025,14,Sto. Tomas Proper,32,F,Dengue without Warning Signs,Recovered
BGO-DNG-01435,2025-04-01,2025,14,Irisan,18,M,Dengue without Warning Signs,Recovered
BGO-DNG-01436,2025-04-01,2025,14,Irisan,26,F,Dengue without Warning Signs,Recovered
BGO-DNG-01437,2025-04-01,2025,14,Fairview,5,F,Dengue without Warning Signs,Recovered
BGO-DNG-01438,2025-04-02,2025,14,Dominican-Mirador,22,M,Dengue with Warning Signs,Recovered
BGO-DNG-01439,2025-04-03,2025,14,Bakakeng Central,1,F,Dengue without Warning Signs,Recovered
BGO-DNG-01440,2025-04-03,2025,14,Pacdal,36,F,Dengue with Warning Signs,Recovered
BGO-DNG-01441,2025-04-03,2025,14,Pinsao Proper,1,M,Dengue without Warning Signs,Recovered
BGO-DNG-01442,2025-04-03,2025,14,Bakakeng Central,30,M,Dengue with Warning Signs,Recovered
BGO-DNG-01443,2025-04-03,2025,14,Camp 7,21,F,Dengue with Warning Signs,Recovered
BGO-DNG-01444,2025-04-04,2025,14,Loakan Proper,28,M,Dengue without Warning Signs,Recovered
BGO-DNG-01445,2025-04-04,2025,14,Irisan,2,M,Dengue without Warning Signs,Recovered
BGO-DNG-01446,2025-04-04,2025,14,Bakakeng Central,26,M,Dengue with Warning Signs,Recovered
BGO-DNG-01447,2025-04-06,2025,14,Fairview,22,M,Dengue with Warning Signs,Recovered
BGO-DNG-01448,2025-04-06,2025,14,Irisan,54,F,Dengue without Warning Signs,Recovered
BGO-DNG-01449,2025-04-07,2025,15,Irisan,18,M,Dengue without Warning Signs,Recovered
BGO-DNG-01450,2025-04-07,2025,15,Sto. Tomas Proper,22,F,Dengue without Warning Signs,Recovered
BGO-DNG-01451,2025-04-08,2025,15,Irisan,2,M,Dengue without Warning Signs,Recovered
BGO-DNG-01452,2025-04-08,2025,15,Irisan,25,F,Dengue without Warning Signs,Recovered
BGO-DNG-01453,2025-04-08,2025,15,San Luis Village,31,F,Dengue without Warning Signs,Recovered
BGO-DNG-01454,2025-04-08,2025,15,Pacdal,27,F,Dengue without Warning Signs,Recovered
BGO-DNG-01455,2025-04-08,2025,15,Holy Ghost Extension,22,F,Dengue without Warning Signs,Recovered
BGO-DNG-01456,2025-04-08,2025,15,Irisan,3,M,Dengue without Warning Signs,Recovered
BGO-DNG-01457,2025-04-09,2025,15,Irisan,26,M,Dengue without Warning Signs,Recovered
BGO-DNG-01458,2025-04-09,2025,15,Irisan,1,F,Dengue with Warning Signs,Recovered
BGO-DNG-01459,2025-04-09,2025,15,Irisan,1,M,Dengue without Warning Signs,Recovered
BGO-DNG-01460,2025-04-09,2025,15,Camp 7,8,F,Dengue without Warning Signs,Recovered
BGO-DNG-01461,2025-04-10,2025,15,Sto. Tomas Proper,34,M,Dengue with Warning Signs,Recovered
BGO-DNG-01462,2025-04-10,2025,15,Bakakeng Central,17,M,Dengue without Warning Signs,Recovered
BGO-DNG-01463,2025-04-10,2025,15,Bakakeng Central,21,F,Dengue without Warning Signs,Recovered
BGO-DNG-01464,2025-04-10,2025,15,Irisan,2,F,Dengue without Warning Signs,Recovered
BGO-DNG-01465,2025-04-13,2025,15,Bakakeng Central,26,M,Dengue without Warning Signs,Recovered
BGO-DNG-01466,2025-04-13,2025,15,Pacdal,14,F,Dengue with Warning Signs,Recovered
BGO-DNG-01467,2025-04-14,2025,16,Asin Road,33,M,Dengue without Warning Signs,Recovered
BGO-DNG-01468,2025-04-15,2025,16,Asin Road,3,F,Dengue without Warning Signs,Recovered
BGO-DNG-01469,2025-04-16,2025,16,Irisan,23,F,Dengue without Warning Signs,Recovered
BGO-DNG-01470,2025-04-16,2025,16,Bakakeng Central,11,M,Severe Dengue,Recovered
BGO-DNG-01471,2025-04-16,2025,16,Irisan,21,M,Dengue without Warning Signs,Recovered
BGO-DNG-01472,2025-04-17,2025,16,Camp 7,52,M,Dengue without Warning Signs,Recovered
BGO-DNG-01473,2025-04-17,2025,16,Gibraltar,5,M,Dengue without Warning Signs,Recovered
BGO-DNG-01474,2025-04-18,2025,16,Balsigan,20,M,Dengue without Warning Signs,Recovered
BGO-DNG-01475,2025-04-18,2025,16,Irisan,25,M,Dengue without Warning Signs,Recovered
BGO-DNG-01476,2025-04-18,2025,16,Irisan,12,F,Dengue without Warning Signs,Recovered
BGO-DNG-01477,2025-04-18,2025,16,Irisan,39,F,Dengue with Warning Signs,Recovered
BGO-DNG-01478,2025-04-18,2025,16,Camp 7,40,M,Dengue without Warning Signs,Recovered
BGO-DNG-01479,2025-04-19,2025,16,Loakan Proper,43,M,Dengue without Warning Signs,Recovered
BGO-DNG-01480,2025-04-19,2025,16,Pacdal,2,M,Severe Dengue,Recovered
BGO-DNG-01481,2025-04-20,2025,16,Irisan,13,F,Dengue with Warning Signs,Recovered
BGO-DNG-01482,2025-04-20,2025,16,Irisan,43,F,Dengue without Warning Signs,Recovered
BGO-DNG-01483,2025-04-21,2025,17,Pinsao Proper,34,M,Dengue without Warning Signs,Recovered
BGO-DNG-01484,2025-04-22,2025,17,Bakakeng Central,7,F,Dengue with Warning Signs,Recovered
BGO-DNG-01485,2025-04-22,2025,17,Irisan,39,M,Dengue without Warning Signs,Recovered
BGO-DNG-01486,2025-04-23,2025,17,Sto. Tomas Proper,36,F,Dengue with Warning Signs,Recovered
BGO-DNG-01487,2025-04-23,2025,17,Pacdal,30,M,Dengue without Warning Signs,Recovered
BGO-DNG-01488,2025-04-24,2025,17,Sto. Tomas Proper,10,M,Dengue without Warning Signs,Recovered
BGO-DNG-01489,2025-04-25,2025,17,Irisan,69,F,Dengue without Warning Signs,Recovered
BGO-DNG-01490,2025-04-25,2025,17,Pacdal,25,F,Dengue without Warning Signs,Recovered
BGO-DNG-01491,2025-04-25,2025,17,Asin Road,37,F,Dengue without Warning Signs,Recovered
BGO-DNG-01492,2025-04-26,2025,17,Camp 7,22,F,Dengue with Warning Signs,Recovered
BGO-DNG-01493,2025-04-26,2025,17,Pacdal,9,F,Dengue without Warning Signs,Recovered
BGO-DNG-01494,2025-04-26,2025,17,Gibraltar,33,M,Dengue without Warning Signs,Recovered
BGO-DNG-01495,2025-04-26,2025,17,Asin Road,17,M,Dengue with Warning Signs,Recovered
BGO-DNG-01496,2025-04-26,2025,17,Irisan,52,F,Dengue without Warning Signs,Recovered
BGO-DNG-01497,2025-04-26,2025,17,Camp 7,33,F,Dengue without Warning Signs,Recovered
BGO-DNG-01498,2025-04-26,2025,17,Irisan,7,F,Dengue with Warning Signs,Recovered
BGO-DNG-01499,2025-04-26,2025,17,Irisan,31,F,Dengue without Warning Signs,Recovered
BGO-DNG-01500,2025-04-27,2025,17,Asin Road,32,M,Dengue with Warning Signs,Recovered
BGO-DNG-01501,2025-04-27,2025,17,Irisan,33,F,Dengue with Warning Signs,Recovered
BGO-DNG-01502,2025-04-27,2025,17,Bakakeng Central,37,F,Dengue without Warning Signs,Recovered
BGO-DNG-01503,2025-04-27,2025,17,Bakakeng North,25,M,Dengue without Warning Signs,Recovered
BGO-DNG-01504,2025-04-28,2025,18,Loakan Proper,29,M,Dengue without Warning Signs,Recovered
BGO-DNG-01505,2025-04-28,2025,18,Irisan,18,M,Dengue without Warning Signs,Recovered
BGO-DNG-01506,2025-04-28,2025,18,Camp 7,10,M,Dengue without Warning Signs,Recovered
BGO-DNG-01507,2025-04-29,2025,18,Bakakeng Central,11,F,Dengue without Warning Signs,Recovered
BGO-DNG-01508,2025-04-29,2025,18,Irisan,16,M,Dengue without Warning Signs,Recovered
BGO-DNG-01509,2025-04-29,2025,18,Sto. Tomas Proper,18,F,Dengue with Warning Signs,Recovered
BGO-DNG-01510,2025-04-30,2025,18,Asin Road,22,M,Dengue without Warning Signs,Recovered
BGO-DNG-01511,2025-04-30,2025,18,Sto. Tomas Proper,36,M,Dengue without Warning Signs,Recovered
BGO-DNG-01512,2025-05-01,2025,18,Bakakeng Central,20,F,Dengue without Warning Signs,Recovered
BGO-DNG-01513,2025-05-02,2025,18,Quezon Hill Proper,20,M,Dengue with Warning Signs,Recovered
BGO-DNG-01514,2025-05-02,2025,18,Irisan,19,F,Dengue without Warning Signs,Recovered
BGO-DNG-01515,2025-05-02,2025,18,Irisan,19,M,Dengue with Warning Signs,Recovered
BGO-DNG-01516,2025-05-03,2025,18,Fairview,44,F,Dengue without Warning Signs,Recovered
BGO-DNG-01517,2025-05-04,2025,18,Irisan,39,F,Dengue without Warning Signs,Recovered
BGO-DNG-01518,2025-05-04,2025,18,Aurora Hill Proper,21,F,Dengue without Warning Signs,Recovered
BGO-DNG-01519,2025-05-04,2025,18,Irisan,7,F,Dengue without Warning Signs,Recovered
BGO-DNG-01520,2025-05-04,2025,18,Irisan,29,F,Dengue without Warning Signs,Recovered
BGO-DNG-01521,2025-05-04,2025,18,Bakakeng Central,18,F,Dengue without Warning Signs,Recovered
BGO-DNG-01522,2025-05-05,2025,19,Pacdal,16,F,Dengue without Warning Signs,Recovered
BGO-DNG-01523,2025-05-05,2025,19,Irisan,34,F,Dengue without Warning Signs,Recovered
BGO-DNG-01524,2025-05-05,2025,19,San Vicente,38,M,Dengue without Warning Signs,Recovered
BGO-DNG-01525,2025-05-06,2025,19,Asin Road,1,F,Dengue with Warning Signs,Recovered
BGO-DNG-01526,2025-05-06,2025,19,Fairview,35,M,Dengue with Warning Signs,Recovered
BGO-DNG-01527,2025-05-07,2025,19,Bakakeng Central,18,M,Dengue with Warning Signs,Recovered
BGO-DNG-01528,2025-05-07,2025,19,Bakakeng Central,20,M,Dengue without Warning Signs,Recovered
BGO-DNG-01529,2025-05-07,2025,19,Bakakeng Central,10,F,Dengue without Warning Signs,Recovered
BGO-DNG-01530,2025-05-07,2025,19,San Luis Village,2,M,Dengue without Warning Signs,Recovered
BGO-DNG-01531,2025-05-08,2025,19,Camp 7,34,F,Dengue without Warning Signs,Recovered
BGO-DNG-01532,2025-05-08,2025,19,Camp 7,16,M,Dengue without Warning Signs,Recovered
BGO-DNG-01533,2025-05-08,2025,19,Camp 7,26,M,Dengue with Warning Signs,Recovered
BGO-DNG-01534,2025-05-10,2025,19,Bakakeng Central,1,F,Dengue without Warning Signs,Recovered
BGO-DNG-01535,2025-05-11,2025,19,Irisan,46,M,Dengue with Warning Signs,Recovered
BGO-DNG-01536,2025-05-11,2025,19,Sto. Tomas Proper,4,F,Dengue with Warning Signs,Recovered
BGO-DNG-01537,2025-05-11,2025,19,Irisan,22,M,Dengue with Warning Signs,Recovered
BGO-DNG-01538,2025-05-11,2025,19,Irisan,37,M,Dengue without Warning Signs,Recovered
BGO-DNG-01539,2025-05-11,2025,19,Pacdal,22,M,Dengue without Warning Signs,Recovered
BGO-DNG-01540,2025-05-12,2025,20,Holy Ghost Extension,9,F,Dengue without Warning Signs,Recovered
BGO-DNG-01541,2025-05-12,2025,20,San Luis Village,22,F,Dengue with Warning Signs,Recovered
BGO-DNG-01542,2025-05-13,2025,20,Irisan,20,F,Dengue without Warning Signs,Recovered
BGO-DNG-01543,2025-05-13,2025,20,Irisan,43,F,Dengue without Warning Signs,Recovered
BGO-DNG-01544,2025-05-14,2025,20,San Vicente,28,M,Dengue without Warning Signs,Recovered
BGO-DNG-01545,2025-05-14,2025,20,Irisan,13,F,Dengue without Warning Signs,Recovered
BGO-DNG-01546,2025-05-15,2025,20,Irisan,42,F,Dengue without Warning Signs,Recovered
BGO-DNG-01547,2025-05-15,2025,20,Aurora Hill Proper,8,F,Dengue without Warning Signs,Recovered
BGO-DNG-01548,2025-05-15,2025,20,Irisan,1,M,Dengue with Warning Signs,Recovered
BGO-DNG-01549,2025-05-15,2025,20,Bakakeng Central,11,F,Dengue without Warning Signs,Recovered
BGO-DNG-01550,2025-05-15,2025,20,Irisan,44,F,Dengue with Warning Signs,Recovered
BGO-DNG-01551,2025-05-15,2025,20,Bakakeng Central,13,F,Dengue with Warning Signs,Recovered
BGO-DNG-01552,2025-05-16,2025,20,Bakakeng Central,35,F,Dengue without Warning Signs,Recovered
BGO-DNG-01553,2025-05-17,2025,20,Pacdal,24,F,Dengue without Warning Signs,Recovered
BGO-DNG-01554,2025-05-17,2025,20,Bakakeng Central,52,F,Dengue without Warning Signs,Recovered
BGO-DNG-01555,2025-05-17,2025,20,Camp 7,28,M,Dengue without Warning Signs,Recovered
BGO-DNG-01556,2025-05-17,2025,20,Irisan,41,M,Dengue with Warning Signs,Recovered
BGO-DNG-01557,2025-05-17,2025,20,Pacdal,10,M,Dengue with Warning Signs,Recovered
BGO-DNG-01558,2025-05-18,2025,20,Irisan,12,F,Dengue without Warning Signs,Recovered
BGO-DNG-01559,2025-05-18,2025,20,Quezon Hill Proper,13,M,Dengue without Warning Signs,Recovered
BGO-DNG-01560,2025-05-19,2025,21,Irisan,36,F,Dengue without Warning Signs,Recovered
BGO-DNG-01561,2025-05-21,2025,21,Balsigan,20,F,Dengue without Warning Signs,Recovered
BGO-DNG-01562,2025-05-21,2025,21,Irisan,40,F,Dengue without Warning Signs,Recovered
BGO-DNG-01563,2025-05-22,2025,21,San Luis Village,14,F,Dengue without Warning Signs,Recovered
BGO-DNG-01564,2025-05-22,2025,21,Bakakeng Central,36,F,Dengue without Warning Signs,Recovered
BGO-DNG-01565,2025-05-22,2025,21,Loakan Proper,26,M,Dengue without Warning Signs,Recovered
BGO-DNG-01566,2025-05-23,2025,21,Asin Road,17,M,Dengue without Warning Signs,Recovered
BGO-DNG-01567,2025-05-23,2025,21,Pacdal,36,F,Dengue without Warning Signs,Recovered
BGO-DNG-01568,2025-05-24,2025,21,Bakakeng Central,5,F,Dengue with Warning Signs,Recovered
BGO-DNG-01569,2025-05-24,2025,21,Irisan,8,F,Dengue without Warning Signs,Recovered
BGO-DNG-01570,2025-05-24,2025,21,Irisan,20,F,Dengue with Warning Signs,Recovered
BGO-DNG-01571,2025-05-25,2025,21,Asin Road,37,F,Dengue without Warning Signs,Recovered
BGO-DNG-01572,2025-05-26,2025,22,Loakan Proper,25,F,Dengue without Warning Signs,Died
BGO-DNG-01573,2025-05-27,2025,22,San Luis Village,12,M,Dengue with Warning Signs,Recovered
BGO-DNG-01574,2025-05-27,2025,22,Sto. Tomas Proper,31,F,Dengue without Warning Signs,Recovered
BGO-DNG-01575,2025-05-27,2025,22,Irisan,22,F,Dengue without Warning Signs,Recovered
BGO-DNG-01576,2025-05-27,2025,22,Camp 7,23,M,Dengue without Warning Signs,Recovered
BGO-DNG-01577,2025-05-28,2025,22,Sto. Tomas Proper,10,M,Dengue without Warning Signs,Recovered
BGO-DNG-01578,2025-05-28,2025,22,Irisan,5,F,Dengue without Warning Signs,Recovered
BGO-DNG-01579,2025-05-28,2025,22,Irisan,11,F,Dengue without Warning Signs,Recovered
BGO-DNG-01580,2025-05-28,2025,22,Irisan,10,F,Dengue with Warning Signs,Recovered
BGO-DNG-01581,2025-05-28,2025,22,Quezon Hill Proper,5,F,Dengue without Warning Signs,Recovered
BGO-DNG-01582,2025-05-29,2025,22,Camp 7,24,F,Dengue without Warning Signs,Recovered
BGO-DNG-01583,2025-05-29,2025,22,Camp 7,15,M,Dengue with Warning Signs,Recovered
BGO-DNG-01584,2025-05-29,2025,22,Aurora Hill Proper,37,M,Dengue without Warning Signs,Recovered
BGO-DNG-01585,2025-05-29,2025,22,Magsaysay Private,22,M,Dengue with Warning Signs,Recovered
BGO-DNG-01586,2025-05-30,2025,22,Loakan Proper,36,M,Dengue without Warning Signs,Recovered
BGO-DNG-01587,2025-05-30,2025,22,Irisan,20,M,Dengue without Warning Signs,Recovered
BGO-DNG-01588,2025-05-30,2025,22,Camp 7,7,M,Dengue without Warning Signs,Recovered
BGO-DNG-01589,2025-05-31,2025,22,Fairview,12,F,Dengue with Warning Signs,Recovered
BGO-DNG-01590,2025-05-31,2025,22,Bakakeng Central,10,M,Dengue without Warning Signs,Recovered
BGO-DNG-01591,2025-05-31,2025,22,Irisan,1,M,Dengue with Warning Signs,Recovered
BGO-DNG-01592,2025-05-31,2025,22,Irisan,33,F,Dengue with Warning Signs,Recovered
BGO-DNG-01593,2025-05-31,2025,22,Irisan,16,M,Dengue without Warning Signs,Recovered
BGO-DNG-01594,2025-05-31,2025,22,Camp 7,41,M,Dengue without Warning Signs,Recovered
BGO-DNG-01595,2025-05-31,2025,22,Irisan,35,M,Dengue without Warning Signs,Recovered
BGO-DNG-01596,2025-05-31,2025,22,Pacdal,1,F,Dengue with Warning Signs,Recovered
BGO-DNG-01597,2025-05-31,2025,22,Irisan,17,F,Dengue with Warning Signs,Recovered
BGO-DNG-01598,2025-06-01,2025,22,Bakakeng Central,13,F,Dengue with Warning Signs,Recovered
BGO-DNG-01599,2025-06-01,2025,22,Irisan,40,M,Dengue without Warning Signs,Recovered
BGO-DNG-01600,2025-06-01,2025,22,Aurora Hill Proper,18,M,Dengue without Warning Signs,Recovered
BGO-DNG-01601,2025-06-01,2025,22,Quezon Hill Proper,42,M,Dengue without Warning Signs,Recovered
BGO-DNG-01602,2025-06-01,2025,22,Asin Road,29,M,Dengue without Warning Signs,Recovered
BGO-DNG-01603,2025-06-01,2025,22,Irisan,19,F,Dengue without Warning Signs,Recovered
BGO-DNG-01604,2025-06-01,2025,22,Gibraltar,18,M,Dengue without Warning Signs,Recovered
BGO-DNG-01605,2025-06-02,2025,23,Asin Road,47,M,Dengue without Warning Signs,Recovered
BGO-DNG-01606,2025-06-02,2025,23,San Luis Village,15,F,Severe Dengue,Recovered
BGO-DNG-01607,2025-06-02,2025,23,Sto. Tomas Proper,47,M,Dengue without Warning Signs,Recovered
BGO-DNG-01608,2025-06-03,2025,23,Asin Road,50,F,Dengue without Warning Signs,Active
BGO-DNG-01609,2025-06-03,2025,23,Asin Road,21,M,Dengue without Warning Signs,Recovered
BGO-DNG-01610,2025-06-03,2025,23,Irisan,36,M,Dengue with Warning Signs,Recovered
BGO-DNG-01611,2025-06-03,2025,23,Gibraltar,16,F,Dengue with Warning Signs,Recovered
BGO-DNG-01612,2025-06-03,2025,23,Irisan,15,M,Dengue with Warning Signs,Recovered
BGO-DNG-01613,2025-06-04,2025,23,Irisan,22,F,Dengue without Warning Signs,Recovered
BGO-DNG-01614,2025-06-04,2025,23,Bakakeng Central,4,M,Dengue with Warning Signs,Recovered
BGO-DNG-01615,2025-06-04,2025,23,Asin Road,12,F,Dengue without Warning Signs,Recovered
BGO-DNG-01616,2025-06-05,2025,23,Irisan,46,F,Dengue without Warning Signs,Recovered
BGO-DNG-01617,2025-06-05,2025,23,Irisan,39,F,Dengue with Warning Signs,Recovered
BGO-DNG-01618,2025-06-05,2025,23,Pacdal,6,F,Dengue with Warning Signs,Recovered
BGO-DNG-01619,2025-06-05,2025,23,Loakan Proper,29,F,Dengue without Warning Signs,Died
BGO-DNG-01620,2025-06-05,2025,23,Camp 7,10,M,Dengue without Warning Signs,Recovered
BGO-DNG-01621,2025-06-05,2025,23,Irisan,26,F,Dengue without Warning Signs,Recovered
BGO-DNG-01622,2025-06-06,2025,23,Aurora Hill Proper,21,M,Dengue without Warning Signs,Recovered
BGO-DNG-01623,2025-06-06,2025,23,Asin Road,27,F,Dengue without Warning Signs,Recovered
BGO-DNG-01624,2025-06-06,2025,23,Irisan,33,M,Dengue without Warning Signs,Recovered
BGO-DNG-01625,2025-06-06,2025,23,Bakakeng Central,13,M,Dengue with Warning Signs,Recovered
BGO-DNG-01626,2025-06-06,2025,23,Sto. Tomas Proper,25,M,Dengue without Warning Signs,Recovered
BGO-DNG-01627,2025-06-06,2025,23,Irisan,15,M,Dengue without Warning Signs,Recovered
BGO-DNG-01628,2025-06-06,2025,23,Irisan,10,F,Dengue with Warning Signs,Recovered
BGO-DNG-01629,2025-06-06,2025,23,Camp 7,10,M,Dengue with Warning Signs,Recovered
BGO-DNG-01630,2025-06-06,2025,23,Camp 7,37,F,Dengue without Warning Signs,Recovered
BGO-DNG-01631,2025-06-07,2025,23,Irisan,43,F,Dengue without Warning Signs,Recovered
BGO-DNG-01632,2025-06-07,2025,23,Pinsao Proper,31,F,Dengue without Warning Signs,Recovered
BGO-DNG-01633,2025-06-07,2025,23,Pinsao Proper,25,M,Dengue without Warning Signs,Recovered
BGO-DNG-01634,2025-06-07,2025,23,Irisan,42,F,Dengue without Warning Signs,Recovered
BGO-DNG-01635,2025-06-07,2025,23,Holy Ghost Extension,16,F,Dengue without Warning Signs,Recovered
BGO-DNG-01636,2025-06-07,2025,23,Irisan,35,M,Dengue without Warning Signs,Recovered
BGO-DNG-01637,2025-06-07,2025,23,Gibraltar,25,M,Dengue without Warning Signs,Recovered
BGO-DNG-01638,2025-06-08,2025,23,Irisan,24,M,Dengue without Warning Signs,Recovered
BGO-DNG-01639,2025-06-08,2025,23,Irisan,32,F,Dengue without Warning Signs,Recovered
BGO-DNG-01640,2025-06-08,2025,23,San Luis Village,15,M,Dengue with Warning Signs,Recovered
BGO-DNG-01641,2025-06-08,2025,23,Irisan,33,M,Dengue without Warning Signs,Recovered
BGO-DNG-01642,2025-06-08,2025,23,Asin Road,21,M,Dengue without Warning Signs,Recovered
BGO-DNG-01643,2025-06-09,2025,24,Gibraltar,14,M,Dengue with Warning Signs,Recovered
BGO-DNG-01644,2025-06-09,2025,24,Irisan,22,M,Dengue without Warning Signs,Recovered
BGO-DNG-01645,2025-06-09,2025,24,Irisan,29,F,Dengue without Warning Signs,Recovered
BGO-DNG-01646,2025-06-09,2025,24,Quezon Hill Proper,46,F,Dengue without Warning Signs,Active
BGO-DNG-01647,2025-06-09,2025,24,Dominican-Mirador,23,M,Dengue without Warning Signs,Recovered
BGO-DNG-01648,2025-06-09,2025,24,Bakakeng Central,21,M,Dengue with Warning Signs,Recovered
BGO-DNG-01649,2025-06-10,2025,24,Irisan,25,F,Dengue without Warning Signs,Recovered
BGO-DNG-01650,2025-06-10,2025,24,Camp 7,39,F,Dengue without Warning Signs,Recovered
BGO-DNG-01651,2025-06-10,2025,24,Dominican-Mirador,1,F,Dengue without Warning Signs,Recovered
BGO-DNG-01652,2025-06-10,2025,24,Fairview,2,F,Dengue without Warning Signs,Recovered
BGO-DNG-01653,2025-06-10,2025,24,Irisan,26,M,Dengue without Warning Signs,Recovered
BGO-DNG-01654,2025-06-10,2025,24,Asin Road,27,M,Dengue without Warning Signs,Recovered
BGO-DNG-01655,2025-06-11,2025,24,Irisan,7,F,Severe Dengue,Recovered
BGO-DNG-01656,2025-06-11,2025,24,Irisan,13,M,Dengue without Warning Signs,Recovered
BGO-DNG-01657,2025-06-11,2025,24,Gibraltar,8,M,Dengue without Warning Signs,Active
BGO-DNG-01658,2025-06-11,2025,24,Loakan Proper,39,M,Dengue without Warning Signs,Recovered
BGO-DNG-01659,2025-06-11,2025,24,Aurora Hill Proper,35,M,Dengue without Warning Signs,Recovered
BGO-DNG-01660,2025-06-11,2025,24,Camp 7,24,M,Dengue without Warning Signs,Recovered
BGO-DNG-01661,2025-06-12,2025,24,Camp 7,34,F,Dengue without Warning Signs,Recovered
BGO-DNG-01662,2025-06-12,2025,24,Asin Road,47,M,Dengue with Warning Signs,Recovered
BGO-DNG-01663,2025-06-12,2025,24,Camp 7,42,F,Dengue without Warning Signs,Recovered
BGO-DNG-01664,2025-06-12,2025,24,Pinsao Proper,22,M,Dengue without Warning Signs,Recovered
BGO-DNG-01665,2025-06-12,2025,24,Gibraltar,3,F,Dengue without Warning Signs,Recovered
BGO-DNG-01666,2025-06-12,2025,24,Irisan,30,F,Dengue without Warning Signs,Recovered
BGO-DNG-01667,2025-06-13,2025,24,Asin Road,21,F,Dengue without Warning Signs,Recovered
BGO-DNG-01668,2025-06-13,2025,24,Irisan,1,M,Dengue without Warning Signs,Recovered
BGO-DNG-01669,2025-06-13,2025,24,Irisan,9,M,Dengue without Warning Signs,Recovered
BGO-DNG-01670,2025-06-13,2025,24,Irisan,27,M,Dengue without Warning Signs,Recovered
BGO-DNG-01671,2025-06-13,2025,24,Sto. Tomas Proper,37,F,Dengue without Warning Signs,Recovered
BGO-DNG-01672,2025-06-14,2025,24,Camp 7,20,M,Dengue with Warning Signs,Recovered
BGO-DNG-01673,2025-06-14,2025,24,Irisan,8,F,Dengue without Warning Signs,Recovered
BGO-DNG-01674,2025-06-14,2025,24,Irisan,29,F,Dengue without Warning Signs,Recovered
BGO-DNG-01675,2025-06-14,2025,24,Irisan,28,M,Dengue without Warning Signs,Recovered
BGO-DNG-01676,2025-06-14,2025,24,Asin Road,31,F,Dengue without Warning Signs,Recovered
BGO-DNG-01677,2025-06-14,2025,24,Irisan,35,M,Dengue without Warning Signs,Recovered
BGO-DNG-01678,2025-06-14,2025,24,Camp 7,25,F,Dengue with Warning Signs,Recovered
BGO-DNG-01679,2025-06-14,2025,24,Irisan,17,F,Dengue with Warning Signs,Recovered
BGO-DNG-01680,2025-06-15,2025,24,San Luis Village,21,M,Dengue without Warning Signs,Recovered
BGO-DNG-01681,2025-06-15,2025,24,Irisan,26,F,Dengue without Warning Signs,Recovered
BGO-DNG-01682,2025-06-15,2025,24,Holy Ghost Extension,16,F,Dengue without Warning Signs,Recovered
BGO-DNG-01683,2025-06-15,2025,24,Irisan,11,M,Dengue without Warning Signs,Recovered
BGO-DNG-01684,2025-06-15,2025,24,Pinsao Proper,24,M,Dengue without Warning Signs,Active
BGO-DNG-01685,2025-06-15,2025,24,Irisan,38,M,Dengue with Warning Signs,Recovered
BGO-DNG-01686,2025-06-16,2025,25,Bakakeng Central,45,F,Dengue without Warning Signs,Recovered
BGO-DNG-01687,2025-06-16,2025,25,Irisan,27,F,Dengue without Warning Signs,Recovered
BGO-DNG-01688,2025-06-16,2025,25,Bakakeng Central,27,F,Dengue without Warning Signs,Recovered
BGO-DNG-01689,2025-06-16,2025,25,Fairview,28,M,Dengue with Warning Signs,Recovered
BGO-DNG-01690,2025-06-16,2025,25,Irisan,27,F,Dengue without Warning Signs,Recovered
BGO-DNG-01691,2025-06-16,2025,25,Camp 7,31,M,Dengue without Warning Signs,Recovered
BGO-DNG-01692,2025-06-16,2025,25,Pinsao Proper,1,F,Dengue without Warning Signs,Recovered
BGO-DNG-01693,2025-06-16,2025,25,Pinsao Proper,5,M,Dengue without Warning Signs,Recovered
BGO-DNG-01694,2025-06-16,2025,25,Sto. Tomas Proper,6,M,Dengue without Warning Signs,Recovered
BGO-DNG-01695,2025-06-16,2025,25,Irisan,1,F,Dengue without Warning Signs,Recovered
BGO-DNG-01696,2025-06-16,2025,25,Quezon Hill Proper,32,M,Dengue without Warning Signs,Recovered
BGO-DNG-01697,2025-06-16,2025,25,Irisan,23,M,Dengue without Warning Signs,Recovered
BGO-DNG-01698,2025-06-16,2025,25,San Vicente,7,M,Dengue without Warning Signs,Recovered
BGO-DNG-01699,2025-06-17,2025,25,Irisan,21,M,Dengue without Warning Signs,Recovered
BGO-DNG-01700,2025-06-17,2025,25,Loakan Proper,38,M,Dengue without Warning Signs,Recovered
BGO-DNG-01701,2025-06-17,2025,25,Camp 7,22,M,Dengue without Warning Signs,Recovered
BGO-DNG-01702,2025-06-17,2025,25,Balsigan,40,F,Dengue with Warning Signs,Recovered
BGO-DNG-01703,2025-06-17,2025,25,Irisan,39,M,Dengue without Warning Signs,Recovered
BGO-DNG-01704,2025-06-17,2025,25,Bakakeng North,28,M,Dengue without Warning Signs,Recovered
BGO-DNG-01705,2025-06-17,2025,25,Loakan Proper,28,M,Dengue without Warning Signs,Recovered
BGO-DNG-01706,2025-06-18,2025,25,Lucnab,31,M,Dengue without Warning Signs,Recovered
BGO-DNG-01707,2025-06-18,2025,25,Camp 7,18,F,Dengue with Warning Signs,Recovered
BGO-DNG-01708,2025-06-18,2025,25,Loakan Proper,20,M,Dengue with Warning Signs,Recovered
BGO-DNG-01709,2025-06-18,2025,25,Asin Road,19,M,Dengue without Warning Signs,Recovered
BGO-DNG-01710,2025-06-19,2025,25,Gibraltar,28,M,Dengue without Warning Signs,Recovered
BGO-DNG-01711,2025-06-19,2025,25,Sto. Tomas Proper,18,M,Dengue without Warning Signs,Recovered
BGO-DNG-01712,2025-06-19,2025,25,Kias,16,F,Dengue without Warning Signs,Recovered
BGO-DNG-01713,2025-06-19,2025,25,Bakakeng Central,19,F,Dengue without Warning Signs,Recovered
BGO-DNG-01714,2025-06-19,2025,25,Irisan,26,M,Dengue without Warning Signs,Recovered
BGO-DNG-01715,2025-06-19,2025,25,Fairview,41,M,Dengue with Warning Signs,Recovered
BGO-DNG-01716,2025-06-19,2025,25,Kias,31,M,Dengue without Warning Signs,Recovered
BGO-DNG-01717,2025-06-19,2025,25,Pinsao Proper,9,M,Dengue without Warning Signs,Recovered
BGO-DNG-01718,2025-06-19,2025,25,Irisan,15,M,Dengue without Warning Signs,Recovered
BGO-DNG-01719,2025-06-19,2025,25,Camp 7,6,F,Dengue without Warning Signs,Recovered
BGO-DNG-01720,2025-06-19,2025,25,Pacdal,43,M,Dengue with Warning Signs,Recovered
BGO-DNG-01721,2025-06-20,2025,25,Camp 7,16,F,Dengue with Warning Signs,Recovered
BGO-DNG-01722,2025-06-20,2025,25,Bakakeng Central,12,F,Dengue without Warning Signs,Recovered
BGO-DNG-01723,2025-06-20,2025,25,Asin Road,19,M,Dengue with Warning Signs,Recovered
BGO-DNG-01724,2025-06-20,2025,25,Asin Road,20,M,Dengue without Warning Signs,Recovered
BGO-DNG-01725,2025-06-20,2025,25,Irisan,2,M,Dengue without Warning Signs,Recovered
BGO-DNG-01726,2025-06-20,2025,25,Irisan,11,F,Dengue without Warning Signs,Recovered
BGO-DNG-01727,2025-06-20,2025,25,San Vicente,34,F,Dengue without Warning Signs,Recovered
BGO-DNG-01728,2025-06-21,2025,25,Pinsao Proper,4,F,Dengue with Warning Signs,Recovered
BGO-DNG-01729,2025-06-21,2025,25,Quezon Hill Proper,23,M,Dengue without Warning Signs,Recovered
BGO-DNG-01730,2025-06-21,2025,25,Bakakeng Central,4,F,Dengue without Warning Signs,Recovered
BGO-DNG-01731,2025-06-21,2025,25,Camp 7,46,F,Severe Dengue,Recovered
BGO-DNG-01732,2025-06-21,2025,25,Pinsao Proper,18,F,Dengue without Warning Signs,Recovered
BGO-DNG-01733,2025-06-21,2025,25,Asin Road,5,M,Dengue without Warning Signs,Recovered
BGO-DNG-01734,2025-06-22,2025,25,Bakakeng Central,31,F,Dengue without Warning Signs,Recovered
BGO-DNG-01735,2025-06-22,2025,25,Irisan,32,F,Dengue without Warning Signs,Recovered
BGO-DNG-01736,2025-06-22,2025,25,Irisan,9,F,Dengue without Warning Signs,Recovered
BGO-DNG-01737,2025-06-22,2025,25,Pinsao Proper,21,F,Dengue without Warning Signs,Recovered
BGO-DNG-01738,2025-06-23,2025,26,San Luis Village,32,F,Dengue without Warning Signs,Recovered
BGO-DNG-01739,2025-06-23,2025,26,Asin Road,28,M,Dengue with Warning Signs,Recovered
BGO-DNG-01740,2025-06-23,2025,26,Bakakeng Central,35,M,Dengue with Warning Signs,Recovered
BGO-DNG-01741,2025-06-23,2025,26,Camp 7,32,M,Dengue without Warning Signs,Recovered
BGO-DNG-01742,2025-06-23,2025,26,Asin Road,35,M,Dengue without Warning Signs,Recovered
BGO-DNG-01743,2025-06-23,2025,26,Aurora Hill Proper,37,M,Dengue with Warning Signs,Recovered
BGO-DNG-01744,2025-06-24,2025,26,Asin Road,31,M,Dengue without Warning Signs,Recovered
BGO-DNG-01745,2025-06-24,2025,26,Bakakeng Central,30,M,Dengue without Warning Signs,Recovered
BGO-DNG-01746,2025-06-24,2025,26,Loakan Proper,28,F,Dengue with Warning Signs,Recovered
BGO-DNG-01747,2025-06-24,2025,26,Irisan,15,F,Dengue without Warning Signs,Recovered
BGO-DNG-01748,2025-06-24,2025,26,Irisan,10,M,Dengue without Warning Signs,Recovered
BGO-DNG-01749,2025-06-24,2025,26,Bakakeng Central,48,F,Dengue with Warning Signs,Recovered
BGO-DNG-01750,2025-06-24,2025,26,Irisan,5,F,Dengue without Warning Signs,Recovered
BGO-DNG-01751,2025-06-24,2025,26,Irisan,29,F,Dengue without Warning Signs,Recovered
BGO-DNG-01752,2025-06-24,2025,26,Magsaysay Private,20,M,Dengue without Warning Signs,Recovered
BGO-DNG-01753,2025-06-24,2025,26,Ambiong,28,F,Dengue without Warning Signs,Recovered
BGO-DNG-01754,2025-06-25,2025,26,Irisan,39,M,Dengue without Warning Signs,Recovered
BGO-DNG-01755,2025-06-25,2025,26,Sto. Tomas Proper,7,M,Dengue without Warning Signs,Recovered
BGO-DNG-01756,2025-06-25,2025,26,Irisan,21,M,Dengue without Warning Signs,Recovered
BGO-DNG-01757,2025-06-25,2025,26,Aurora Hill Proper,17,M,Dengue without Warning Signs,Recovered
BGO-DNG-01758,2025-06-25,2025,26,Irisan,23,M,Dengue without Warning Signs,Recovered
BGO-DNG-01759,2025-06-25,2025,26,Irisan,30,F,Dengue without Warning Signs,Recovered
BGO-DNG-01760,2025-06-25,2025,26,Asin Road,22,F,Dengue without Warning Signs,Recovered
BGO-DNG-01761,2025-06-26,2025,26,Irisan,20,M,Dengue without Warning Signs,Recovered
BGO-DNG-01762,2025-06-26,2025,26,Irisan,11,M,Dengue without Warning Signs,Recovered
BGO-DNG-01763,2025-06-26,2025,26,Irisan,35,F,Dengue without Warning Signs,Recovered
BGO-DNG-01764,2025-06-26,2025,26,Bakakeng Central,34,F,Dengue without Warning Signs,Active
BGO-DNG-01765,2025-06-26,2025,26,Irisan,1,M,Dengue without Warning Signs,Recovered
BGO-DNG-01766,2025-06-26,2025,26,Irisan,16,M,Dengue with Warning Signs,Recovered
BGO-DNG-01767,2025-06-27,2025,26,Pacdal,11,F,Dengue with Warning Signs,Recovered
BGO-DNG-01768,2025-06-27,2025,26,Gibraltar,22,F,Dengue without Warning Signs,Recovered
BGO-DNG-01769,2025-06-27,2025,26,Irisan,38,M,Dengue without Warning Signs,Recovered
BGO-DNG-01770,2025-06-27,2025,26,Irisan,37,M,Dengue without Warning Signs,Recovered
BGO-DNG-01771,2025-06-27,2025,26,Bakakeng Central,12,M,Severe Dengue,Recovered
BGO-DNG-01772,2025-06-28,2025,26,Sto. Tomas Proper,11,M,Dengue without Warning Signs,Recovered
BGO-DNG-01773,2025-06-28,2025,26,Camp 7,37,F,Dengue with Warning Signs,Recovered
BGO-DNG-01774,2025-06-28,2025,26,Quezon Hill Proper,28,F,Dengue without Warning Signs,Recovered
BGO-DNG-01775,2025-06-28,2025,26,Pinsao Proper,26,M,Dengue without Warning Signs,Recovered
BGO-DNG-01776,2025-06-28,2025,26,San Luis Village,9,M,Dengue without Warning Signs,Recovered
BGO-DNG-01777,2025-06-28,2025,26,Gibraltar,29,M,Dengue with Warning Signs,Recovered
BGO-DNG-01778,2025-06-28,2025,26,Bakakeng Central,7,M,Dengue without Warning Signs,Recovered
BGO-DNG-01779,2025-06-28,2025,26,Irisan,39,F,Dengue without Warning Signs,Recovered
BGO-DNG-01780,2025-06-29,2025,26,Irisan,55,M,Dengue without Warning Signs,Recovered
BGO-DNG-01781,2025-06-29,2025,26,Bakakeng Central,20,M,Dengue without Warning Signs,Recovered
BGO-DNG-01782,2025-06-29,2025,26,Irisan,24,F,Dengue without Warning Signs,Recovered
BGO-DNG-01783,2025-06-29,2025,26,Irisan,31,M,Dengue with Warning Signs,Recovered
BGO-DNG-01784,2025-06-29,2025,26,Irisan,19,M,Dengue without Warning Signs,Recovered
BGO-DNG-01785,2025-06-29,2025,26,Bakakeng Central,21,F,Dengue without Warning Signs,Recovered
BGO-DNG-01786,2025-06-30,2025,27,Loakan Proper,20,F,Severe Dengue,Recovered
BGO-DNG-01787,2025-06-30,2025,27,Bakakeng Central,28,M,Dengue without Warning Signs,Recovered
BGO-DNG-01788,2025-06-30,2025,27,Asin Road,16,F,Dengue without Warning Signs,Recovered
BGO-DNG-01789,2025-06-30,2025,27,Dominican-Mirador,1,F,Dengue without Warning Signs,Recovered
BGO-DNG-01790,2025-06-30,2025,27,Asin Road,1,M,Dengue with Warning Signs,Recovered
BGO-DNG-01791,2025-06-30,2025,27,Irisan,37,M,Dengue without Warning Signs,Recovered
BGO-DNG-01792,2025-06-30,2025,27,Irisan,28,F,Dengue without Warning Signs,Recovered
BGO-DNG-01793,2025-07-01,2025,27,Irisan,2,F,Dengue without Warning Signs,Recovered
BGO-DNG-01794,2025-07-01,2025,27,Loakan Proper,25,F,Dengue without Warning Signs,Recovered
BGO-DNG-01795,2025-07-01,2025,27,Bakakeng Central,45,M,Dengue without Warning Signs,Recovered
BGO-DNG-01796,2025-07-02,2025,27,Bakakeng North,35,M,Dengue without Warning Signs,Recovered
BGO-DNG-01797,2025-07-02,2025,27,Loakan Proper,1,F,Dengue with Warning Signs,Recovered
BGO-DNG-01798,2025-07-02,2025,27,Camp 7,12,M,Dengue without Warning Signs,Recovered
BGO-DNG-01799,2025-07-02,2025,27,Asin Road,37,M,Dengue without Warning Signs,Recovered
BGO-DNG-01800,2025-07-02,2025,27,Irisan,41,M,Dengue without Warning Signs,Recovered
BGO-DNG-01801,2025-07-02,2025,27,Quezon Hill Proper,35,F,Dengue without Warning Signs,Recovered
BGO-DNG-01802,2025-07-03,2025,27,Camp 7,21,F,Dengue without Warning Signs,Recovered
BGO-DNG-01803,2025-07-03,2025,27,Bakakeng North,16,M,Dengue with Warning Signs,Recovered
BGO-DNG-01804,2025-07-03,2025,27,Irisan,24,M,Dengue with Warning Signs,Recovered
BGO-DNG-01805,2025-07-03,2025,27,Pacdal,39,F,Dengue with Warning Signs,Recovered
BGO-DNG-01806,2025-07-03,2025,27,Irisan,17,M,Dengue without Warning Signs,Recovered
BGO-DNG-01807,2025-07-03,2025,27,Irisan,5,M,Dengue without Warning Signs,Recovered
BGO-DNG-01808,2025-07-04,2025,27,Loakan Proper,29,F,Dengue without Warning Signs,Recovered
BGO-DNG-01809,2025-07-04,2025,27,San Luis Village,1,M,Dengue without Warning Signs,Recovered
BGO-DNG-01810,2025-07-04,2025,27,Irisan,12,M,Dengue with Warning Signs,Recovered
BGO-DNG-01811,2025-07-04,2025,27,Sto. Tomas Proper,33,M,Dengue without Warning Signs,Recovered
BGO-DNG-01812,2025-07-04,2025,27,San Luis Village,32,M,Dengue without Warning Signs,Recovered
BGO-DNG-01813,2025-07-04,2025,27,Pacdal,31,M,Dengue without Warning Signs,Recovered
BGO-DNG-01814,2025-07-04,2025,27,Gibraltar,18,M,Dengue without Warning Signs,Recovered
BGO-DNG-01815,2025-07-04,2025,27,Asin Road,34,M,Dengue without Warning Signs,Recovered
BGO-DNG-01816,2025-07-05,2025,27,Irisan,1,M,Dengue without Warning Signs,Recovered
BGO-DNG-01817,2025-07-05,2025,27,Irisan,19,F,Dengue with Warning Signs,Recovered
BGO-DNG-01818,2025-07-05,2025,27,Camp 7,43,F,Dengue without Warning Signs,Recovered
BGO-DNG-01819,2025-07-05,2025,27,Camp 7,29,M,Severe Dengue,Recovered
BGO-DNG-01820,2025-07-06,2025,27,Camp 7,13,F,Dengue without Warning Signs,Recovered
BGO-DNG-01821,2025-07-06,2025,27,Sto. Tomas Proper,17,F,Dengue with Warning Signs,Recovered
BGO-DNG-01822,2025-07-06,2025,27,Irisan,3,M,Dengue without Warning Signs,Recovered
BGO-DNG-01823,2025-07-06,2025,27,Gibraltar,7,F,Dengue with Warning Signs,Recovered
BGO-DNG-01824,2025-07-06,2025,27,Irisan,22,M,Dengue without Warning Signs,Recovered
BGO-DNG-01825,2025-07-06,2025,27,Pacdal,1,M,Dengue without Warning Signs,Recovered
BGO-DNG-01826,2025-07-06,2025,27,Irisan,16,F,Dengue without Warning Signs,Recovered
BGO-DNG-01827,2025-07-06,2025,27,Pinsao Proper,23,M,Dengue without Warning Signs,Recovered
BGO-DNG-01828,2025-07-06,2025,27,Camp 7,10,M,Dengue without Warning Signs,Recovered
BGO-DNG-01829,2025-07-06,2025,27,Irisan,24,F,Dengue without Warning Signs,Recovered
BGO-DNG-01830,2025-07-07,2025,28,Irisan,25,F,Dengue with Warning Signs,Recovered
BGO-DNG-01831,2025-07-07,2025,28,Loakan Proper,17,M,Dengue without Warning Signs,Recovered
BGO-DNG-01832,2025-07-07,2025,28,Bakakeng Central,14,M,Dengue without Warning Signs,Recovered
BGO-DNG-01833,2025-07-07,2025,28,Irisan,10,M,Dengue without Warning Signs,Recovered
BGO-DNG-01834,2025-07-07,2025,28,Irisan,32,M,Dengue without Warning Signs,Recovered
BGO-DNG-01835,2025-07-07,2025,28,Irisan,32,M,Dengue with Warning Signs,Died
BGO-DNG-01836,2025-07-08,2025,28,Bakakeng Central,9,M,Dengue without Warning Signs,Recovered
BGO-DNG-01837,2025-07-08,2025,28,Irisan,35,M,Dengue without Warning Signs,Recovered
BGO-DNG-01838,2025-07-08,2025,28,Irisan,36,M,Dengue without Warning Signs,Recovered
BGO-DNG-01839,2025-07-08,2025,28,Kias,35,F,Dengue without Warning Signs,Recovered
BGO-DNG-01840,2025-07-08,2025,28,Ambiong,56,F,Dengue with Warning Signs,Recovered
BGO-DNG-01841,2025-07-08,2025,28,Bakakeng Central,30,M,Dengue without Warning Signs,Recovered
BGO-DNG-01842,2025-07-08,2025,28,Irisan,23,M,Dengue without Warning Signs,Recovered
BGO-DNG-01843,2025-07-08,2025,28,Irisan,11,F,Dengue without Warning Signs,Recovered
BGO-DNG-01844,2025-07-08,2025,28,Irisan,8,F,Dengue with Warning Signs,Recovered
BGO-DNG-01845,2025-07-08,2025,28,San Luis Village,21,F,Dengue without Warning Signs,Recovered
BGO-DNG-01846,2025-07-09,2025,28,Irisan,43,M,Dengue without Warning Signs,Recovered
BGO-DNG-01847,2025-07-09,2025,28,Irisan,30,F,Dengue without Warning Signs,Recovered
BGO-DNG-01848,2025-07-09,2025,28,Fairview,1,M,Dengue without Warning Signs,Recovered
BGO-DNG-01849,2025-07-09,2025,28,Irisan,36,M,Dengue with Warning Signs,Recovered
BGO-DNG-01850,2025-07-09,2025,28,Pinsao Proper,5,F,Dengue without Warning Signs,Recovered
BGO-DNG-01851,2025-07-10,2025,28,Holy Ghost Extension,34,F,Dengue with Warning Signs,Recovered
BGO-DNG-01852,2025-07-10,2025,28,Irisan,13,F,Dengue without Warning Signs,Recovered
BGO-DNG-01853,2025-07-10,2025,28,Camp 7,16,F,Dengue without Warning Signs,Recovered
BGO-DNG-01854,2025-07-10,2025,28,Irisan,32,F,Dengue without Warning Signs,Recovered
BGO-DNG-01855,2025-07-10,2025,28,Gibraltar,23,M,Dengue without Warning Signs,Recovered
BGO-DNG-01856,2025-07-11,2025,28,Irisan,7,F,Dengue without Warning Signs,Recovered
BGO-DNG-01857,2025-07-11,2025,28,Irisan,37,M,Dengue with Warning Signs,Recovered
BGO-DNG-01858,2025-07-12,2025,28,Sto. Tomas Proper,6,M,Dengue without Warning Signs,Recovered
BGO-DNG-01859,2025-07-12,2025,28,Irisan,32,M,Dengue without Warning Signs,Recovered
BGO-DNG-01860,2025-07-12,2025,28,Irisan,20,M,Dengue without Warning Signs,Recovered
BGO-DNG-01861,2025-07-12,2025,28,Pacdal,25,F,Dengue without Warning Signs,Recovered
BGO-DNG-01862,2025-07-12,2025,28,Irisan,5,F,Severe Dengue,Recovered
BGO-DNG-01863,2025-07-12,2025,28,San Luis Village,63,M,Dengue without Warning Signs,Recovered
BGO-DNG-01864,2025-07-12,2025,28,Irisan,19,M,Dengue without Warning Signs,Recovered
BGO-DNG-01865,2025-07-12,2025,28,Bakakeng Central,10,M,Dengue without Warning Signs,Recovered
BGO-DNG-01866,2025-07-12,2025,28,Sto. Tomas Proper,14,F,Dengue without Warning Signs,Recovered
BGO-DNG-01867,2025-07-12,2025,28,Kias,24,M,Dengue without Warning Signs,Recovered
BGO-DNG-01868,2025-07-12,2025,28,San Luis Village,28,F,Dengue without Warning Signs,Recovered
BGO-DNG-01869,2025-07-13,2025,28,Irisan,27,F,Dengue without Warning Signs,Recovered
BGO-DNG-01870,2025-07-13,2025,28,Asin Road,25,F,Dengue without Warning Signs,Recovered
BGO-DNG-01871,2025-07-13,2025,28,Pacdal,8,M,Dengue without Warning Signs,Recovered
BGO-DNG-01872,2025-07-13,2025,28,Camp 7,44,M,Dengue without Warning Signs,Recovered
BGO-DNG-01873,2025-07-13,2025,28,Asin Road,41,M,Dengue without Warning Signs,Recovered
BGO-DNG-01874,2025-07-13,2025,28,Irisan,1,M,Severe Dengue,Recovered
BGO-DNG-01875,2025-07-13,2025,28,Camp 7,17,F,Dengue without Warning Signs,Recovered
BGO-DNG-01876,2025-07-13,2025,28,Camp 7,39,F,Dengue without Warning Signs,Recovered
BGO-DNG-01877,2025-07-14,2025,29,Bakakeng Central,22,M,Dengue without Warning Signs,Recovered
BGO-DNG-01878,2025-07-14,2025,29,Camp 7,32,M,Dengue with Warning Signs,Recovered
BGO-DNG-01879,2025-07-14,2025,29,Irisan,32,F,Dengue without Warning Signs,Recovered
BGO-DNG-01880,2025-07-14,2025,29,San Luis Village,25,F,Dengue without Warning Signs,Recovered
BGO-DNG-01881,2025-07-14,2025,29,Irisan,43,M,Dengue without Warning Signs,Recovered
BGO-DNG-01882,2025-07-14,2025,29,Camp 7,48,M,Dengue without Warning Signs,Recovered
BGO-DNG-01883,2025-07-14,2025,29,Aurora Hill Proper,9,M,Severe Dengue,Recovered
BGO-DNG-01884,2025-07-15,2025,29,Irisan,26,F,Dengue without Warning Signs,Recovered
BGO-DNG-01885,2025-07-15,2025,29,Kias,29,M,Dengue without Warning Signs,Recovered
BGO-DNG-01886,2025-07-15,2025,29,Irisan,51,F,Dengue without Warning Signs,Recovered
BGO-DNG-01887,2025-07-15,2025,29,Loakan Proper,16,M,Dengue without Warning Signs,Recovered
BGO-DNG-01888,2025-07-15,2025,29,Bakakeng Central,49,M,Dengue without Warning Signs,Recovered
BGO-DNG-01889,2025-07-15,2025,29,Irisan,6,F,Dengue without Warning Signs,Recovered
BGO-DNG-01890,2025-07-15,2025,29,Bakakeng North,36,M,Dengue with Warning Signs,Recovered
BGO-DNG-01891,2025-07-16,2025,29,Pacdal,45,F,Dengue without Warning Signs,Recovered
BGO-DNG-01892,2025-07-16,2025,29,Camp 7,44,M,Dengue without Warning Signs,Recovered
BGO-DNG-01893,2025-07-16,2025,29,San Vicente,23,M,Dengue without Warning Signs,Recovered
BGO-DNG-01894,2025-07-16,2025,29,Irisan,21,M,Dengue without Warning Signs,Recovered
BGO-DNG-01895,2025-07-17,2025,29,Bakakeng Central,64,F,Dengue with Warning Signs,Recovered
BGO-DNG-01896,2025-07-17,2025,29,Irisan,20,M,Dengue without Warning Signs,Recovered
BGO-DNG-01897,2025-07-17,2025,29,Pinsao Proper,1,F,Dengue without Warning Signs,Recovered
BGO-DNG-01898,2025-07-17,2025,29,Happy Hallow,22,M,Dengue without Warning Signs,Recovered
BGO-DNG-01899,2025-07-17,2025,29,Irisan,28,M,Dengue with Warning Signs,Recovered
BGO-DNG-01900,2025-07-17,2025,29,Fairview,5,M,Dengue without Warning Signs,Recovered
BGO-DNG-01901,2025-07-18,2025,29,Camp 7,30,M,Dengue without Warning Signs,Recovered
BGO-DNG-01902,2025-07-18,2025,29,Quezon Hill Proper,1,M,Dengue with Warning Signs,Recovered
BGO-DNG-01903,2025-07-18,2025,29,Irisan,8,M,Dengue without Warning Signs,Recovered
BGO-DNG-01904,2025-07-18,2025,29,Bakakeng Central,1,F,Dengue without Warning Signs,Recovered
BGO-DNG-01905,2025-07-18,2025,29,Bakakeng Central,30,M,Dengue without Warning Signs,Recovered
BGO-DNG-01906,2025-07-18,2025,29,Pacdal,31,M,Dengue with Warning Signs,Recovered
BGO-DNG-01907,2025-07-18,2025,29,Irisan,2,F,Dengue without Warning Signs,Recovered
BGO-DNG-01908,2025-07-19,2025,29,Camp 7,20,M,Dengue without Warning Signs,Recovered
BGO-DNG-01909,2025-07-19,2025,29,San Luis Village,37,M,Dengue with Warning Signs,Recovered
BGO-DNG-01910,2025-07-19,2025,29,Asin Road,23,M,Dengue without Warning Signs,Recovered
BGO-DNG-01911,2025-07-19,2025,29,Gibraltar,47,M,Dengue without Warning Signs,Recovered
BGO-DNG-01912,2025-07-19,2025,29,San Luis Village,6,F,Severe Dengue,Recovered
BGO-DNG-01913,2025-07-20,2025,29,Pinsao Proper,12,F,Dengue without Warning Signs,Recovered
BGO-DNG-01914,2025-07-20,2025,29,Irisan,38,M,Dengue without Warning Signs,Recovered
BGO-DNG-01915,2025-07-20,2025,29,Irisan,21,M,Dengue without Warning Signs,Recovered
BGO-DNG-01916,2025-07-20,2025,29,Pacdal,8,F,Dengue without Warning Signs,Recovered
BGO-DNG-01917,2025-07-20,2025,29,Irisan,12,F,Dengue without Warning Signs,Recovered
BGO-DNG-01918,2025-07-20,2025,29,Camp 7,26,M,Dengue without Warning Signs,Active
BGO-DNG-01919,2025-07-20,2025,29,San Luis Village,35,F,Dengue with Warning Signs,Recovered
BGO-DNG-01920,2025-07-21,2025,30,Camp 7,20,F,Dengue with Warning Signs,Recovered
BGO-DNG-01921,2025-07-21,2025,30,Irisan,23,M,Dengue without Warning Signs,Recovered
BGO-DNG-01922,2025-07-21,2025,30,Camp 7,37,F,Dengue with Warning Signs,Recovered
BGO-DNG-01923,2025-07-21,2025,30,Bakakeng Central,14,F,Dengue with Warning Signs,Recovered
BGO-DNG-01924,2025-07-21,2025,30,Irisan,24,M,Dengue without Warning Signs,Recovered
BGO-DNG-01925,2025-07-21,2025,30,Irisan,11,M,Dengue without Warning Signs,Recovered
BGO-DNG-01926,2025-07-22,2025,30,Pacdal,23,F,Dengue without Warning Signs,Recovered
BGO-DNG-01927,2025-07-22,2025,30,Irisan,34,M,Severe Dengue,Recovered
BGO-DNG-01928,2025-07-22,2025,30,Camp 7,6,F,Dengue without Warning Signs,Recovered
BGO-DNG-01929,2025-07-23,2025,30,Irisan,11,M,Dengue without Warning Signs,Recovered
BGO-DNG-01930,2025-07-23,2025,30,Sto. Tomas Proper,31,F,Dengue with Warning Signs,Recovered
BGO-DNG-01931,2025-07-23,2025,30,Bakakeng North,16,M,Dengue with Warning Signs,Recovered
BGO-DNG-01932,2025-07-23,2025,30,Asin Road,36,F,Dengue without Warning Signs,Recovered
BGO-DNG-01933,2025-07-23,2025,30,Loakan Proper,20,M,Dengue with Warning Signs,Recovered
BGO-DNG-01934,2025-07-23,2025,30,Irisan,21,M,Dengue with Warning Signs,Recovered
BGO-DNG-01935,2025-07-23,2025,30,Loakan Proper,10,M,Dengue without Warning Signs,Recovered
BGO-DNG-01936,2025-07-24,2025,30,Irisan,29,M,Severe Dengue,Recovered
BGO-DNG-01937,2025-07-24,2025,30,Irisan,36,F,Dengue without Warning Signs,Recovered
BGO-DNG-01938,2025-07-24,2025,30,Irisan,24,F,Dengue without Warning Signs,Recovered
BGO-DNG-01939,2025-07-24,2025,30,Bakakeng Central,44,M,Dengue without Warning Signs,Recovered
BGO-DNG-01940,2025-07-24,2025,30,Camp 7,39,F,Dengue without Warning Signs,Recovered
BGO-DNG-01941,2025-07-24,2025,30,Irisan,26,F,Dengue without Warning Signs,Recovered
BGO-DNG-01942,2025-07-24,2025,30,Bakakeng Central,11,F,Dengue without Warning Signs,Recovered
BGO-DNG-01943,2025-07-24,2025,30,Irisan,36,M,Dengue with Warning Signs,Recovered
BGO-DNG-01944,2025-07-24,2025,30,Kias,1,M,Dengue without Warning Signs,Recovered
BGO-DNG-01945,2025-07-24,2025,30,Camp 7,32,M,Dengue with Warning Signs,Recovered
BGO-DNG-01946,2025-07-24,2025,30,Bakakeng Central,35,F,Dengue with Warning Signs,Recovered
BGO-DNG-01947,2025-07-25,2025,30,Irisan,3,M,Dengue without Warning Signs,Recovered
BGO-DNG-01948,2025-07-25,2025,30,Pacdal,15,M,Dengue without Warning Signs,Recovered
BGO-DNG-01949,2025-07-25,2025,30,Kias,15,F,Dengue without Warning Signs,Recovered
BGO-DNG-01950,2025-07-26,2025,30,Happy Hallow,33,F,Dengue with Warning Signs,Recovered
BGO-DNG-01951,2025-07-26,2025,30,Irisan,21,F,Dengue with Warning Signs,Recovered
BGO-DNG-01952,2025-07-26,2025,30,Loakan Proper,43,M,Dengue without Warning Signs,Recovered
BGO-DNG-01953,2025-07-26,2025,30,Pinsao Proper,15,F,Dengue without Warning Signs,Recovered
BGO-DNG-01954,2025-07-26,2025,30,Irisan,21,F,Dengue without Warning Signs,Active
BGO-DNG-01955,2025-07-26,2025,30,Irisan,36,M,Dengue without Warning Signs,Recovered
BGO-DNG-01956,2025-07-27,2025,30,Bakakeng Central,36,F,Dengue without Warning Signs,Recovered
BGO-DNG-01957,2025-07-27,2025,30,Sto. Tomas Proper,15,F,Dengue without Warning Signs,Recovered
BGO-DNG-01958,2025-07-27,2025,30,Irisan,19,F,Dengue with Warning Signs,Recovered
BGO-DNG-01959,2025-07-27,2025,30,Asin Road,6,F,Dengue without Warning Signs,Recovered
BGO-DNG-01960,2025-07-27,2025,30,Irisan,31,F,Dengue with Warning Signs,Recovered
BGO-DNG-01961,2025-07-27,2025,30,Asin Road,42,F,Dengue without Warning Signs,Recovered
BGO-DNG-01962,2025-07-27,2025,30,Camp 7,22,M,Dengue with Warning Signs,Recovered
BGO-DNG-01963,2025-07-28,2025,31,Irisan,9,M,Dengue without Warning Signs,Recovered
BGO-DNG-01964,2025-07-28,2025,31,Bakakeng North,30,M,Dengue without Warning Signs,Recovered
BGO-DNG-01965,2025-07-28,2025,31,Irisan,29,M,Dengue without Warning Signs,Recovered
BGO-DNG-01966,2025-07-28,2025,31,Irisan,30,M,Dengue with Warning Signs,Recovered
BGO-DNG-01967,2025-07-28,2025,31,Irisan,44,F,Dengue without Warning Signs,Recovered
BGO-DNG-01968,2025-07-28,2025,31,Bakakeng North,10,M,Severe Dengue,Recovered
BGO-DNG-01969,2025-07-28,2025,31,Irisan,27,F,Dengue with Warning Signs,Recovered
BGO-DNG-01970,2025-07-29,2025,31,Bakakeng Central,22,F,Dengue without Warning Signs,Recovered
BGO-DNG-01971,2025-07-29,2025,31,Irisan,35,M,Dengue without Warning Signs,Recovered
BGO-DNG-01972,2025-07-29,2025,31,Camp 7,1,M,Dengue with Warning Signs,Recovered
BGO-DNG-01973,2025-07-29,2025,31,Loakan Proper,34,M,Dengue without Warning Signs,Recovered
BGO-DNG-01974,2025-07-29,2025,31,Irisan,1,M,Dengue without Warning Signs,Recovered
BGO-DNG-01975,2025-07-29,2025,31,Pinsao Proper,4,M,Dengue without Warning Signs,Recovered
BGO-DNG-01976,2025-07-29,2025,31,Irisan,25,F,Dengue with Warning Signs,Active
BGO-DNG-01977,2025-07-29,2025,31,Bakakeng Central,19,F,Severe Dengue,Recovered
BGO-DNG-01978,2025-07-30,2025,31,Holy Ghost Extension,18,F,Dengue without Warning Signs,Recovered
BGO-DNG-01979,2025-07-30,2025,31,Irisan,22,F,Dengue with Warning Signs,Recovered
BGO-DNG-01980,2025-07-30,2025,31,Camp 7,22,M,Dengue without Warning Signs,Recovered
BGO-DNG-01981,2025-07-30,2025,31,Camp 7,27,M,Dengue without Warning Signs,Recovered
BGO-DNG-01982,2025-07-30,2025,31,Pinsao Proper,14,M,Dengue without Warning Signs,Recovered
BGO-DNG-01983,2025-07-30,2025,31,Camp 7,17,F,Dengue with Warning Signs,Recovered
BGO-DNG-01984,2025-07-30,2025,31,Irisan,32,F,Dengue without Warning Signs,Recovered
BGO-DNG-01985,2025-07-30,2025,31,Camp 7,28,M,Dengue without Warning Signs,Recovered
BGO-DNG-01986,2025-07-31,2025,31,Pacdal,1,M,Dengue without Warning Signs,Recovered
BGO-DNG-01987,2025-07-31,2025,31,Camp 7,50,M,Dengue without Warning Signs,Recovered
BGO-DNG-01988,2025-07-31,2025,31,Irisan,43,M,Severe Dengue,Recovered
BGO-DNG-01989,2025-07-31,2025,31,Asin Road,16,M,Dengue without Warning Signs,Recovered
BGO-DNG-01990,2025-08-01,2025,31,Bakakeng Central,24,M,Dengue without Warning Signs,Recovered
BGO-DNG-01991,2025-08-01,2025,31,Irisan,16,F,Dengue without Warning Signs,Recovered
BGO-DNG-01992,2025-08-01,2025,31,Ambiong,7,F,Dengue without Warning Signs,Recovered
BGO-DNG-01993,2025-08-01,2025,31,Happy Hallow,37,F,Dengue without Warning Signs,Recovered
BGO-DNG-01994,2025-08-01,2025,31,Camp 7,18,M,Dengue without Warning Signs,Recovered
BGO-DNG-01995,2025-08-01,2025,31,Irisan,23,F,Severe Dengue,Recovered
BGO-DNG-01996,2025-08-02,2025,31,Irisan,5,F,Dengue without Warning Signs,Recovered
BGO-DNG-01997,2025-08-02,2025,31,Asin Road,35,M,Dengue without Warning Signs,Recovered
BGO-DNG-01998,2025-08-02,2025,31,Loakan Proper,30,F,Dengue without Warning Signs,Recovered
BGO-DNG-01999,2025-08-03,2025,31,Irisan,9,F,Dengue without Warning Signs,Recovered
BGO-DNG-02000,2025-08-03,2025,31,Aurora Hill Proper,31,F,Dengue without Warning Signs,Recovered
BGO-DNG-02001,2025-08-03,2025,31,Bakakeng Central,14,F,Dengue with Warning Signs,Recovered
BGO-DNG-02002,2025-08-03,2025,31,San Luis Village,28,F,Dengue without Warning Signs,Recovered
BGO-DNG-02003,2025-08-03,2025,31,Gibraltar,29,M,Dengue without Warning Signs,Recovered
BGO-DNG-02004,2025-08-03,2025,31,Camp 7,18,M,Dengue without Warning Signs,Recovered
BGO-DNG-02005,2025-08-03,2025,31,Irisan,23,F,Dengue without Warning Signs,Recovered
BGO-DNG-02006,2025-08-03,2025,31,Irisan,27,M,Dengue without Warning Signs,Recovered
BGO-DNG-02007,2025-08-03,2025,31,Pinsao Proper,24,M,Dengue with Warning Signs,Recovered
BGO-DNG-02008,2025-08-04,2025,32,Camp 7,24,F,Dengue with Warning Signs,Recovered
BGO-DNG-02009,2025-08-04,2025,32,Asin Road,51,F,Dengue without Warning Signs,Recovered
BGO-DNG-02010,2025-08-04,2025,32,Sto. Tomas Proper,20,F,Dengue without Warning Signs,Recovered
BGO-DNG-02011,2025-08-04,2025,32,Gibraltar,27,M,Severe Dengue,Recovered
BGO-DNG-02012,2025-08-04,2025,32,Irisan,20,F,Dengue without Warning Signs,Recovered
BGO-DNG-02013,2025-08-04,2025,32,Irisan,28,F,Dengue with Warning Signs,Recovered
BGO-DNG-02014,2025-08-04,2025,32,Asin Road,35,F,Dengue without Warning Signs,Recovered
BGO-DNG-02015,2025-08-04,2025,32,Quezon Hill Proper,30,F,Dengue without Warning Signs,Recovered
BGO-DNG-02016,2025-08-04,2025,32,Irisan,17,F,Dengue without Warning Signs,Recovered
BGO-DNG-02017,2025-08-05,2025,32,Bakakeng North,6,F,Dengue without Warning Signs,Recovered
BGO-DNG-02018,2025-08-05,2025,32,Irisan,38,M,Dengue with Warning Signs,Recovered
BGO-DNG-02019,2025-08-05,2025,32,Irisan,39,F,Dengue without Warning Signs,Recovered
BGO-DNG-02020,2025-08-05,2025,32,Loakan Proper,29,F,Dengue without Warning Signs,Recovered
BGO-DNG-02021,2025-08-05,2025,32,Irisan,1,F,Dengue with Warning Signs,Recovered
BGO-DNG-02022,2025-08-05,2025,32,Happy Hallow,25,M,Dengue without Warning Signs,Recovered
BGO-DNG-02023,2025-08-05,2025,32,Gibraltar,21,M,Dengue without Warning Signs,Recovered
BGO-DNG-02024,2025-08-05,2025,32,Camp 7,29,F,Dengue with Warning Signs,Recovered
BGO-DNG-02025,2025-08-05,2025,32,Irisan,13,F,Dengue without Warning Signs,Recovered
BGO-DNG-02026,2025-08-06,2025,32,Irisan,26,M,Dengue without Warning Signs,Recovered
BGO-DNG-02027,2025-08-06,2025,32,Dominican-Mirador,25,M,Dengue without Warning Signs,Recovered
BGO-DNG-02028,2025-08-06,2025,32,Bakakeng Central,13,M,Dengue with Warning Signs,Recovered
BGO-DNG-02029,2025-08-06,2025,32,Asin Road,29,M,Dengue without Warning Signs,Recovered
BGO-DNG-02030,2025-08-06,2025,32,Loakan Proper,16,M,Dengue without Warning Signs,Recovered
BGO-DNG-02031,2025-08-06,2025,32,San Luis Village,24,F,Dengue without Warning Signs,Recovered
BGO-DNG-02032,2025-08-07,2025,32,Irisan,13,F,Dengue without Warning Signs,Recovered
BGO-DNG-02033,2025-08-07,2025,32,Camp 7,26,M,Dengue without Warning Signs,Recovered
BGO-DNG-02034,2025-08-07,2025,32,Asin Road,23,F,Dengue without Warning Signs,Recovered
BGO-DNG-02035,2025-08-08,2025,32,Dominican-Mirador,1,M,Dengue without Warning Signs,Recovered
BGO-DNG-02036,2025-08-08,2025,32,Irisan,17,M,Dengue without Warning Signs,Recovered
BGO-DNG-02037,2025-08-08,2025,32,Irisan,12,F,Dengue with Warning Signs,Recovered
BGO-DNG-02038,2025-08-08,2025,32,Camp 7,10,M,Dengue without Warning Signs,Recovered
BGO-DNG-02039,2025-08-08,2025,32,Asin Road,26,M,Dengue without Warning Signs,Recovered
BGO-DNG-02040,2025-08-08,2025,32,Irisan,2,F,Dengue without Warning Signs,Recovered
BGO-DNG-02041,2025-08-08,2025,32,Sto. Tomas Proper,26,F,Dengue with Warning Signs,Recovered
BGO-DNG-02042,2025-08-09,2025,32,Irisan,18,F,Dengue without Warning Signs,Recovered
BGO-DNG-02043,2025-08-09,2025,32,Camp 7,11,M,Dengue without Warning Signs,Active
BGO-DNG-02044,2025-08-09,2025,32,Irisan,29,F,Dengue without Warning Signs,Recovered
BGO-DNG-02045,2025-08-09,2025,32,Magsaysay Private,16,F,Dengue without Warning Signs,Recovered
BGO-DNG-02046,2025-08-09,2025,32,Irisan,45,M,Dengue without Warning Signs,Recovered
BGO-DNG-02047,2025-08-10,2025,32,Irisan,40,F,Dengue without Warning Signs,Recovered
BGO-DNG-02048,2025-08-10,2025,32,Camp 7,6,M,Dengue without Warning Signs,Recovered
BGO-DNG-02049,2025-08-10,2025,32,Irisan,11,F,Dengue without Warning Signs,Recovered
BGO-DNG-02050,2025-08-10,2025,32,Bakakeng Central,22,M,Dengue without Warning Signs,Recovered
BGO-DNG-02051,2025-08-11,2025,33,Sto. Tomas Proper,14,M,Dengue without Warning Signs,Recovered
BGO-DNG-02052,2025-08-11,2025,33,Irisan,1,F,Dengue without Warning Signs,Recovered
BGO-DNG-02053,2025-08-11,2025,33,Bakakeng Central,35,M,Dengue without Warning Signs,Recovered
BGO-DNG-02054,2025-08-11,2025,33,Pacdal,23,M,Dengue with Warning Signs,Recovered
BGO-DNG-02055,2025-08-11,2025,33,Asin Road,19,F,Dengue without Warning Signs,Recovered
BGO-DNG-02056,2025-08-11,2025,33,Irisan,12,M,Dengue with Warning Signs,Recovered
BGO-DNG-02057,2025-08-11,2025,33,Camp 7,2,M,Dengue without Warning Signs,Recovered
BGO-DNG-02058,2025-08-11,2025,33,Irisan,24,F,Dengue without Warning Signs,Recovered
BGO-DNG-02059,2025-08-11,2025,33,Sto. Tomas Proper,33,F,Dengue without Warning Signs,Recovered
BGO-DNG-02060,2025-08-11,2025,33,Asin Road,18,M,Dengue without Warning Signs,Recovered
BGO-DNG-02061,2025-08-12,2025,33,Bakakeng Central,10,F,Severe Dengue,Recovered
BGO-DNG-02062,2025-08-12,2025,33,Pacdal,14,F,Dengue without Warning Signs,Recovered
BGO-DNG-02063,2025-08-12,2025,33,Sto. Tomas Proper,18,M,Dengue with Warning Signs,Recovered
BGO-DNG-02064,2025-08-12,2025,33,Asin Road,6,F,Dengue without Warning Signs,Recovered
BGO-DNG-02065,2025-08-12,2025,33,Asin Road,12,M,Dengue with Warning Signs,Recovered
BGO-DNG-02066,2025-08-12,2025,33,Irisan,13,F,Dengue without Warning Signs,Recovered
BGO-DNG-02067,2025-08-12,2025,33,Camp 7,1,M,Dengue with Warning Signs,Recovered
BGO-DNG-02068,2025-08-12,2025,33,Pacdal,7,F,Dengue with Warning Signs,Recovered
BGO-DNG-02069,2025-08-12,2025,33,Bakakeng North,28,F,Dengue without Warning Signs,Recovered
BGO-DNG-02070,2025-08-13,2025,33,Irisan,1,M,Dengue without Warning Signs,Recovered
BGO-DNG-02071,2025-08-13,2025,33,Irisan,18,M,Dengue with Warning Signs,Recovered
BGO-DNG-02072,2025-08-13,2025,33,Irisan,21,F,Dengue without Warning Signs,Recovered
BGO-DNG-02073,2025-08-14,2025,33,Irisan,24,M,Dengue without Warning Signs,Recovered
BGO-DNG-02074,2025-08-14,2025,33,Bakakeng North,22,M,Dengue without Warning Signs,Recovered
BGO-DNG-02075,2025-08-14,2025,33,Irisan,10,M,Dengue without Warning Signs,Recovered
BGO-DNG-02076,2025-08-14,2025,33,Bakakeng North,30,M,Dengue without Warning Signs,Recovered
BGO-DNG-02077,2025-08-14,2025,33,Bakakeng Central,3,M,Dengue without Warning Signs,Recovered
BGO-DNG-02078,2025-08-14,2025,33,Sto. Tomas Proper,29,M,Dengue with Warning Signs,Recovered
BGO-DNG-02079,2025-08-15,2025,33,Pinsao Proper,8,F,Dengue without Warning Signs,Recovered
BGO-DNG-02080,2025-08-15,2025,33,Camp 7,22,F,Dengue without Warning Signs,Recovered
BGO-DNG-02081,2025-08-15,2025,33,Camp 7,35,F,Dengue without Warning Signs,Recovered
BGO-DNG-02082,2025-08-15,2025,33,Irisan,43,F,Dengue without Warning Signs,Recovered
BGO-DNG-02083,2025-08-15,2025,33,Bakakeng Central,32,M,Dengue without Warning Signs,Recovered
BGO-DNG-02084,2025-08-16,2025,33,Quezon Hill Proper,1,F,Dengue without Warning Signs,Recovered
BGO-DNG-02085,2025-08-16,2025,33,Irisan,1,F,Severe Dengue,Recovered
BGO-DNG-02086,2025-08-17,2025,33,Irisan,6,M,Dengue with Warning Signs,Recovered
BGO-DNG-02087,2025-08-17,2025,33,Irisan,25,M,Dengue with Warning Signs,Recovered
BGO-DNG-02088,2025-08-17,2025,33,Pacdal,1,M,Dengue without Warning Signs,Recovered
BGO-DNG-02089,2025-08-17,2025,33,Loakan Proper,14,F,Dengue without Warning Signs,Recovered
BGO-DNG-02090,2025-08-17,2025,33,Camp 7,20,F,Dengue without Warning Signs,Recovered
BGO-DNG-02091,2025-08-17,2025,33,Bakakeng Central,23,M,Dengue without Warning Signs,Recovered
BGO-DNG-02092,2025-08-17,2025,33,Irisan,16,M,Dengue without Warning Signs,Recovered
BGO-DNG-02093,2025-08-18,2025,34,Irisan,35,F,Dengue without Warning Signs,Recovered
BGO-DNG-02094,2025-08-18,2025,34,Balsigan,23,M,Severe Dengue,Recovered
BGO-DNG-02095,2025-08-18,2025,34,Sto. Tomas Proper,38,M,Dengue with Warning Signs,Recovered
BGO-DNG-02096,2025-08-18,2025,34,Camp 7,28,M,Dengue without Warning Signs,Recovered
BGO-DNG-02097,2025-08-19,2025,34,Irisan,24,M,Dengue without Warning Signs,Recovered
BGO-DNG-02098,2025-08-19,2025,34,Gibraltar,9,F,Dengue without Warning Signs,Recovered
BGO-DNG-02099,2025-08-19,2025,34,Gibraltar,25,F,Dengue without Warning Signs,Recovered
BGO-DNG-02100,2025-08-19,2025,34,Irisan,23,F,Dengue without Warning Signs,Recovered
BGO-DNG-02101,2025-08-19,2025,34,Sto. Tomas Proper,33,F,Dengue without Warning Signs,Recovered
BGO-DNG-02102,2025-08-19,2025,34,Pinsao Proper,5,F,Dengue without Warning Signs,Recovered
BGO-DNG-02103,2025-08-19,2025,34,Asin Road,28,F,Dengue without Warning Signs,Recovered
BGO-DNG-02104,2025-08-19,2025,34,Irisan,34,M,Dengue without Warning Signs,Recovered
BGO-DNG-02105,2025-08-20,2025,34,Bakakeng Central,48,F,Dengue without Warning Signs,Recovered
BGO-DNG-02106,2025-08-20,2025,34,Irisan,47,F,Dengue with Warning Signs,Recovered
BGO-DNG-02107,2025-08-20,2025,34,Irisan,3,M,Dengue without Warning Signs,Recovered
BGO-DNG-02108,2025-08-20,2025,34,Bakakeng Central,1,M,Dengue without Warning Signs,Recovered
BGO-DNG-02109,2025-08-20,2025,34,Loakan Proper,37,M,Dengue without Warning Signs,Recovered
BGO-DNG-02110,2025-08-20,2025,34,Bakakeng Central,20,F,Dengue with Warning Signs,Recovered
BGO-DNG-02111,2025-08-20,2025,34,Bakakeng Central,1,F,Dengue with Warning Signs,Recovered
BGO-DNG-02112,2025-08-20,2025,34,Irisan,31,M,Severe Dengue,Recovered
BGO-DNG-02113,2025-08-20,2025,34,Asin Road,28,M,Dengue without Warning Signs,Recovered
BGO-DNG-02114,2025-08-20,2025,34,Sto. Tomas Proper,45,F,Dengue without Warning Signs,Recovered
BGO-DNG-02115,2025-08-20,2025,34,Irisan,24,F,Dengue with Warning Signs,Active
BGO-DNG-02116,2025-08-20,2025,34,Irisan,2,M,Dengue with Warning Signs,Recovered
BGO-DNG-02117,2025-08-21,2025,34,Camp 7,31,F,Dengue with Warning Signs,Recovered
BGO-DNG-02118,2025-08-21,2025,34,Bakakeng North,44,M,Dengue without Warning Signs,Recovered
BGO-DNG-02119,2025-08-21,2025,34,Camp 7,29,F,Dengue without Warning Signs,Recovered
BGO-DNG-02120,2025-08-21,2025,34,Irisan,20,F,Dengue without Warning Signs,Recovered
BGO-DNG-02121,2025-08-21,2025,34,Sto. Tomas Proper,35,M,Dengue without Warning Signs,Recovered
BGO-DNG-02122,2025-08-21,2025,34,Camp 7,12,F,Dengue without Warning Signs,Recovered
BGO-DNG-02123,2025-08-21,2025,34,Loakan Proper,17,M,Dengue without Warning Signs,Recovered
BGO-DNG-02124,2025-08-21,2025,34,Irisan,32,M,Dengue without Warning Signs,Recovered
BGO-DNG-02125,2025-08-21,2025,34,Irisan,1,F,Dengue without Warning Signs,Recovered
BGO-DNG-02126,2025-08-21,2025,34,Camp 7,29,M,Dengue without Warning Signs,Recovered
BGO-DNG-02127,2025-08-21,2025,34,Irisan,31,F,Dengue without Warning Signs,Recovered
BGO-DNG-02128,2025-08-21,2025,34,Irisan,18,F,Dengue without Warning Signs,Recovered
BGO-DNG-02129,2025-08-21,2025,34,Gibraltar,41,F,Dengue with Warning Signs,Recovered
BGO-DNG-02130,2025-08-21,2025,34,Kias,41,F,Dengue without Warning Signs,Recovered
BGO-DNG-02131,2025-08-21,2025,34,Asin Road,29,F,Dengue without Warning Signs,Recovered
BGO-DNG-02132,2025-08-22,2025,34,Bakakeng Central,10,F,Dengue without Warning Signs,Recovered
BGO-DNG-02133,2025-08-22,2025,34,Camp 7,18,M,Dengue without Warning Signs,Recovered
BGO-DNG-02134,2025-08-22,2025,34,Irisan,14,F,Dengue without Warning Signs,Recovered
BGO-DNG-02135,2025-08-22,2025,34,Bakakeng Central,32,M,Dengue without Warning Signs,Recovered
BGO-DNG-02136,2025-08-22,2025,34,Pinsao Proper,31,M,Dengue with Warning Signs,Recovered
BGO-DNG-02137,2025-08-22,2025,34,Irisan,16,M,Dengue with Warning Signs,Recovered
BGO-DNG-02138,2025-08-22,2025,34,San Luis Village,10,M,Dengue without Warning Signs,Recovered
BGO-DNG-02139,2025-08-22,2025,34,Irisan,15,M,Dengue without Warning Signs,Recovered
BGO-DNG-02140,2025-08-22,2025,34,Irisan,17,M,Dengue with Warning Signs,Recovered
BGO-DNG-02141,2025-08-22,2025,34,Irisan,9,M,Dengue without Warning Signs,Recovered
BGO-DNG-02142,2025-08-22,2025,34,Gibraltar,30,M,Dengue without Warning Signs,Recovered
BGO-DNG-02143,2025-08-22,2025,34,Irisan,10,F,Dengue without Warning Signs,Recovered
BGO-DNG-02144,2025-08-23,2025,34,Fairview,18,M,Dengue with Warning Signs,Recovered
BGO-DNG-02145,2025-08-23,2025,34,Balsigan,26,M,Severe Dengue,Active
BGO-DNG-02146,2025-08-23,2025,34,Aurora Hill Proper,19,M,Dengue without Warning Signs,Recovered
BGO-DNG-02147,2025-08-23,2025,34,Irisan,27,M,Dengue without Warning Signs,Recovered
BGO-DNG-02148,2025-08-24,2025,34,Asin Road,17,M,Dengue without Warning Signs,Recovered
BGO-DNG-02149,2025-08-24,2025,34,Asin Road,26,M,Dengue without Warning Signs,Recovered
BGO-DNG-02150,2025-08-24,2025,34,San Vicente,15,F,Dengue with Warning Signs,Recovered
BGO-DNG-02151,2025-08-24,2025,34,Dominican-Mirador,8,F,Dengue without Warning Signs,Recovered
BGO-DNG-02152,2025-08-24,2025,34,Sto. Tomas Proper,23,F,Dengue without Warning Signs,Recovered
BGO-DNG-02153,2025-08-24,2025,34,Irisan,1,M,Dengue without Warning Signs,Recovered
BGO-DNG-02154,2025-08-24,2025,34,Irisan,15,M,Dengue without Warning Signs,Recovered
BGO-DNG-02155,2025-08-25,2025,35,Aurora Hill Proper,41,F,Dengue without Warning Signs,Recovered
BGO-DNG-02156,2025-08-25,2025,35,Irisan,16,F,Dengue with Warning Signs,Recovered
BGO-DNG-02157,2025-08-25,2025,35,Pinsao Proper,2,F,Dengue without Warning Signs,Recovered
BGO-DNG-02158,2025-08-25,2025,35,San Luis Village,28,F,Dengue without Warning Signs,Recovered
BGO-DNG-02159,2025-08-25,2025,35,San Luis Village,27,F,Dengue without Warning Signs,Recovered
BGO-DNG-02160,2025-08-25,2025,35,Holy Ghost Extension,28,F,Severe Dengue,Recovered
BGO-DNG-02161,2025-08-25,2025,35,Irisan,22,F,Dengue with Warning Signs,Recovered
BGO-DNG-02162,2025-08-25,2025,35,Asin Road,25,F,Dengue without Warning Signs,Recovered
BGO-DNG-02163,2025-08-25,2025,35,Camp 7,37,M,Dengue without Warning Signs,Recovered
BGO-DNG-02164,2025-08-25,2025,35,Camp 7,43,F,Dengue with Warning Signs,Recovered
BGO-DNG-02165,2025-08-26,2025,35,Irisan,12,M,Dengue with Warning Signs,Recovered
BGO-DNG-02166,2025-08-26,2025,35,Irisan,40,F,Dengue without Warning Signs,Recovered
BGO-DNG-02167,2025-08-26,2025,35,Irisan,1,M,Dengue without Warning Signs,Recovered
BGO-DNG-02168,2025-08-26,2025,35,Quezon Hill Proper,29,M,Dengue with Warning Signs,Recovered
BGO-DNG-02169,2025-08-26,2025,35,Aurora Hill Proper,19,F,Dengue without Warning Signs,Recovered
BGO-DNG-02170,2025-08-26,2025,35,Irisan,34,M,Severe Dengue,Recovered
BGO-DNG-02171,2025-08-27,2025,35,Pacdal,25,F,Dengue without Warning Signs,Recovered
BGO-DNG-02172,2025-08-27,2025,35,Bakakeng Central,17,M,Dengue without Warning Signs,Recovered
BGO-DNG-02173,2025-08-27,2025,35,Camp 7,29,M,Dengue without Warning Signs,Recovered
BGO-DNG-02174,2025-08-27,2025,35,Asin Road,31,M,Dengue with Warning Signs,Recovered
BGO-DNG-02175,2025-08-27,2025,35,Irisan,24,F,Dengue with Warning Signs,Recovered
BGO-DNG-02176,2025-08-28,2025,35,Irisan,29,F,Dengue without Warning Signs,Recovered
BGO-DNG-02177,2025-08-28,2025,35,Irisan,25,F,Dengue without Warning Signs,Recovered
BGO-DNG-02178,2025-08-28,2025,35,San Luis Village,22,F,Dengue without Warning Signs,Recovered
BGO-DNG-02179,2025-08-28,2025,35,Irisan,27,F,Dengue without Warning Signs,Recovered
BGO-DNG-02180,2025-08-29,2025,35,Loakan Proper,8,F,Dengue with Warning Signs,Recovered
BGO-DNG-02181,2025-08-29,2025,35,Sto. Tomas Proper,5,M,Dengue without Warning Signs,Recovered
BGO-DNG-02182,2025-08-29,2025,35,Loakan Proper,26,M,Dengue with Warning Signs,Recovered
BGO-DNG-02183,2025-08-29,2025,35,Quezon Hill Proper,19,M,Dengue without Warning Signs,Recovered
BGO-DNG-02184,2025-08-29,2025,35,Irisan,24,M,Dengue without Warning Signs,Recovered
BGO-DNG-02185,2025-08-29,2025,35,Irisan,20,F,Severe Dengue,Recovered
BGO-DNG-02186,2025-08-29,2025,35,Camp 7,21,M,Dengue with Warning Signs,Recovered
BGO-DNG-02187,2025-08-30,2025,35,Pinsao Proper,9,M,Dengue without Warning Signs,Recovered
BGO-DNG-02188,2025-08-30,2025,35,Gibraltar,8,M,Dengue with Warning Signs,Recovered
BGO-DNG-02189,2025-08-30,2025,35,Irisan,12,F,Dengue without Warning Signs,Recovered
BGO-DNG-02190,2025-08-30,2025,35,Irisan,22,F,Dengue without Warning Signs,Recovered
BGO-DNG-02191,2025-08-30,2025,35,Irisan,3,M,Dengue without Warning Signs,Recovered
BGO-DNG-02192,2025-08-30,2025,35,Sto. Tomas Proper,1,F,Dengue with Warning Signs,Recovered
BGO-DNG-02193,2025-08-30,2025,35,Irisan,38,F,Dengue without Warning Signs,Recovered
BGO-DNG-02194,2025-08-30,2025,35,Magsaysay Private,15,M,Dengue without Warning Signs,Recovered
BGO-DNG-02195,2025-08-31,2025,35,Irisan,32,F,Dengue with Warning Signs,Recovered
BGO-DNG-02196,2025-08-31,2025,35,Quezon Hill Proper,19,M,Dengue without Warning Signs,Recovered
BGO-DNG-02197,2025-08-31,2025,35,Bakakeng Central,8,F,Dengue with Warning Signs,Recovered
BGO-DNG-02198,2025-08-31,2025,35,Irisan,18,M,Dengue with Warning Signs,Recovered
BGO-DNG-02199,2025-08-31,2025,35,San Luis Village,9,M,Dengue without Warning Signs,Recovered
BGO-DNG-02200,2025-08-31,2025,35,Bakakeng Central,32,F,Dengue without Warning Signs,Recovered
BGO-DNG-02201,2025-08-31,2025,35,Irisan,25,F,Dengue without Warning Signs,Recovered
BGO-DNG-02202,2025-09-01,2025,36,Irisan,38,M,Dengue without Warning Signs,Recovered
BGO-DNG-02203,2025-09-01,2025,36,Irisan,35,F,Dengue without Warning Signs,Recovered
BGO-DNG-02204,2025-09-01,2025,36,Bakakeng Central,40,M,Dengue without Warning Signs,Recovered
BGO-DNG-02205,2025-09-01,2025,36,San Vicente,41,F,Dengue with Warning Signs,Recovered
BGO-DNG-02206,2025-09-01,2025,36,Irisan,7,M,Dengue without Warning Signs,Recovered
BGO-DNG-02207,2025-09-01,2025,36,Lucnab,22,M,Dengue with Warning Signs,Recovered
BGO-DNG-02208,2025-09-01,2025,36,Bakakeng Central,17,F,Dengue without Warning Signs,Recovered
BGO-DNG-02209,2025-09-01,2025,36,Fairview,38,M,Dengue without Warning Signs,Recovered
BGO-DNG-02210,2025-09-01,2025,36,Bakakeng Central,19,F,Dengue without Warning Signs,Recovered
BGO-DNG-02211,2025-09-01,2025,36,Aurora Hill Proper,1,M,Dengue with Warning Signs,Recovered
BGO-DNG-02212,2025-09-02,2025,36,Irisan,31,F,Dengue without Warning Signs,Recovered
BGO-DNG-02213,2025-09-02,2025,36,Asin Road,22,M,Dengue with Warning Signs,Recovered
BGO-DNG-02214,2025-09-02,2025,36,Irisan,23,M,Dengue without Warning Signs,Recovered
BGO-DNG-02215,2025-09-02,2025,36,Irisan,1,M,Dengue without Warning Signs,Recovered
BGO-DNG-02216,2025-09-02,2025,36,Bakakeng Central,51,F,Dengue with Warning Signs,Recovered
BGO-DNG-02217,2025-09-02,2025,36,Ambiong,12,F,Dengue with Warning Signs,Recovered
BGO-DNG-02218,2025-09-03,2025,36,Irisan,18,F,Dengue without Warning Signs,Recovered
BGO-DNG-02219,2025-09-03,2025,36,Irisan,29,F,Dengue without Warning Signs,Recovered
BGO-DNG-02220,2025-09-03,2025,36,Sto. Tomas Proper,31,F,Dengue without Warning Signs,Recovered
BGO-DNG-02221,2025-09-03,2025,36,Irisan,11,M,Dengue without Warning Signs,Recovered
BGO-DNG-02222,2025-09-03,2025,36,Camp 7,53,F,Dengue without Warning Signs,Recovered
BGO-DNG-02223,2025-09-03,2025,36,Irisan,20,F,Dengue without Warning Signs,Recovered
BGO-DNG-02224,2025-09-03,2025,36,Pacdal,14,F,Dengue without Warning Signs,Recovered
BGO-DNG-02225,2025-09-04,2025,36,Irisan,4,M,Dengue without Warning Signs,Recovered
BGO-DNG-02226,2025-09-04,2025,36,Bakakeng Central,15,F,Dengue without Warning Signs,Active
BGO-DNG-02227,2025-09-04,2025,36,Asin Road,38,M,Dengue without Warning Signs,Recovered
BGO-DNG-02228,2025-09-04,2025,36,Irisan,31,F,Dengue without Warning Signs,Recovered
BGO-DNG-02229,2025-09-04,2025,36,Irisan,18,F,Dengue without Warning Signs,Recovered
BGO-DNG-02230,2025-09-05,2025,36,Sto. Tomas Proper,45,M,Dengue without Warning Signs,Recovered
BGO-DNG-02231,2025-09-05,2025,36,Holy Ghost Extension,13,M,Dengue without Warning Signs,Recovered
BGO-DNG-02232,2025-09-05,2025,36,Irisan,30,F,Dengue without Warning Signs,Recovered
BGO-DNG-02233,2025-09-05,2025,36,Sto. Tomas Proper,38,M,Dengue without Warning Signs,Recovered
BGO-DNG-02234,2025-09-05,2025,36,Pinsao Proper,34,F,Dengue without Warning Signs,Recovered
BGO-DNG-02235,2025-09-05,2025,36,Loakan Proper,9,F,Dengue without Warning Signs,Recovered
BGO-DNG-02236,2025-09-06,2025,36,Irisan,14,F,Dengue without Warning Signs,Recovered
BGO-DNG-02237,2025-09-06,2025,36,Aurora Hill Proper,8,M,Dengue without Warning Signs,Recovered
BGO-DNG-02238,2025-09-07,2025,36,Irisan,15,M,Dengue without Warning Signs,Recovered
BGO-DNG-02239,2025-09-07,2025,36,Quezon Hill Proper,5,F,Dengue without Warning Signs,Recovered
BGO-DNG-02240,2025-09-07,2025,36,Camp 7,28,M,Dengue without Warning Signs,Recovered
BGO-DNG-02241,2025-09-07,2025,36,Irisan,31,F,Dengue without Warning Signs,Recovered
BGO-DNG-02242,2025-09-07,2025,36,Irisan,56,F,Dengue with Warning Signs,Recovered
BGO-DNG-02243,2025-09-07,2025,36,Camp 7,13,F,Dengue with Warning Signs,Recovered
BGO-DNG-02244,2025-09-07,2025,36,Camp 7,14,F,Dengue with Warning Signs,Recovered
BGO-DNG-02245,2025-09-07,2025,36,Bakakeng Central,21,F,Dengue without Warning Signs,Recovered
BGO-DNG-02246,2025-09-07,2025,36,San Vicente,44,F,Dengue without Warning Signs,Recovered
BGO-DNG-02247,2025-09-07,2025,36,Sto. Tomas Proper,19,M,Dengue without Warning Signs,Recovered
BGO-DNG-02248,2025-09-08,2025,37,Irisan,16,M,Dengue without Warning Signs,Recovered
BGO-DNG-02249,2025-09-08,2025,37,Irisan,11,F,Dengue with Warning Signs,Recovered
BGO-DNG-02250,2025-09-08,2025,37,Irisan,19,M,Dengue without Warning Signs,Recovered
BGO-DNG-02251,2025-09-08,2025,37,Sto. Tomas Proper,11,M,Dengue without Warning Signs,Recovered
BGO-DNG-02252,2025-09-08,2025,37,Lucnab,15,M,Dengue without Warning Signs,Recovered
BGO-DNG-02253,2025-09-08,2025,37,Camp 7,5,M,Dengue without Warning Signs,Recovered
BGO-DNG-02254,2025-09-09,2025,37,Bakakeng Central,19,M,Dengue without Warning Signs,Recovered
BGO-DNG-02255,2025-09-09,2025,37,Irisan,20,M,Dengue without Warning Signs,Recovered
BGO-DNG-02256,2025-09-09,2025,37,Irisan,35,F,Dengue without Warning Signs,Recovered
BGO-DNG-02257,2025-09-09,2025,37,Irisan,19,F,Dengue without Warning Signs,Recovered
BGO-DNG-02258,2025-09-09,2025,37,Pacdal,24,M,Dengue without Warning Signs,Recovered
BGO-DNG-02259,2025-09-09,2025,37,San Luis Village,27,M,Severe Dengue,Recovered
BGO-DNG-02260,2025-09-10,2025,37,Camp 7,41,M,Severe Dengue,Recovered
BGO-DNG-02261,2025-09-10,2025,37,Camp 7,32,F,Dengue without Warning Signs,Recovered
BGO-DNG-02262,2025-09-10,2025,37,Sto. Tomas Proper,34,M,Dengue without Warning Signs,Recovered
BGO-DNG-02263,2025-09-10,2025,37,Irisan,17,M,Dengue without Warning Signs,Recovered
BGO-DNG-02264,2025-09-11,2025,37,Loakan Proper,36,F,Dengue without Warning Signs,Recovered
BGO-DNG-02265,2025-09-11,2025,37,Fairview,1,F,Dengue without Warning Signs,Recovered
BGO-DNG-02266,2025-09-11,2025,37,Loakan Proper,25,M,Dengue without Warning Signs,Recovered
BGO-DNG-02267,2025-09-11,2025,37,Irisan,12,M,Dengue without Warning Signs,Recovered
BGO-DNG-02268,2025-09-12,2025,37,Irisan,9,M,Dengue without Warning Signs,Recovered
BGO-DNG-02269,2025-09-12,2025,37,Irisan,6,F,Dengue with Warning Signs,Recovered
BGO-DNG-02270,2025-09-12,2025,37,Loakan Proper,30,F,Dengue with Warning Signs,Recovered
BGO-DNG-02271,2025-09-12,2025,37,Irisan,17,F,Dengue without Warning Signs,Recovered
BGO-DNG-02272,2025-09-12,2025,37,San Vicente,40,F,Dengue without Warning Signs,Recovered
BGO-DNG-02273,2025-09-12,2025,37,Pacdal,47,F,Dengue with Warning Signs,Recovered
BGO-DNG-02274,2025-09-13,2025,37,Aurora Hill Proper,14,F,Dengue without Warning Signs,Recovered
BGO-DNG-02275,2025-09-13,2025,37,Irisan,23,M,Dengue without Warning Signs,Recovered
BGO-DNG-02276,2025-09-13,2025,37,Pinsao Proper,1,F,Dengue without Warning Signs,Recovered
BGO-DNG-02277,2025-09-13,2025,37,Irisan,28,M,Dengue without Warning Signs,Recovered
BGO-DNG-02278,2025-09-13,2025,37,Asin Road,29,F,Dengue without Warning Signs,Recovered
BGO-DNG-02279,2025-09-13,2025,37,Sto. Tomas Proper,16,M,Dengue without Warning Signs,Recovered
BGO-DNG-02280,2025-09-13,2025,37,Asin Road,16,F,Dengue without Warning Signs,Recovered
BGO-DNG-02281,2025-09-14,2025,37,Irisan,12,M,Dengue without Warning Signs,Recovered
BGO-DNG-02282,2025-09-14,2025,37,Camp 7,20,M,Dengue without Warning Signs,Recovered
BGO-DNG-02283,2025-09-14,2025,37,Bakakeng Central,31,F,Dengue without Warning Signs,Recovered
BGO-DNG-02284,2025-09-14,2025,37,Sto. Tomas Proper,22,M,Dengue with Warning Signs,Recovered
BGO-DNG-02285,2025-09-14,2025,37,Irisan,15,M,Dengue without Warning Signs,Recovered
BGO-DNG-02286,2025-09-14,2025,37,Camp 7,29,M,Dengue without Warning Signs,Recovered
BGO-DNG-02287,2025-09-15,2025,38,Bakakeng Central,35,M,Dengue without Warning Signs,Recovered
BGO-DNG-02288,2025-09-15,2025,38,Irisan,10,F,Dengue without Warning Signs,Recovered
BGO-DNG-02289,2025-09-15,2025,38,Irisan,25,F,Dengue without Warning Signs,Recovered
BGO-DNG-02290,2025-09-15,2025,38,Irisan,18,M,Dengue without Warning Signs,Recovered
BGO-DNG-02291,2025-09-15,2025,38,Pinsao Proper,37,M,Dengue without Warning Signs,Recovered
BGO-DNG-02292,2025-09-15,2025,38,Irisan,37,M,Dengue with Warning Signs,Recovered
BGO-DNG-02293,2025-09-16,2025,38,Camp 7,10,M,Dengue without Warning Signs,Recovered
BGO-DNG-02294,2025-09-16,2025,38,Aurora Hill Proper,20,M,Dengue without Warning Signs,Recovered
BGO-DNG-02295,2025-09-16,2025,38,Irisan,20,F,Dengue without Warning Signs,Recovered
BGO-DNG-02296,2025-09-16,2025,38,Asin Road,51,F,Dengue without Warning Signs,Recovered
BGO-DNG-02297,2025-09-16,2025,38,Irisan,19,F,Dengue without Warning Signs,Recovered
BGO-DNG-02298,2025-09-16,2025,38,Pinsao Proper,40,M,Dengue without Warning Signs,Recovered
BGO-DNG-02299,2025-09-17,2025,38,Camp 7,4,F,Dengue without Warning Signs,Recovered
BGO-DNG-02300,2025-09-18,2025,38,Bakakeng Central,31,M,Dengue with Warning Signs,Recovered
BGO-DNG-02301,2025-09-18,2025,38,Asin Road,45,F,Dengue without Warning Signs,Recovered
BGO-DNG-02302,2025-09-18,2025,38,Pinsao Proper,9,M,Dengue without Warning Signs,Recovered
BGO-DNG-02303,2025-09-19,2025,38,Camp 7,21,M,Severe Dengue,Recovered
BGO-DNG-02304,2025-09-19,2025,38,Pacdal,30,M,Dengue with Warning Signs,Recovered
BGO-DNG-02305,2025-09-19,2025,38,Bakakeng Central,27,F,Dengue without Warning Signs,Recovered
BGO-DNG-02306,2025-09-19,2025,38,Asin Road,20,M,Dengue without Warning Signs,Recovered
BGO-DNG-02307,2025-09-19,2025,38,Irisan,51,M,Dengue with Warning Signs,Recovered
BGO-DNG-02308,2025-09-20,2025,38,San Vicente,30,M,Dengue without Warning Signs,Recovered
BGO-DNG-02309,2025-09-20,2025,38,Quezon Hill Proper,22,M,Severe Dengue,Recovered
BGO-DNG-02310,2025-09-20,2025,38,Irisan,46,M,Dengue with Warning Signs,Recovered
BGO-DNG-02311,2025-09-20,2025,38,Loakan Proper,24,M,Dengue with Warning Signs,Recovered
BGO-DNG-02312,2025-09-20,2025,38,Irisan,28,F,Dengue with Warning Signs,Recovered
BGO-DNG-02313,2025-09-20,2025,38,Quezon Hill Proper,3,F,Dengue without Warning Signs,Recovered
BGO-DNG-02314,2025-09-20,2025,38,Irisan,9,F,Dengue with Warning Signs,Recovered
BGO-DNG-02315,2025-09-20,2025,38,Fairview,20,F,Dengue without Warning Signs,Recovered
BGO-DNG-02316,2025-09-20,2025,38,Irisan,27,F,Dengue without Warning Signs,Recovered
BGO-DNG-02317,2025-09-20,2025,38,Irisan,28,F,Dengue with Warning Signs,Recovered
BGO-DNG-02318,2025-09-21,2025,38,Irisan,31,F,Dengue without Warning Signs,Recovered
BGO-DNG-02319,2025-09-21,2025,38,Asin Road,15,F,Dengue without Warning Signs,Recovered
BGO-DNG-02320,2025-09-21,2025,38,Pinsao Proper,18,F,Dengue with Warning Signs,Recovered
BGO-DNG-02321,2025-09-21,2025,38,Irisan,17,M,Dengue without Warning Signs,Recovered
BGO-DNG-02322,2025-09-21,2025,38,Holy Ghost Extension,28,F,Dengue without Warning Signs,Recovered
BGO-DNG-02323,2025-09-21,2025,38,Bakakeng Central,23,M,Dengue without Warning Signs,Recovered
BGO-DNG-02324,2025-09-21,2025,38,Irisan,19,F,Dengue without Warning Signs,Recovered
BGO-DNG-02325,2025-09-21,2025,38,Gibraltar,38,M,Dengue without Warning Signs,Recovered
BGO-DNG-02326,2025-09-22,2025,39,Irisan,23,M,Dengue without Warning Signs,Recovered
BGO-DNG-02327,2025-09-22,2025,39,San Luis Village,31,F,Dengue with Warning Signs,Recovered
BGO-DNG-02328,2025-09-22,2025,39,Sto. Tomas Proper,18,M,Dengue with Warning Signs,Recovered
BGO-DNG-02329,2025-09-22,2025,39,Asin Road,9,F,Dengue with Warning Signs,Recovered
BGO-DNG-02330,2025-09-22,2025,39,Loakan Proper,26,F,Dengue without Warning Signs,Recovered
BGO-DNG-02331,2025-09-22,2025,39,Irisan,29,M,Dengue without Warning Signs,Recovered
BGO-DNG-02332,2025-09-23,2025,39,Bakakeng North,42,F,Severe Dengue,Recovered
BGO-DNG-02333,2025-09-23,2025,39,Pinsao Proper,14,M,Dengue without Warning Signs,Recovered
BGO-DNG-02334,2025-09-23,2025,39,Irisan,36,M,Dengue without Warning Signs,Recovered
BGO-DNG-02335,2025-09-23,2025,39,Kias,17,F,Dengue with Warning Signs,Active
BGO-DNG-02336,2025-09-23,2025,39,Bakakeng Central,50,M,Dengue without Warning Signs,Recovered
BGO-DNG-02337,2025-09-23,2025,39,Aurora Hill Proper,26,M,Dengue without Warning Signs,Recovered
BGO-DNG-02338,2025-09-23,2025,39,Asin Road,15,M,Dengue without Warning Signs,Recovered
BGO-DNG-02339,2025-09-23,2025,39,Asin Road,26,M,Dengue without Warning Signs,Recovered
BGO-DNG-02340,2025-09-24,2025,39,Irisan,19,F,Dengue without Warning Signs,Recovered
BGO-DNG-02341,2025-09-24,2025,39,Bakakeng North,28,F,Dengue without Warning Signs,Recovered
BGO-DNG-02342,2025-09-24,2025,39,Asin Road,31,M,Dengue without Warning Signs,Recovered
BGO-DNG-02343,2025-09-24,2025,39,Camp 7,27,M,Dengue without Warning Signs,Recovered
BGO-DNG-02344,2025-09-24,2025,39,Irisan,8,F,Dengue without Warning Signs,Recovered
BGO-DNG-02345,2025-09-25,2025,39,Bakakeng Central,21,M,Dengue without Warning Signs,Recovered
BGO-DNG-02346,2025-09-25,2025,39,Sto. Tomas Proper,38,F,Dengue without Warning Signs,Recovered
BGO-DNG-02347,2025-09-25,2025,39,Irisan,12,F,Dengue with Warning Signs,Recovered
BGO-DNG-02348,2025-09-25,2025,39,Camp 7,22,M,Dengue without Warning Signs,Recovered
BGO-DNG-02349,2025-09-26,2025,39,Irisan,19,F,Dengue without Warning Signs,Recovered
BGO-DNG-02350,2025-09-26,2025,39,Bakakeng North,1,M,Dengue without Warning Signs,Recovered
BGO-DNG-02351,2025-09-26,2025,39,Irisan,1,F,Dengue with Warning Signs,Recovered
BGO-DNG-02352,2025-09-26,2025,39,Pinsao Proper,19,F,Severe Dengue,Recovered
BGO-DNG-02353,2025-09-26,2025,39,Camp 7,17,M,Dengue without Warning Signs,Recovered
BGO-DNG-02354,2025-09-26,2025,39,Bakakeng Central,1,F,Dengue with Warning Signs,Recovered
BGO-DNG-02355,2025-09-26,2025,39,Irisan,45,M,Dengue without Warning Signs,Recovered
BGO-DNG-02356,2025-09-26,2025,39,Irisan,20,M,Dengue with Warning Signs,Active
BGO-DNG-02357,2025-09-27,2025,39,Bakakeng Central,20,F,Dengue without Warning Signs,Recovered
BGO-DNG-02358,2025-09-27,2025,39,Camp 7,14,F,Dengue without Warning Signs,Recovered
BGO-DNG-02359,2025-09-27,2025,39,Pinsao Proper,13,M,Dengue without Warning Signs,Recovered
BGO-DNG-02360,2025-09-27,2025,39,Loakan Proper,24,M,Dengue without Warning Signs,Recovered
BGO-DNG-02361,2025-09-27,2025,39,Irisan,46,M,Dengue without Warning Signs,Recovered
BGO-DNG-02362,2025-09-27,2025,39,Loakan Proper,32,F,Dengue without Warning Signs,Recovered
BGO-DNG-02363,2025-09-27,2025,39,Irisan,11,F,Dengue without Warning Signs,Recovered
BGO-DNG-02364,2025-09-27,2025,39,Bakakeng Central,32,F,Dengue with Warning Signs,Recovered
BGO-DNG-02365,2025-09-27,2025,39,Irisan,1,M,Dengue without Warning Signs,Recovered
BGO-DNG-02366,2025-09-27,2025,39,Sto. Tomas Proper,5,M,Dengue without Warning Signs,Recovered
BGO-DNG-02367,2025-09-27,2025,39,Kias,28,F,Dengue without Warning Signs,Recovered
BGO-DNG-02368,2025-09-27,2025,39,Irisan,13,F,Dengue without Warning Signs,Recovered
BGO-DNG-02369,2025-09-28,2025,39,Quezon Hill Proper,38,F,Severe Dengue,Recovered
BGO-DNG-02370,2025-09-28,2025,39,Irisan,23,M,Dengue without Warning Signs,Recovered
BGO-DNG-02371,2025-09-28,2025,39,Bakakeng Central,13,F,Dengue without Warning Signs,Recovered
BGO-DNG-02372,2025-09-28,2025,39,Bakakeng Central,23,M,Dengue without Warning Signs,Recovered
BGO-DNG-02373,2025-09-29,2025,40,Asin Road,16,F,Dengue without Warning Signs,Recovered
BGO-DNG-02374,2025-09-29,2025,40,Bakakeng Central,23,M,Dengue without Warning Signs,Recovered
BGO-DNG-02375,2025-09-29,2025,40,Asin Road,2,F,Dengue without Warning Signs,Recovered
BGO-DNG-02376,2025-09-29,2025,40,Asin Road,22,F,Dengue without Warning Signs,Recovered
BGO-DNG-02377,2025-09-29,2025,40,Aurora Hill Proper,20,F,Dengue with Warning Signs,Recovered
BGO-DNG-02378,2025-09-29,2025,40,Irisan,59,F,Dengue without Warning Signs,Recovered
BGO-DNG-02379,2025-09-29,2025,40,Bakakeng North,38,M,Dengue with Warning Signs,Recovered
BGO-DNG-02380,2025-09-29,2025,40,Irisan,15,F,Dengue with Warning Signs,Recovered
BGO-DNG-02381,2025-09-29,2025,40,Irisan,23,M,Dengue with Warning Signs,Recovered
BGO-DNG-02382,2025-09-29,2025,40,Irisan,12,F,Dengue with Warning Signs,Recovered
BGO-DNG-02383,2025-09-30,2025,40,Aurora Hill Proper,32,F,Dengue without Warning Signs,Recovered
BGO-DNG-02384,2025-09-30,2025,40,Bakakeng Central,21,F,Dengue without Warning Signs,Recovered
BGO-DNG-02385,2025-09-30,2025,40,San Luis Village,42,F,Dengue with Warning Signs,Active
BGO-DNG-02386,2025-10-01,2025,40,Bakakeng Central,31,M,Dengue without Warning Signs,Recovered
BGO-DNG-02387,2025-10-01,2025,40,Camp 7,21,M,Dengue without Warning Signs,Recovered
BGO-DNG-02388,2025-10-01,2025,40,Bakakeng Central,30,M,Dengue with Warning Signs,Recovered
BGO-DNG-02389,2025-10-02,2025,40,Irisan,45,F,Severe Dengue,Recovered
BGO-DNG-02390,2025-10-02,2025,40,Camp 7,5,F,Dengue with Warning Signs,Recovered
BGO-DNG-02391,2025-10-02,2025,40,Irisan,14,F,Dengue without Warning Signs,Recovered
BGO-DNG-02392,2025-10-02,2025,40,Irisan,18,F,Dengue without Warning Signs,Recovered
BGO-DNG-02393,2025-10-02,2025,40,Irisan,22,M,Dengue without Warning Signs,Recovered
BGO-DNG-02394,2025-10-02,2025,40,Irisan,25,F,Dengue without Warning Signs,Recovered
BGO-DNG-02395,2025-10-02,2025,40,Camp 7,15,M,Dengue without Warning Signs,Recovered
BGO-DNG-02396,2025-10-03,2025,40,Camp 7,24,M,Dengue without Warning Signs,Active
BGO-DNG-02397,2025-10-03,2025,40,Irisan,28,F,Dengue without Warning Signs,Recovered
BGO-DNG-02398,2025-10-03,2025,40,Bakakeng Central,3,F,Dengue without Warning Signs,Recovered
BGO-DNG-02399,2025-10-04,2025,40,Irisan,6,M,Dengue without Warning Signs,Recovered
BGO-DNG-02400,2025-10-04,2025,40,Camp 7,20,F,Dengue without Warning Signs,Recovered
BGO-DNG-02401,2025-10-04,2025,40,Aurora Hill Proper,18,M,Dengue with Warning Signs,Recovered
BGO-DNG-02402,2025-10-04,2025,40,Irisan,26,F,Dengue without Warning Signs,Recovered
BGO-DNG-02403,2025-10-04,2025,40,Aurora Hill Proper,1,F,Dengue without Warning Signs,Recovered
BGO-DNG-02404,2025-10-04,2025,40,Irisan,32,M,Dengue without Warning Signs,Recovered
BGO-DNG-02405,2025-10-04,2025,40,Camp 7,15,F,Dengue without Warning Signs,Recovered
BGO-DNG-02406,2025-10-05,2025,40,Kias,13,M,Dengue without Warning Signs,Recovered
BGO-DNG-02407,2025-10-05,2025,40,Irisan,5,F,Dengue with Warning Signs,Recovered
BGO-DNG-02408,2025-10-05,2025,40,Fairview,1,F,Dengue with Warning Signs,Recovered
BGO-DNG-02409,2025-10-05,2025,40,Fairview,21,F,Dengue without Warning Signs,Recovered
BGO-DNG-02410,2025-10-05,2025,40,Irisan,15,M,Dengue without Warning Signs,Recovered
BGO-DNG-02411,2025-10-05,2025,40,Irisan,1,M,Dengue with Warning Signs,Recovered
BGO-DNG-02412,2025-10-05,2025,40,Irisan,33,M,Dengue without Warning Signs,Recovered
BGO-DNG-02413,2025-10-06,2025,41,Camp 7,11,M,Dengue with Warning Signs,Recovered
BGO-DNG-02414,2025-10-06,2025,41,Camp 7,25,F,Dengue without Warning Signs,Recovered
BGO-DNG-02415,2025-10-06,2025,41,Bakakeng Central,19,F,Dengue without Warning Signs,Recovered
BGO-DNG-02416,2025-10-06,2025,41,Irisan,32,F,Dengue without Warning Signs,Recovered
BGO-DNG-02417,2025-10-06,2025,41,Bakakeng Central,21,F,Dengue with Warning Signs,Recovered
BGO-DNG-02418,2025-10-06,2025,41,Pacdal,5,F,Dengue without Warning Signs,Recovered
BGO-DNG-02419,2025-10-06,2025,41,Irisan,22,F,Dengue with Warning Signs,Recovered
BGO-DNG-02420,2025-10-06,2025,41,Bakakeng Central,35,M,Dengue without Warning Signs,Recovered
BGO-DNG-02421,2025-10-06,2025,41,Irisan,12,M,Dengue without Warning Signs,Recovered
BGO-DNG-02422,2025-10-06,2025,41,Irisan,4,M,Dengue without Warning Signs,Recovered
BGO-DNG-02423,2025-10-06,2025,41,Irisan,44,M,Dengue without Warning Signs,Died
BGO-DNG-02424,2025-10-06,2025,41,Balsigan,20,F,Dengue without Warning Signs,Recovered
BGO-DNG-02425,2025-10-06,2025,41,Irisan,17,M,Dengue without Warning Signs,Recovered
BGO-DNG-02426,2025-10-06,2025,41,Aurora Hill Proper,28,F,Dengue without Warning Signs,Recovered
BGO-DNG-02427,2025-10-06,2025,41,Irisan,31,F,Dengue with Warning Signs,Recovered
BGO-DNG-02428,2025-10-07,2025,41,Bakakeng North,34,F,Dengue without Warning Signs,Recovered
BGO-DNG-02429,2025-10-07,2025,41,Irisan,24,M,Dengue without Warning Signs,Recovered
BGO-DNG-02430,2025-10-07,2025,41,Irisan,47,M,Dengue with Warning Signs,Recovered
BGO-DNG-02431,2025-10-08,2025,41,San Vicente,40,M,Dengue with Warning Signs,Recovered
BGO-DNG-02432,2025-10-08,2025,41,Bakakeng Central,16,M,Dengue with Warning Signs,Recovered
BGO-DNG-02433,2025-10-08,2025,41,Gibraltar,34,F,Dengue without Warning Signs,Recovered
BGO-DNG-02434,2025-10-08,2025,41,Irisan,21,M,Dengue without Warning Signs,Recovered
BGO-DNG-02435,2025-10-08,2025,41,Gibraltar,26,M,Dengue with Warning Signs,Recovered
BGO-DNG-02436,2025-10-09,2025,41,Cabinet Hill-Teachers Camp,5,F,Dengue without Warning Signs,Recovered
BGO-DNG-02437,2025-10-09,2025,41,Irisan,1,M,Dengue without Warning Signs,Recovered
BGO-DNG-02438,2025-10-09,2025,41,Bakakeng North,10,F,Dengue without Warning Signs,Recovered
BGO-DNG-02439,2025-10-09,2025,41,Aurora Hill Proper,1,F,Dengue without Warning Signs,Recovered
BGO-DNG-02440,2025-10-09,2025,41,Bakakeng Central,15,M,Dengue with Warning Signs,Recovered
BGO-DNG-02441,2025-10-09,2025,41,Country Club Village,24,M,Dengue without Warning Signs,Recovered
BGO-DNG-02442,2025-10-09,2025,41,Kias,29,M,Dengue without Warning Signs,Recovered
BGO-DNG-02443,2025-10-09,2025,41,Camp 7,10,M,Dengue with Warning Signs,Recovered
BGO-DNG-02444,2025-10-09,2025,41,Dominican-Mirador,36,F,Dengue without Warning Signs,Recovered
BGO-DNG-02445,2025-10-09,2025,41,Bakakeng Central,11,M,Dengue with Warning Signs,Recovered
BGO-DNG-02446,2025-10-09,2025,41,San Luis Village,30,F,Dengue without Warning Signs,Recovered
BGO-DNG-02447,2025-10-10,2025,41,Sto. Tomas Proper,39,F,Dengue without Warning Signs,Recovered
BGO-DNG-02448,2025-10-10,2025,41,Bakakeng Central,1,F,Dengue without Warning Signs,Recovered
BGO-DNG-02449,2025-10-10,2025,41,Irisan,20,F,Severe Dengue,Recovered
BGO-DNG-02450,2025-10-10,2025,41,Bakakeng Central,31,M,Dengue without Warning Signs,Recovered
BGO-DNG-02451,2025-10-10,2025,41,Loakan Proper,28,F,Dengue without Warning Signs,Recovered
BGO-DNG-02452,2025-10-10,2025,41,Irisan,23,M,Dengue without Warning Signs,Recovered
BGO-DNG-02453,2025-10-11,2025,41,Pinsao Proper,11,F,Dengue without Warning Signs,Recovered
BGO-DNG-02454,2025-10-11,2025,41,Quezon Hill Proper,13,F,Dengue without Warning Signs,Recovered
BGO-DNG-02455,2025-10-11,2025,41,Loakan Proper,24,F,Dengue without Warning Signs,Recovered
BGO-DNG-02456,2025-10-11,2025,41,Irisan,15,F,Dengue with Warning Signs,Recovered
BGO-DNG-02457,2025-10-11,2025,41,Irisan,32,F,Dengue with Warning Signs,Recovered
BGO-DNG-02458,2025-10-12,2025,41,Irisan,32,M,Dengue with Warning Signs,Recovered
BGO-DNG-02459,2025-10-12,2025,41,Asin Road,11,M,Dengue without Warning Signs,Recovered
BGO-DNG-02460,2025-10-12,2025,41,Irisan,56,F,Severe Dengue,Recovered
BGO-DNG-02461,2025-10-12,2025,41,Irisan,22,M,Dengue without Warning Signs,Recovered
BGO-DNG-02462,2025-10-13,2025,42,Dominican-Mirador,23,F,Dengue without Warning Signs,Recovered
BGO-DNG-02463,2025-10-13,2025,42,Loakan Proper,23,M,Dengue with Warning Signs,Recovered
BGO-DNG-02464,2025-10-13,2025,42,Magsaysay Private,12,F,Dengue without Warning Signs,Recovered
BGO-DNG-02465,2025-10-13,2025,42,Bakakeng Central,29,M,Dengue with Warning Signs,Recovered
BGO-DNG-02466,2025-10-13,2025,42,Gibraltar,27,F,Dengue without Warning Signs,Recovered
BGO-DNG-02467,2025-10-13,2025,42,Irisan,10,F,Dengue without Warning Signs,Recovered
BGO-DNG-02468,2025-10-13,2025,42,Gibraltar,16,M,Dengue without Warning Signs,Recovered
BGO-DNG-02469,2025-10-13,2025,42,Irisan,23,M,Dengue without Warning Signs,Recovered
BGO-DNG-02470,2025-10-13,2025,42,Asin Road,37,F,Dengue without Warning Signs,Recovered
BGO-DNG-02471,2025-10-14,2025,42,Bakakeng Central,52,F,Dengue without Warning Signs,Recovered
BGO-DNG-02472,2025-10-14,2025,42,Asin Road,14,F,Dengue without Warning Signs,Recovered
BGO-DNG-02473,2025-10-14,2025,42,Fairview,10,F,Dengue without Warning Signs,Recovered
BGO-DNG-02474,2025-10-14,2025,42,Sto. Tomas Proper,38,F,Dengue without Warning Signs,Recovered
BGO-DNG-02475,2025-10-14,2025,42,Irisan,14,M,Dengue without Warning Signs,Recovered
BGO-DNG-02476,2025-10-14,2025,42,Aurora Hill Proper,11,M,Dengue with Warning Signs,Recovered
BGO-DNG-02477,2025-10-14,2025,42,Asin Road,17,F,Dengue without Warning Signs,Recovered
BGO-DNG-02478,2025-10-15,2025,42,Asin Road,15,F,Dengue with Warning Signs,Recovered
BGO-DNG-02479,2025-10-15,2025,42,Bakakeng North,41,F,Dengue without Warning Signs,Recovered
BGO-DNG-02480,2025-10-15,2025,42,Pacdal,37,F,Dengue without Warning Signs,Recovered
BGO-DNG-02481,2025-10-15,2025,42,Camp 7,27,F,Dengue with Warning Signs,Recovered
BGO-DNG-02482,2025-10-15,2025,42,Irisan,20,M,Dengue without Warning Signs,Recovered
BGO-DNG-02483,2025-10-16,2025,42,Asin Road,25,M,Severe Dengue,Recovered
BGO-DNG-02484,2025-10-16,2025,42,Loakan Proper,40,F,Dengue without Warning Signs,Recovered
BGO-DNG-02485,2025-10-16,2025,42,Irisan,33,M,Dengue without Warning Signs,Recovered
BGO-DNG-02486,2025-10-16,2025,42,Irisan,17,M,Dengue without Warning Signs,Recovered
BGO-DNG-02487,2025-10-16,2025,42,Asin Road,32,M,Dengue without Warning Signs,Recovered
BGO-DNG-02488,2025-10-16,2025,42,Pinsao Proper,17,F,Severe Dengue,Recovered
BGO-DNG-02489,2025-10-16,2025,42,Irisan,30,M,Dengue with Warning Signs,Recovered
BGO-DNG-02490,2025-10-16,2025,42,San Luis Village,25,M,Dengue without Warning Signs,Recovered
BGO-DNG-02491,2025-10-16,2025,42,Irisan,52,F,Dengue without Warning Signs,Recovered
BGO-DNG-02492,2025-10-16,2025,42,Irisan,29,F,Dengue without Warning Signs,Recovered
BGO-DNG-02493,2025-10-17,2025,42,Irisan,42,F,Dengue without Warning Signs,Recovered
BGO-DNG-02494,2025-10-17,2025,42,Happy Hallow,19,F,Dengue with Warning Signs,Recovered
BGO-DNG-02495,2025-10-17,2025,42,Sto. Tomas Proper,1,F,Dengue without Warning Signs,Recovered
BGO-DNG-02496,2025-10-17,2025,42,Camp 7,19,M,Dengue without Warning Signs,Recovered
BGO-DNG-02497,2025-10-17,2025,42,Camp 7,12,M,Dengue without Warning Signs,Recovered
BGO-DNG-02498,2025-10-17,2025,42,Gibraltar,17,M,Dengue with Warning Signs,Recovered
BGO-DNG-02499,2025-10-17,2025,42,Irisan,29,M,Dengue without Warning Signs,Recovered
BGO-DNG-02500,2025-10-17,2025,42,Bakakeng Central,30,F,Dengue without Warning Signs,Recovered
BGO-DNG-02501,2025-10-17,2025,42,Irisan,1,M,Dengue with Warning Signs,Recovered
BGO-DNG-02502,2025-10-18,2025,42,Asin Road,42,F,Dengue without Warning Signs,Recovered
BGO-DNG-02503,2025-10-18,2025,42,Camp 7,16,M,Dengue without Warning Signs,Recovered
BGO-DNG-02504,2025-10-18,2025,42,Holy Ghost Extension,6,F,Dengue without Warning Signs,Recovered
BGO-DNG-02505,2025-10-18,2025,42,Bakakeng Central,43,M,Dengue without Warning Signs,Recovered
BGO-DNG-02506,2025-10-18,2025,42,Irisan,11,M,Dengue with Warning Signs,Recovered
BGO-DNG-02507,2025-10-18,2025,42,Bakakeng Central,22,F,Dengue with Warning Signs,Recovered
BGO-DNG-02508,2025-10-18,2025,42,Camp 7,20,F,Dengue without Warning Signs,Recovered
BGO-DNG-02509,2025-10-18,2025,42,Bakakeng Central,8,M,Dengue without Warning Signs,Recovered
BGO-DNG-02510,2025-10-18,2025,42,Camp 7,50,M,Dengue with Warning Signs,Recovered
BGO-DNG-02511,2025-10-18,2025,42,Loakan Proper,15,M,Dengue without Warning Signs,Recovered
BGO-DNG-02512,2025-10-18,2025,42,Gibraltar,16,M,Dengue without Warning Signs,Recovered
BGO-DNG-02513,2025-10-19,2025,42,Lucnab,12,M,Dengue without Warning Signs,Recovered
BGO-DNG-02514,2025-10-19,2025,42,Irisan,27,F,Dengue without Warning Signs,Recovered
BGO-DNG-02515,2025-10-19,2025,42,San Vicente,50,M,Dengue without Warning Signs,Recovered
BGO-DNG-02516,2025-10-19,2025,42,Happy Hallow,13,M,Dengue without Warning Signs,Recovered
BGO-DNG-02517,2025-10-19,2025,42,Pinsao Proper,9,F,Dengue without Warning Signs,Recovered
BGO-DNG-02518,2025-10-19,2025,42,Bakakeng Central,29,M,Dengue without Warning Signs,Recovered
BGO-DNG-02519,2025-10-19,2025,42,Irisan,10,M,Dengue with Warning Signs,Recovered
BGO-DNG-02520,2025-10-20,2025,43,Bakakeng Central,39,M,Dengue without Warning Signs,Recovered
BGO-DNG-02521,2025-10-20,2025,43,Aurora Hill Proper,5,F,Dengue without Warning Signs,Recovered
BGO-DNG-02522,2025-10-20,2025,43,Irisan,20,F,Dengue with Warning Signs,Recovered
BGO-DNG-02523,2025-10-20,2025,43,Irisan,9,M,Dengue with Warning Signs,Recovered
BGO-DNG-02524,2025-10-20,2025,43,Irisan,47,F,Dengue without Warning Signs,Recovered
BGO-DNG-02525,2025-10-20,2025,43,Irisan,19,M,Dengue with Warning Signs,Recovered
BGO-DNG-02526,2025-10-20,2025,43,Irisan,18,M,Dengue without Warning Signs,Recovered
BGO-DNG-02527,2025-10-20,2025,43,Asin Road,14,M,Dengue without Warning Signs,Recovered
BGO-DNG-02528,2025-10-20,2025,43,Irisan,45,F,Dengue without Warning Signs,Recovered
BGO-DNG-02529,2025-10-20,2025,43,Irisan,19,F,Dengue without Warning Signs,Recovered
BGO-DNG-02530,2025-10-21,2025,43,Loakan Proper,17,F,Dengue without Warning Signs,Recovered
BGO-DNG-02531,2025-10-21,2025,43,Bakakeng Central,1,M,Dengue without Warning Signs,Recovered
BGO-DNG-02532,2025-10-22,2025,43,Sto. Tomas Proper,40,M,Dengue without Warning Signs,Recovered
BGO-DNG-02533,2025-10-22,2025,43,Quezon Hill Proper,21,M,Dengue without Warning Signs,Recovered
BGO-DNG-02534,2025-10-22,2025,43,Magsaysay Private,37,F,Dengue without Warning Signs,Recovered
BGO-DNG-02535,2025-10-22,2025,43,Camp 7,29,M,Dengue without Warning Signs,Recovered
BGO-DNG-02536,2025-10-22,2025,43,Camp 7,38,M,Dengue without Warning Signs,Recovered
BGO-DNG-02537,2025-10-22,2025,43,Irisan,32,F,Dengue without Warning Signs,Recovered
BGO-DNG-02538,2025-10-23,2025,43,Loakan Proper,6,F,Dengue without Warning Signs,Recovered
BGO-DNG-02539,2025-10-23,2025,43,Irisan,15,F,Dengue with Warning Signs,Recovered
BGO-DNG-02540,2025-10-24,2025,43,Irisan,35,M,Dengue without Warning Signs,Recovered
BGO-DNG-02541,2025-10-24,2025,43,Sto. Tomas Proper,30,F,Dengue without Warning Signs,Recovered
BGO-DNG-02542,2025-10-24,2025,43,Irisan,18,M,Dengue without Warning Signs,Recovered
BGO-DNG-02543,2025-10-24,2025,43,Camp 7,43,M,Dengue with Warning Signs,Recovered
BGO-DNG-02544,2025-10-24,2025,43,Irisan,25,M,Dengue without Warning Signs,Recovered
BGO-DNG-02545,2025-10-24,2025,43,Irisan,11,M,Dengue without Warning Signs,Recovered
BGO-DNG-02546,2025-10-24,2025,43,Irisan,24,M,Dengue without Warning Signs,Recovered
BGO-DNG-02547,2025-10-25,2025,43,Irisan,1,M,Dengue without Warning Signs,Recovered
BGO-DNG-02548,2025-10-25,2025,43,Irisan,30,M,Severe Dengue,Recovered
BGO-DNG-02549,2025-10-25,2025,43,Irisan,18,F,Dengue with Warning Signs,Recovered
BGO-DNG-02550,2025-10-25,2025,43,Pacdal,42,M,Dengue without Warning Signs,Recovered
BGO-DNG-02551,2025-10-25,2025,43,Irisan,29,M,Dengue without Warning Signs,Recovered
BGO-DNG-02552,2025-10-25,2025,43,Loakan Proper,27,F,Dengue with Warning Signs,Recovered
BGO-DNG-02553,2025-10-26,2025,43,San Luis Village,21,M,Dengue without Warning Signs,Recovered
BGO-DNG-02554,2025-10-26,2025,43,Gibraltar,16,M,Dengue without Warning Signs,Recovered
BGO-DNG-02555,2025-10-26,2025,43,San Vicente,30,M,Dengue without Warning Signs,Recovered
BGO-DNG-02556,2025-10-26,2025,43,Asin Road,31,M,Dengue without Warning Signs,Recovered
BGO-DNG-02557,2025-10-26,2025,43,Pinsao Proper,2,M,Dengue without Warning Signs,Recovered
BGO-DNG-02558,2025-10-26,2025,43,Bakakeng Central,35,F,Dengue without Warning Signs,Recovered
BGO-DNG-02559,2025-10-26,2025,43,Irisan,25,M,Dengue without Warning Signs,Recovered
BGO-DNG-02560,2025-10-27,2025,44,Irisan,33,M,Dengue without Warning Signs,Died
BGO-DNG-02561,2025-10-27,2025,44,Pinsao Proper,17,M,Dengue without Warning Signs,Recovered
BGO-DNG-02562,2025-10-28,2025,44,Bakakeng Central,35,M,Dengue without Warning Signs,Recovered
BGO-DNG-02563,2025-10-28,2025,44,Fairview,30,F,Dengue without Warning Signs,Recovered
BGO-DNG-02564,2025-10-28,2025,44,Irisan,29,M,Dengue without Warning Signs,Recovered
BGO-DNG-02565,2025-10-28,2025,44,Country Club Village,33,M,Dengue without Warning Signs,Recovered
BGO-DNG-02566,2025-10-29,2025,44,Bakakeng Central,30,F,Dengue without Warning Signs,Recovered
BGO-DNG-02567,2025-10-29,2025,44,Bakakeng North,41,M,Dengue with Warning Signs,Recovered
BGO-DNG-02568,2025-10-29,2025,44,Loakan Proper,7,F,Dengue without Warning Signs,Recovered
BGO-DNG-02569,2025-10-29,2025,44,San Luis Village,21,M,Severe Dengue,Recovered
BGO-DNG-02570,2025-10-30,2025,44,San Luis Village,25,F,Dengue without Warning Signs,Recovered
BGO-DNG-02571,2025-10-30,2025,44,Bakakeng North,35,F,Dengue without Warning Signs,Recovered
BGO-DNG-02572,2025-10-30,2025,44,Sto. Tomas Proper,40,F,Dengue with Warning Signs,Recovered
BGO-DNG-02573,2025-10-30,2025,44,Irisan,31,F,Dengue with Warning Signs,Recovered
BGO-DNG-02574,2025-10-30,2025,44,Balsigan,6,F,Dengue without Warning Signs,Recovered
BGO-DNG-02575,2025-10-30,2025,44,Irisan,19,M,Dengue without Warning Signs,Recovered
BGO-DNG-02576,2025-10-30,2025,44,San Luis Village,26,F,Dengue without Warning Signs,Recovered
BGO-DNG-02577,2025-10-30,2025,44,Aurora Hill Proper,42,M,Dengue without Warning Signs,Recovered
BGO-DNG-02578,2025-10-30,2025,44,Bakakeng Central,1,M,Dengue with Warning Signs,Recovered
BGO-DNG-02579,2025-10-31,2025,44,Bakakeng North,23,F,Dengue without Warning Signs,Recovered
BGO-DNG-02580,2025-10-31,2025,44,Irisan,12,F,Dengue without Warning Signs,Recovered
BGO-DNG-02581,2025-10-31,2025,44,San Luis Village,20,F,Dengue without Warning Signs,Recovered
BGO-DNG-02582,2025-10-31,2025,44,Camp 7,15,M,Dengue without Warning Signs,Recovered
BGO-DNG-02583,2025-10-31,2025,44,Irisan,14,F,Dengue without Warning Signs,Recovered
BGO-DNG-02584,2025-10-31,2025,44,Irisan,34,F,Dengue without Warning Signs,Recovered
BGO-DNG-02585,2025-10-31,2025,44,Irisan,4,F,Dengue without Warning Signs,Recovered
BGO-DNG-02586,2025-11-01,2025,44,Sto. Tomas Proper,12,F,Dengue without Warning Signs,Recovered
BGO-DNG-02587,2025-11-02,2025,44,Bakakeng Central,15,F,Dengue with Warning Signs,Recovered
BGO-DNG-02588,2025-11-02,2025,44,Loakan Proper,27,F,Dengue without Warning Signs,Recovered
BGO-DNG-02589,2025-11-03,2025,45,Pacdal,29,M,Dengue without Warning Signs,Recovered
BGO-DNG-02590,2025-11-05,2025,45,Bakakeng Central,38,F,Dengue with Warning Signs,Recovered
BGO-DNG-02591,2025-11-06,2025,45,Lucnab,19,M,Dengue without Warning Signs,Recovered
BGO-DNG-02592,2025-11-06,2025,45,Irisan,1,F,Dengue without Warning Signs,Recovered
BGO-DNG-02593,2025-11-06,2025,45,Irisan,1,M,Dengue with Warning Signs,Recovered
BGO-DNG-02594,2025-11-06,2025,45,Irisan,16,M,Dengue with Warning Signs,Recovered
BGO-DNG-02595,2025-11-07,2025,45,Loakan Proper,19,F,Dengue with Warning Signs,Recovered
BGO-DNG-02596,2025-11-07,2025,45,Irisan,24,M,Dengue with Warning Signs,Recovered
BGO-DNG-02597,2025-11-07,2025,45,Camp 7,44,F,Dengue without Warning Signs,Recovered
BGO-DNG-02598,2025-11-08,2025,45,Sto. Tomas Proper,7,F,Dengue with Warning Signs,Recovered
BGO-DNG-02599,2025-11-08,2025,45,Camp 7,1,M,Severe Dengue,Recovered
BGO-DNG-02600,2025-11-08,2025,45,Irisan,23,F,Dengue with Warning Signs,Recovered
BGO-DNG-02601,2025-11-08,2025,45,Pinsao Proper,16,M,Dengue without Warning Signs,Recovered
BGO-DNG-02602,2025-11-08,2025,45,Pacdal,3,M,Dengue without Warning Signs,Recovered
BGO-DNG-02603,2025-11-09,2025,45,Pacdal,32,F,Dengue without Warning Signs,Recovered
BGO-DNG-02604,2025-11-09,2025,45,Camp 7,28,F,Dengue without Warning Signs,Recovered
BGO-DNG-02605,2025-11-10,2025,46,Loakan Proper,22,M,Dengue without Warning Signs,Recovered
BGO-DNG-02606,2025-11-10,2025,46,Pacdal,25,F,Dengue without Warning Signs,Recovered
BGO-DNG-02607,2025-11-11,2025,46,Irisan,41,F,Dengue without Warning Signs,Recovered
BGO-DNG-02608,2025-11-11,2025,46,Irisan,12,F,Dengue with Warning Signs,Recovered
BGO-DNG-02609,2025-11-11,2025,46,Pinsao Proper,9,M,Dengue without Warning Signs,Recovered
BGO-DNG-02610,2025-11-11,2025,46,Pacdal,15,M,Dengue without Warning Signs,Recovered
BGO-DNG-02611,2025-11-12,2025,46,Pinsao Proper,6,M,Dengue with Warning Signs,Recovered
BGO-DNG-02612,2025-11-12,2025,46,Irisan,28,F,Dengue without Warning Signs,Active
BGO-DNG-02613,2025-11-13,2025,46,Bakakeng Central,50,F,Dengue with Warning Signs,Recovered
BGO-DNG-02614,2025-11-13,2025,46,Irisan,10,M,Dengue with Warning Signs,Recovered
BGO-DNG-02615,2025-11-13,2025,46,Irisan,34,F,Dengue with Warning Signs,Recovered
BGO-DNG-02616,2025-11-13,2025,46,Bakakeng Central,3,M,Dengue without Warning Signs,Recovered
BGO-DNG-02617,2025-11-13,2025,46,Bakakeng Central,30,F,Dengue without Warning Signs,Recovered
BGO-DNG-02618,2025-11-13,2025,46,Asin Road,24,F,Dengue without Warning Signs,Recovered
BGO-DNG-02619,2025-11-14,2025,46,Aurora Hill Proper,21,M,Dengue without Warning Signs,Recovered
BGO-DNG-02620,2025-11-14,2025,46,Gibraltar,16,F,Dengue without Warning Signs,Recovered
BGO-DNG-02621,2025-11-14,2025,46,Irisan,1,F,Dengue with Warning Signs,Recovered
BGO-DNG-02622,2025-11-14,2025,46,Bakakeng North,1,M,Severe Dengue,Recovered
BGO-DNG-02623,2025-11-14,2025,46,Sto. Tomas Proper,13,M,Dengue without Warning Signs,Recovered
BGO-DNG-02624,2025-11-14,2025,46,Balsigan,35,M,Dengue without Warning Signs,Recovered
BGO-DNG-02625,2025-11-15,2025,46,Bakakeng Central,12,F,Dengue without Warning Signs,Recovered
BGO-DNG-02626,2025-11-15,2025,46,Irisan,10,M,Dengue without Warning Signs,Recovered
BGO-DNG-02627,2025-11-15,2025,46,Fairview,42,F,Dengue without Warning Signs,Recovered
BGO-DNG-02628,2025-11-16,2025,46,Irisan,26,F,Dengue with Warning Signs,Recovered
BGO-DNG-02629,2025-11-16,2025,46,Bakakeng North,35,F,Dengue without Warning Signs,Recovered
BGO-DNG-02630,2025-11-16,2025,46,Irisan,28,M,Dengue with Warning Signs,Recovered
BGO-DNG-02631,2025-11-16,2025,46,Pacdal,32,F,Dengue without Warning Signs,Recovered
BGO-DNG-02632,2025-11-16,2025,46,Irisan,2,M,Dengue with Warning Signs,Recovered
BGO-DNG-02633,2025-11-17,2025,47,Bakakeng Central,19,M,Dengue with Warning Signs,Recovered
BGO-DNG-02634,2025-11-17,2025,47,Irisan,6,M,Dengue with Warning Signs,Recovered
BGO-DNG-02635,2025-11-17,2025,47,Bakakeng Central,18,M,Dengue without Warning Signs,Recovered
BGO-DNG-02636,2025-11-17,2025,47,Irisan,9,M,Dengue with Warning Signs,Recovered
BGO-DNG-02637,2025-11-17,2025,47,Irisan,36,F,Dengue without Warning Signs,Recovered
BGO-DNG-02638,2025-11-18,2025,47,Loakan Proper,14,F,Dengue without Warning Signs,Recovered
BGO-DNG-02639,2025-11-19,2025,47,Ambiong,26,M,Dengue without Warning Signs,Recovered
BGO-DNG-02640,2025-11-19,2025,47,Irisan,31,M,Dengue without Warning Signs,Recovered
BGO-DNG-02641,2025-11-19,2025,47,Irisan,33,F,Dengue without Warning Signs,Recovered
BGO-DNG-02642,2025-11-20,2025,47,Irisan,22,F,Dengue without Warning Signs,Recovered
BGO-DNG-02643,2025-11-22,2025,47,Bakakeng Central,9,M,Dengue without Warning Signs,Recovered
BGO-DNG-02644,2025-11-22,2025,47,Irisan,14,F,Dengue with Warning Signs,Recovered
BGO-DNG-02645,2025-11-22,2025,47,Irisan,33,F,Dengue with Warning Signs,Recovered
BGO-DNG-02646,2025-11-22,2025,47,Irisan,25,M,Dengue without Warning Signs,Recovered
BGO-DNG-02647,2025-11-22,2025,47,Bakakeng Central,5,F,Dengue without Warning Signs,Recovered
BGO-DNG-02648,2025-11-23,2025,47,Irisan,22,F,Dengue without Warning Signs,Recovered
BGO-DNG-02649,2025-11-23,2025,47,Irisan,20,F,Dengue without Warning Signs,Recovered
BGO-DNG-02650,2025-11-23,2025,47,Irisan,1,M,Dengue with Warning Signs,Recovered
BGO-DNG-02651,2025-11-24,2025,48,San Vicente,29,M,Dengue without Warning Signs,Recovered
BGO-DNG-02652,2025-11-24,2025,48,Gibraltar,27,M,Dengue without Warning Signs,Recovered
BGO-DNG-02653,2025-11-24,2025,48,Fairview,26,F,Dengue without Warning Signs,Recovered
BGO-DNG-02654,2025-11-25,2025,48,Camp 7,1,M,Dengue with Warning Signs,Recovered
BGO-DNG-02655,2025-11-25,2025,48,Bakakeng Central,48,M,Dengue without Warning Signs,Recovered
BGO-DNG-02656,2025-11-25,2025,48,Bakakeng Central,24,F,Dengue with Warning Signs,Recovered
BGO-DNG-02657,2025-11-25,2025,48,Irisan,24,M,Dengue without Warning Signs,Recovered
BGO-DNG-02658,2025-11-26,2025,48,Irisan,34,M,Dengue without Warning Signs,Recovered
BGO-DNG-02659,2025-11-26,2025,48,Irisan,43,M,Dengue without Warning Signs,Recovered
BGO-DNG-02660,2025-11-26,2025,48,Gibraltar,29,M,Dengue without Warning Signs,Recovered
BGO-DNG-02661,2025-11-26,2025,48,Bakakeng Central,25,M,Dengue with Warning Signs,Recovered
BGO-DNG-02662,2025-11-26,2025,48,Bakakeng Central,33,F,Dengue without Warning Signs,Recovered
BGO-DNG-02663,2025-11-27,2025,48,Bakakeng Central,5,F,Severe Dengue,Recovered
BGO-DNG-02664,2025-11-27,2025,48,Camp 7,44,F,Dengue without Warning Signs,Recovered
BGO-DNG-02665,2025-11-28,2025,48,Loakan Proper,16,M,Dengue with Warning Signs,Recovered
BGO-DNG-02666,2025-11-28,2025,48,San Luis Village,11,F,Dengue with Warning Signs,Recovered
BGO-DNG-02667,2025-11-28,2025,48,Aurora Hill Proper,23,M,Dengue with Warning Signs,Recovered
BGO-DNG-02668,2025-11-29,2025,48,Pacdal,23,F,Dengue without Warning Signs,Recovered
BGO-DNG-02669,2025-11-30,2025,48,Irisan,17,M,Dengue without Warning Signs,Recovered
BGO-DNG-02670,2025-11-30,2025,48,Aurora Hill Proper,7,M,Dengue without Warning Signs,Recovered
BGO-DNG-02671,2025-11-30,2025,48,Irisan,34,F,Dengue with Warning Signs,Recovered
BGO-DNG-02672,2025-11-30,2025,48,Loakan Proper,36,M,Dengue with Warning Signs,Recovered
BGO-DNG-02673,2025-12-01,2025,49,Irisan,7,M,Dengue with Warning Signs,Recovered
BGO-DNG-02674,2025-12-01,2025,49,Irisan,4,F,Dengue without Warning Signs,Recovered
BGO-DNG-02675,2025-12-01,2025,49,Pacdal,14,F,Dengue with Warning Signs,Recovered
BGO-DNG-02676,2025-12-02,2025,49,Bakakeng North,25,F,Dengue with Warning Signs,Recovered
BGO-DNG-02677,2025-12-03,2025,49,Loakan Proper,1,M,Dengue without Warning Signs,Recovered
BGO-DNG-02678,2025-12-03,2025,49,Irisan,18,M,Dengue without Warning Signs,Recovered
BGO-DNG-02679,2025-12-04,2025,49,Irisan,22,F,Dengue without Warning Signs,Recovered
BGO-DNG-02680,2025-12-04,2025,49,Sto. Tomas Proper,38,F,Dengue without Warning Signs,Recovered
BGO-DNG-02681,2025-12-05,2025,49,Sto. Tomas Proper,15,F,Dengue without Warning Signs,Recovered
BGO-DNG-02682,2025-12-06,2025,49,Happy Hallow,33,F,Dengue with Warning Signs,Recovered
BGO-DNG-02683,2025-12-06,2025,49,Asin Road,29,F,Dengue without Warning Signs,Recovered
BGO-DNG-02684,2025-12-06,2025,49,Pinsao Proper,7,F,Dengue without Warning Signs,Recovered
BGO-DNG-02685,2025-12-06,2025,49,Irisan,41,M,Dengue without Warning Signs,Recovered
BGO-DNG-02686,2025-12-06,2025,49,Irisan,8,M,Dengue without Warning Signs,Recovered
BGO-DNG-02687,2025-12-07,2025,49,Camp 7,32,M,Dengue without Warning Signs,Recovered
BGO-DNG-02688,2025-12-08,2025,50,Camp 7,9,M,Dengue without Warning Signs,Recovered
BGO-DNG-02689,2025-12-08,2025,50,Irisan,35,M,Dengue without Warning Signs,Recovered
BGO-DNG-02690,2025-12-09,2025,50,Happy Hallow,12,F,Dengue with Warning Signs,Recovered
BGO-DNG-02691,2025-12-09,2025,50,Irisan,56,M,Dengue without Warning Signs,Recovered
BGO-DNG-02692,2025-12-09,2025,50,Bakakeng Central,20,M,Dengue without Warning Signs,Recovered
BGO-DNG-02693,2025-12-11,2025,50,Camp 7,40,F,Dengue without Warning Signs,Recovered
BGO-DNG-02694,2025-12-11,2025,50,Irisan,35,M,Dengue without Warning Signs,Recovered
BGO-DNG-02695,2025-12-11,2025,50,Camp 7,13,M,Dengue with Warning Signs,Recovered
BGO-DNG-02696,2025-12-11,2025,50,Irisan,26,F,Dengue without Warning Signs,Recovered
BGO-DNG-02697,2025-12-11,2025,50,Irisan,39,F,Dengue with Warning Signs,Recovered
BGO-DNG-02698,2025-12-11,2025,50,Lucnab,36,F,Dengue without Warning Signs,Recovered
BGO-DNG-02699,2025-12-11,2025,50,Camp 7,1,M,Dengue without Warning Signs,Recovered
BGO-DNG-02700,2025-12-12,2025,50,Irisan,18,F,Dengue without Warning Signs,Recovered
BGO-DNG-02701,2025-12-12,2025,50,Bakakeng Central,35,M,Dengue without Warning Signs,Recovered
BGO-DNG-02702,2025-12-13,2025,50,Dominican-Mirador,29,M,Dengue without Warning Signs,Recovered
BGO-DNG-02703,2025-12-13,2025,50,Irisan,18,F,Dengue without Warning Signs,Recovered
BGO-DNG-02704,2025-12-14,2025,50,Irisan,24,M,Dengue without Warning Signs,Recovered
BGO-DNG-02705,2025-12-14,2025,50,Holy Ghost Extension,47,M,Dengue without Warning Signs,Recovered
BGO-DNG-02706,2025-12-14,2025,50,Irisan,7,F,Dengue without Warning Signs,Recovered
BGO-DNG-02707,2025-12-14,2025,50,Irisan,1,F,Dengue without Warning Signs,Recovered
BGO-DNG-02708,2025-12-14,2025,50,Camp 7,23,F,Dengue without Warning Signs,Recovered
BGO-DNG-02709,2025-12-15,2025,51,Loakan Proper,1,F,Dengue without Warning Signs,Recovered
BGO-DNG-02710,2025-12-15,2025,51,Bakakeng Central,26,M,Dengue without Warning Signs,Recovered
BGO-DNG-02711,2025-12-15,2025,51,Irisan,22,M,Dengue without Warning Signs,Recovered
BGO-DNG-02712,2025-12-15,2025,51,Bakakeng Central,47,F,Dengue with Warning Signs,Recovered
BGO-DNG-02713,2025-12-15,2025,51,Irisan,32,M,Dengue without Warning Signs,Recovered
BGO-DNG-02714,2025-12-15,2025,51,Irisan,34,F,Dengue with Warning Signs,Recovered
BGO-DNG-02715,2025-12-16,2025,51,Irisan,16,M,Dengue without Warning Signs,Recovered
BGO-DNG-02716,2025-12-16,2025,51,Asin Road,28,F,Dengue with Warning Signs,Recovered
BGO-DNG-02717,2025-12-16,2025,51,Pinsao Proper,32,F,Dengue with Warning Signs,Recovered
BGO-DNG-02718,2025-12-16,2025,51,Loakan Proper,8,F,Dengue without Warning Signs,Recovered
BGO-DNG-02719,2025-12-16,2025,51,Bakakeng Central,15,F,Dengue without Warning Signs,Recovered
BGO-DNG-02720,2025-12-16,2025,51,Irisan,17,F,Dengue without Warning Signs,Recovered
BGO-DNG-02721,2025-12-17,2025,51,Camp 7,1,F,Dengue without Warning Signs,Recovered
BGO-DNG-02722,2025-12-17,2025,51,Irisan,1,M,Dengue without Warning Signs,Recovered
BGO-DNG-02723,2025-12-18,2025,51,Gibraltar,1,M,Dengue without Warning Signs,Recovered
BGO-DNG-02724,2025-12-18,2025,51,Camp 7,24,F,Dengue without Warning Signs,Recovered
BGO-DNG-02725,2025-12-18,2025,51,Irisan,21,F,Dengue without Warning Signs,Recovered
BGO-DNG-02726,2025-12-18,2025,51,Irisan,5,M,Dengue without Warning Signs,Recovered
BGO-DNG-02727,2025-12-19,2025,51,Camp 7,27,F,Dengue without Warning Signs,Recovered
BGO-DNG-02728,2025-12-20,2025,51,Irisan,12,F,Dengue without Warning Signs,Recovered
BGO-DNG-02729,2025-12-21,2025,51,Pinsao Proper,4,M,Dengue with Warning Signs,Recovered
BGO-DNG-02730,2025-12-21,2025,51,Irisan,37,M,Severe Dengue,Recovered
BGO-DNG-02731,2025-12-21,2025,51,Bakakeng Central,19,M,Dengue without Warning Signs,Recovered
BGO-DNG-02732,2025-12-22,2025,52,Balsigan,4,M,Dengue with Warning Signs,Recovered
BGO-DNG-02733,2025-12-22,2025,52,Lucnab,14,F,Dengue with Warning Signs,Recovered
BGO-DNG-02734,2025-12-23,2025,52,Loakan Proper,26,M,Dengue with Warning Signs,Recovered
BGO-DNG-02735,2025-12-23,2025,52,Gibraltar,26,M,Dengue without Warning Signs,Recovered
BGO-DNG-02736,2025-12-24,2025,52,Irisan,43,F,Dengue without Warning Signs,Recovered
BGO-DNG-02737,2025-12-24,2025,52,Fairview,32,F,Dengue without Warning Signs,Recovered
BGO-DNG-02738,2025-12-25,2025,52,Sto. Tomas Proper,25,F,Dengue without Warning Signs,Recovered
BGO-DNG-02739,2025-12-25,2025,52,Irisan,17,F,Dengue without Warning Signs,Recovered
BGO-DNG-02740,2025-12-25,2025,52,Camp 7,35,M,Dengue without Warning Signs,Recovered
BGO-DNG-02741,2025-12-26,2025,52,Bakakeng Central,10,F,Dengue without Warning Signs,Recovered
BGO-DNG-02742,2025-12-26,2025,52,Sto. Tomas Proper,26,M,Dengue without Warning Signs,Recovered
BGO-DNG-02743,2025-12-26,2025,52,Happy Hallow,28,M,Dengue without Warning Signs,Active
BGO-DNG-02744,2025-12-26,2025,52,Pinsao Proper,10,M,Dengue without Warning Signs,Recovered
BGO-DNG-02745,2025-12-27,2025,52,Aurora Hill Proper,15,M,Dengue without Warning Signs,Recovered
BGO-DNG-02746,2025-12-27,2025,52,Pacdal,22,F,Dengue without Warning Signs,Recovered
BGO-DNG-02747,2025-12-27,2025,52,Irisan,41,M,Dengue without Warning Signs,Recovered
BGO-DNG-02748,2025-12-29,2026,1,Loakan Proper,38,M,Dengue without Warning Signs,Recovered
BGO-DNG-02749,2025-12-29,2026,1,Pacdal,34,M,Dengue with Warning Signs,Recovered
BGO-DNG-02750,2025-12-29,2026,1,Sto. Tomas Proper,39,F,Dengue without Warning Signs,Recovered
BGO-DNG-02751,2025-12-30,2026,1,Bakakeng North,1,F,Dengue without Warning Signs,Recovered
BGO-DNG-02752,2025-12-30,2026,1,Pinsao Proper,34,M,Dengue with Warning Signs,Recovered
BGO-DNG-02753,2025-12-30,2026,1,Camp 7,1,F,Dengue without Warning Signs,Recovered
BGO-DNG-02754,2025-12-31,2026,1,Camp 7,29,F,Dengue without Warning Signs,Recovered
BGO-DNG-02755,2026-01-01,2026,1,Irisan,15,M,Dengue without Warning Signs,Recovered
BGO-DNG-02756,2026-01-01,2026,1,Pinsao Proper,2,M,Dengue without Warning Signs,Recovered
BGO-DNG-02757,2026-01-02,2026,1,Camp 7,8,F,Dengue with Warning Signs,Recovered
BGO-DNG-02758,2026-01-02,2026,1,Irisan,29,F,Dengue with Warning Signs,Recovered
BGO-DNG-02759,2026-01-03,2026,1,Gibraltar,16,F,Severe Dengue,Recovered
BGO-DNG-02760,2026-01-03,2026,1,Irisan,11,M,Dengue without Warning Signs,Recovered
BGO-DNG-02761,2026-01-05,2026,2,Balsigan,58,F,Dengue without Warning Signs,Recovered
BGO-DNG-02762,2026-01-06,2026,2,Quezon Hill Proper,16,M,Dengue without Warning Signs,Recovered
BGO-DNG-02763,2026-01-09,2026,2,Irisan,12,F,Dengue without Warning Signs,Recovered
BGO-DNG-02764,2026-01-11,2026,2,Pacdal,15,F,Dengue without Warning Signs,Recovered
BGO-DNG-02765,2026-01-14,2026,3,San Vicente,9,M,Dengue without Warning Signs,Recovered
BGO-DNG-02766,2026-01-14,2026,3,Irisan,19,F,Dengue without Warning Signs,Recovered
BGO-DNG-02767,2026-01-15,2026,3,Irisan,26,F,Dengue without Warning Signs,Recovered
BGO-DNG-02768,2026-01-15,2026,3,Irisan,32,M,Dengue with Warning Signs,Recovered
BGO-DNG-02769,2026-01-15,2026,3,Irisan,31,F,Dengue without Warning Signs,Recovered
BGO-DNG-02770,2026-01-16,2026,3,Fairview,26,F,Dengue with Warning Signs,Recovered
BGO-DNG-02771,2026-01-16,2026,3,Irisan,24,M,Dengue without Warning Signs,Recovered
BGO-DNG-02772,2026-01-18,2026,3,Irisan,26,M,Dengue with Warning Signs,Recovered
BGO-DNG-02773,2026-01-19,2026,4,Bakakeng Central,36,M,Dengue without Warning Signs,Recovered
BGO-DNG-02774,2026-01-19,2026,4,Bakakeng Central,16,F,Dengue without Warning Signs,Recovered
BGO-DNG-02775,2026-01-20,2026,4,Holy Ghost Extension,8,M,Dengue without Warning Signs,Recovered
BGO-DNG-02776,2026-01-20,2026,4,Irisan,56,M,Dengue without Warning Signs,Recovered
BGO-DNG-02777,2026-01-20,2026,4,Irisan,23,F,Dengue without Warning Signs,Recovered
BGO-DNG-02778,2026-01-21,2026,4,San Luis Village,18,F,Dengue without Warning Signs,Recovered
BGO-DNG-02779,2026-01-21,2026,4,Sto. Tomas Proper,11,M,Dengue without Warning Signs,Recovered
BGO-DNG-02780,2026-01-23,2026,4,Irisan,8,M,Dengue without Warning Signs,Recovered
BGO-DNG-02781,2026-01-24,2026,4,Irisan,31,M,Severe Dengue,Recovered
BGO-DNG-02782,2026-01-26,2026,5,Irisan,35,M,Dengue without Warning Signs,Recovered
BGO-DNG-02783,2026-01-27,2026,5,Camp 7,14,M,Dengue without Warning Signs,Recovered
BGO-DNG-02784,2026-01-28,2026,5,Irisan,16,M,Dengue with Warning Signs,Recovered
BGO-DNG-02785,2026-01-31,2026,5,Irisan,18,F,Dengue with Warning Signs,Recovered
BGO-DNG-02786,2026-02-01,2026,5,Asin Road,18,M,Dengue with Warning Signs,Recovered
BGO-DNG-02787,2026-02-01,2026,5,Irisan,10,M,Dengue without Warning Signs,Recovered
BGO-DNG-02788,2026-02-02,2026,6,San Luis Village,17,F,Dengue without Warning Signs,Recovered
BGO-DNG-02789,2026-02-03,2026,6,Balsigan,38,M,Dengue without Warning Signs,Recovered
BGO-DNG-02790,2026-02-04,2026,6,Irisan,27,F,Dengue without Warning Signs,Recovered
BGO-DNG-02791,2026-02-04,2026,6,Irisan,11,F,Dengue without Warning Signs,Recovered
BGO-DNG-02792,2026-02-06,2026,6,Irisan,36,F,Dengue without Warning Signs,Recovered
BGO-DNG-02793,2026-02-08,2026,6,Loakan Proper,23,F,Dengue without Warning Signs,Recovered
BGO-DNG-02794,2026-02-08,2026,6,Sto. Tomas Proper,14,F,Dengue without Warning Signs,Recovered
BGO-DNG-02795,2026-02-08,2026,6,Pinsao Proper,13,M,Dengue with Warning Signs,Recovered
BGO-DNG-02796,2026-02-10,2026,7,Irisan,14,F,Dengue without Warning Signs,Recovered
BGO-DNG-02797,2026-02-10,2026,7,Irisan,16,F,Dengue without Warning Signs,Recovered
BGO-DNG-02798,2026-02-11,2026,7,Asin Road,26,F,Dengue without Warning Signs,Recovered
BGO-DNG-02799,2026-02-11,2026,7,Sto. Tomas Proper,10,F,Dengue without Warning Signs,Recovered
BGO-DNG-02800,2026-02-11,2026,7,Loakan Proper,9,M,Dengue without Warning Signs,Recovered
BGO-DNG-02801,2026-02-11,2026,7,Fairview,40,M,Dengue without Warning Signs,Recovered
BGO-DNG-02802,2026-02-13,2026,7,Bakakeng North,2,F,Dengue without Warning Signs,Recovered
BGO-DNG-02803,2026-02-13,2026,7,Kias,7,M,Dengue with Warning Signs,Recovered
BGO-DNG-02804,2026-02-14,2026,7,Pacdal,18,M,Dengue without Warning Signs,Recovered
BGO-DNG-02805,2026-02-15,2026,7,Irisan,5,M,Dengue without Warning Signs,Recovered
BGO-DNG-02806,2026-02-15,2026,7,Irisan,22,M,Dengue with Warning Signs,Recovered
BGO-DNG-02807,2026-02-18,2026,8,Irisan,48,M,Dengue without Warning Signs,Recovered
BGO-DNG-02808,2026-02-18,2026,8,Gibraltar,19,M,Dengue without Warning Signs,Recovered
BGO-DNG-02809,2026-02-19,2026,8,Asin Road,15,M,Dengue without Warning Signs,Recovered
BGO-DNG-02810,2026-02-19,2026,8,Pinsao Proper,1,M,Dengue without Warning Signs,Recovered
BGO-DNG-02811,2026-02-19,2026,8,Camp 7,31,M,Dengue without Warning Signs,Recovered
BGO-DNG-02812,2026-02-20,2026,8,Asin Road,27,F,Dengue without Warning Signs,Recovered
BGO-DNG-02813,2026-02-21,2026,8,Irisan,33,F,Dengue without Warning Signs,Recovered
BGO-DNG-02814,2026-02-22,2026,8,Pacdal,18,F,Dengue without Warning Signs,Recovered
BGO-DNG-02815,2026-02-22,2026,8,Asin Road,8,M,Dengue without Warning Signs,Recovered
BGO-DNG-02816,2026-02-22,2026,8,Asin Road,40,M,Dengue with Warning Signs,Recovered
BGO-DNG-02817,2026-02-24,2026,9,Fairview,10,M,Dengue without Warning Signs,Recovered
BGO-DNG-02818,2026-02-27,2026,9,Bakakeng Central,6,F,Severe Dengue,Recovered
BGO-DNG-02819,2026-02-27,2026,9,Irisan,19,M,Dengue with Warning Signs,Recovered
BGO-DNG-02820,2026-03-02,2026,10,Irisan,42,M,Dengue without Warning Signs,Recovered
BGO-DNG-02821,2026-03-02,2026,10,Fairview,1,F,Dengue without Warning Signs,Recovered
BGO-DNG-02822,2026-03-02,2026,10,Irisan,29,M,Dengue without Warning Signs,Recovered
BGO-DNG-02823,2026-03-04,2026,10,Gibraltar,19,F,Severe Dengue,Recovered
BGO-DNG-02824,2026-03-04,2026,10,Loakan Proper,24,M,Dengue without Warning Signs,Recovered
BGO-DNG-02825,2026-03-04,2026,10,Irisan,23,F,Dengue without Warning Signs,Recovered
BGO-DNG-02826,2026-03-05,2026,10,Irisan,25,M,Dengue without Warning Signs,Recovered
BGO-DNG-02827,2026-03-06,2026,10,Pinsao Proper,54,M,Dengue without Warning Signs,Recovered
BGO-DNG-02828,2026-03-07,2026,10,Camp 7,20,F,Dengue without Warning Signs,Recovered
BGO-DNG-02829,2026-03-07,2026,10,Asin Road,31,F,Dengue with Warning Signs,Recovered
BGO-DNG-02830,2026-03-07,2026,10,Irisan,18,F,Dengue without Warning Signs,Recovered
BGO-DNG-02831,2026-03-07,2026,10,Irisan,22,M,Dengue without Warning Signs,Recovered
BGO-DNG-02832,2026-03-08,2026,10,Irisan,19,F,Dengue without Warning Signs,Recovered
BGO-DNG-02833,2026-03-10,2026,11,Irisan,9,F,Dengue with Warning Signs,Recovered
BGO-DNG-02834,2026-03-10,2026,11,Quezon Hill Proper,44,M,Dengue without Warning Signs,Recovered
BGO-DNG-02835,2026-03-12,2026,11,Bakakeng Central,19,M,Severe Dengue,Recovered
BGO-DNG-02836,2026-03-13,2026,11,Irisan,34,M,Dengue without Warning Signs,Recovered
BGO-DNG-02837,2026-03-14,2026,11,Pinsao Proper,1,F,Dengue without Warning Signs,Recovered
BGO-DNG-02838,2026-03-14,2026,11,Irisan,20,M,Dengue without Warning Signs,Died
BGO-DNG-02839,2026-03-15,2026,11,Bakakeng Central,18,M,Dengue without Warning Signs,Active
BGO-DNG-02840,2026-03-16,2026,12,San Luis Village,22,F,Dengue without Warning Signs,Recovered
BGO-DNG-02841,2026-03-17,2026,12,Loakan Proper,33,M,Dengue with Warning Signs,Recovered
BGO-DNG-02842,2026-03-17,2026,12,Camp 7,10,M,Dengue without Warning Signs,Recovered
BGO-DNG-02843,2026-03-18,2026,12,Loakan Proper,29,M,Dengue without Warning Signs,Recovered
BGO-DNG-02844,2026-03-18,2026,12,Bakakeng Central,12,M,Dengue with Warning Signs,Recovered
BGO-DNG-02845,2026-03-19,2026,12,Bakakeng Central,19,M,Dengue without Warning Signs,Recovered
BGO-DNG-02846,2026-03-21,2026,12,Bakakeng Central,40,M,Dengue without Warning Signs,Recovered
BGO-DNG-02847,2026-03-21,2026,12,Bakakeng Central,1,M,Dengue with Warning Signs,Recovered
BGO-DNG-02848,2026-03-22,2026,12,Irisan,13,M,Dengue with Warning Signs,Recovered
BGO-DNG-02849,2026-03-22,2026,12,Irisan,5,M,Dengue with Warning Signs,Recovered
BGO-DNG-02850,2026-03-22,2026,12,Pacdal,1,M,Dengue without Warning Signs,Recovered
BGO-DNG-02851,2026-03-23,2026,13,Irisan,15,M,Dengue with Warning Signs,Recovered
BGO-DNG-02852,2026-03-25,2026,13,Irisan,5,M,Dengue without Warning Signs,Recovered
BGO-DNG-02853,2026-03-27,2026,13,Sto. Tomas Proper,30,F,Dengue with Warning Signs,Recovered
BGO-DNG-02854,2026-03-28,2026,13,Loakan Proper,6,M,Dengue without Warning Signs,Recovered
BGO-DNG-02855,2026-03-29,2026,13,Pacdal,19,M,Dengue without Warning Signs,Recovered
BGO-DNG-02856,2026-03-30,2026,14,Irisan,14,F,Dengue without Warning Signs,Recovered
BGO-DNG-02857,2026-03-30,2026,14,Sto. Tomas Proper,22,M,Dengue without Warning Signs,Recovered
BGO-DNG-02858,2026-04-01,2026,14,Irisan,17,F,Dengue without Warning Signs,Recovered
BGO-DNG-02859,2026-04-01,2026,14,Camp 7,11,F,Dengue with Warning Signs,Recovered
BGO-DNG-02860,2026-04-02,2026,14,Camp 7,34,M,Dengue without Warning Signs,Recovered
BGO-DNG-02861,2026-04-02,2026,14,San Vicente,42,F,Dengue without Warning Signs,Recovered
BGO-DNG-02862,2026-04-03,2026,14,Irisan,25,F,Dengue with Warning Signs,Recovered
BGO-DNG-02863,2026-04-04,2026,14,Asin Road,10,F,Dengue with Warning Signs,Recovered
BGO-DNG-02864,2026-04-04,2026,14,Irisan,40,M,Dengue without Warning Signs,Active
BGO-DNG-02865,2026-04-04,2026,14,Irisan,21,F,Dengue with Warning Signs,Recovered
BGO-DNG-02866,2026-04-04,2026,14,Loakan Proper,34,M,Dengue without Warning Signs,Recovered
BGO-DNG-02867,2026-04-04,2026,14,Asin Road,13,M,Dengue without Warning Signs,Recovered
BGO-DNG-02868,2026-04-04,2026,14,Irisan,38,F,Dengue without Warning Signs,Recovered
BGO-DNG-02869,2026-04-05,2026,14,Asin Road,40,M,Dengue without Warning Signs,Recovered
BGO-DNG-02870,2026-04-05,2026,14,Magsaysay Private,15,M,Dengue with Warning Signs,Recovered
BGO-DNG-02871,2026-04-06,2026,15,Sto. Tomas Proper,43,M,Dengue without Warning Signs,Recovered
BGO-DNG-02872,2026-04-06,2026,15,Irisan,11,M,Dengue without Warning Signs,Recovered
BGO-DNG-02873,2026-04-07,2026,15,Camp 7,27,F,Dengue without Warning Signs,Recovered
BGO-DNG-02874,2026-04-07,2026,15,Irisan,40,F,Dengue without Warning Signs,Recovered
BGO-DNG-02875,2026-04-08,2026,15,Camp 7,27,F,Dengue without Warning Signs,Recovered
BGO-DNG-02876,2026-04-09,2026,15,Irisan,33,F,Dengue without Warning Signs,Recovered
BGO-DNG-02877,2026-04-09,2026,15,Balsigan,18,M,Dengue without Warning Signs,Recovered
BGO-DNG-02878,2026-04-09,2026,15,Irisan,38,M,Dengue without Warning Signs,Recovered
BGO-DNG-02879,2026-04-09,2026,15,Camp 7,9,M,Dengue without Warning Signs,Recovered
BGO-DNG-02880,2026-04-10,2026,15,Fairview,22,F,Severe Dengue,Recovered
BGO-DNG-02881,2026-04-10,2026,15,Irisan,7,F,Severe Dengue,Recovered
BGO-DNG-02882,2026-04-10,2026,15,Pacdal,34,M,Dengue without Warning Signs,Active
BGO-DNG-02883,2026-04-11,2026,15,Asin Road,6,F,Dengue with Warning Signs,Recovered
BGO-DNG-02884,2026-04-11,2026,15,Irisan,39,F,Dengue with Warning Signs,Recovered
BGO-DNG-02885,2026-04-12,2026,15,Pacdal,9,M,Dengue without Warning Signs,Recovered
BGO-DNG-02886,2026-04-12,2026,15,Holy Ghost Extension,12,M,Dengue with Warning Signs,Recovered
BGO-DNG-02887,2026-04-12,2026,15,Camp 7,28,F,Dengue without Warning Signs,Recovered
BGO-DNG-02888,2026-04-12,2026,15,Irisan,35,F,Dengue without Warning Signs,Recovered
BGO-DNG-02889,2026-04-13,2026,16,Pacdal,31,M,Dengue without Warning Signs,Recovered
BGO-DNG-02890,2026-04-13,2026,16,Asin Road,1,F,Dengue without Warning Signs,Active
BGO-DNG-02891,2026-04-14,2026,16,Irisan,31,M,Dengue without Warning Signs,Recovered
BGO-DNG-02892,2026-04-15,2026,16,Pacdal,22,F,Dengue without Warning Signs,Recovered
BGO-DNG-02893,2026-04-16,2026,16,Irisan,32,F,Dengue without Warning Signs,Recovered
BGO-DNG-02894,2026-04-17,2026,16,Fairview,7,M,Dengue without Warning Signs,Recovered
BGO-DNG-02895,2026-04-17,2026,16,Irisan,34,F,Dengue without Warning Signs,Recovered
BGO-DNG-02896,2026-04-17,2026,16,Bakakeng Central,30,M,Dengue without Warning Signs,Recovered
BGO-DNG-02897,2026-04-18,2026,16,Bakakeng Central,24,F,Dengue without Warning Signs,Recovered
BGO-DNG-02898,2026-04-19,2026,16,Bakakeng Central,52,F,Dengue without Warning Signs,Recovered
BGO-DNG-02899,2026-04-19,2026,16,Asin Road,5,F,Dengue with Warning Signs,Recovered
BGO-DNG-02900,2026-04-19,2026,16,Bakakeng Central,15,F,Dengue without Warning Signs,Recovered
BGO-DNG-02901,2026-04-19,2026,16,Loakan Proper,25,F,Dengue without Warning Signs,Recovered
BGO-DNG-02902,2026-04-20,2026,17,Irisan,15,F,Dengue without Warning Signs,Recovered
BGO-DNG-02903,2026-04-20,2026,17,Bakakeng Central,30,F,Dengue without Warning Signs,Recovered
BGO-DNG-02904,2026-04-22,2026,17,San Luis Village,33,M,Dengue with Warning Signs,Recovered
BGO-DNG-02905,2026-04-22,2026,17,Bakakeng Central,42,F,Dengue without Warning Signs,Recovered
BGO-DNG-02906,2026-04-22,2026,17,Fairview,10,F,Severe Dengue,Active
BGO-DNG-02907,2026-04-22,2026,17,Irisan,30,M,Dengue with Warning Signs,Recovered
BGO-DNG-02908,2026-04-22,2026,17,Loakan Proper,1,F,Dengue without Warning Signs,Recovered
BGO-DNG-02909,2026-04-23,2026,17,San Luis Village,28,F,Dengue with Warning Signs,Recovered
BGO-DNG-02910,2026-04-24,2026,17,Camp 7,25,M,Dengue with Warning Signs,Recovered
BGO-DNG-02911,2026-04-24,2026,17,Sto. Tomas Proper,5,M,Dengue with Warning Signs,Recovered
BGO-DNG-02912,2026-04-24,2026,17,Sto. Tomas Proper,29,M,Dengue without Warning Signs,Recovered
BGO-DNG-02913,2026-04-25,2026,17,Holy Ghost Extension,9,M,Dengue without Warning Signs,Recovered
BGO-DNG-02914,2026-04-25,2026,17,Irisan,1,M,Dengue without Warning Signs,Recovered
BGO-DNG-02915,2026-04-25,2026,17,Asin Road,18,F,Dengue with Warning Signs,Recovered
BGO-DNG-02916,2026-04-26,2026,17,Camp 7,30,F,Dengue without Warning Signs,Recovered
BGO-DNG-02917,2026-04-26,2026,17,Asin Road,31,M,Dengue with Warning Signs,Recovered
BGO-DNG-02918,2026-04-27,2026,18,Irisan,28,F,Dengue without Warning Signs,Recovered
BGO-DNG-02919,2026-04-27,2026,18,Irisan,20,F,Dengue without Warning Signs,Recovered
BGO-DNG-02920,2026-04-28,2026,18,Magsaysay Private,25,F,Dengue without Warning Signs,Recovered
BGO-DNG-02921,2026-04-28,2026,18,Pinsao Proper,46,F,Dengue without Warning Signs,Recovered
BGO-DNG-02922,2026-04-29,2026,18,Bakakeng Central,35,M,Dengue without Warning Signs,Recovered
BGO-DNG-02923,2026-04-29,2026,18,Irisan,16,M,Dengue without Warning Signs,Recovered
BGO-DNG-02924,2026-04-30,2026,18,Irisan,38,F,Dengue without Warning Signs,Recovered
BGO-DNG-02925,2026-05-01,2026,18,Pacdal,26,F,Dengue with Warning Signs,Recovered
BGO-DNG-02926,2026-05-01,2026,18,Irisan,16,M,Dengue with Warning Signs,Recovered
BGO-DNG-02927,2026-05-01,2026,18,Irisan,36,M,Dengue without Warning Signs,Recovered
BGO-DNG-02928,2026-05-02,2026,18,Camp 7,16,F,Severe Dengue,Recovered
BGO-DNG-02929,2026-05-02,2026,18,Irisan,6,M,Dengue without Warning Signs,Died
BGO-DNG-02930,2026-05-02,2026,18,Irisan,35,F,Dengue without Warning Signs,Recovered
BGO-DNG-02931,2026-05-02,2026,18,Camp 7,41,F,Dengue without Warning Signs,Recovered
BGO-DNG-02932,2026-05-02,2026,18,Bakakeng Central,30,M,Dengue without Warning Signs,Recovered
BGO-DNG-02933,2026-05-02,2026,18,Irisan,6,M,Dengue with Warning Signs,Recovered
BGO-DNG-02934,2026-05-03,2026,18,Irisan,29,M,Dengue without Warning Signs,Recovered
BGO-DNG-02935,2026-05-03,2026,18,Irisan,10,M,Dengue without Warning Signs,Recovered
BGO-DNG-02936,2026-05-03,2026,18,Loakan Proper,21,M,Dengue without Warning Signs,Recovered
BGO-DNG-02937,2026-05-04,2026,19,Camp 7,22,M,Dengue without Warning Signs,Recovered
BGO-DNG-02938,2026-05-04,2026,19,Asin Road,30,M,Dengue without Warning Signs,Recovered
BGO-DNG-02939,2026-05-05,2026,19,Irisan,33,M,Dengue without Warning Signs,Recovered
BGO-DNG-02940,2026-05-05,2026,19,Bakakeng Central,18,M,Dengue with Warning Signs,Recovered
BGO-DNG-02941,2026-05-05,2026,19,San Vicente,15,F,Dengue without Warning Signs,Recovered
BGO-DNG-02942,2026-05-05,2026,19,Irisan,27,M,Dengue without Warning Signs,Recovered
BGO-DNG-02943,2026-05-06,2026,19,Irisan,39,M,Dengue without Warning Signs,Recovered
BGO-DNG-02944,2026-05-06,2026,19,Loakan Proper,23,M,Dengue without Warning Signs,Recovered
BGO-DNG-02945,2026-05-06,2026,19,Irisan,17,M,Dengue without Warning Signs,Recovered
BGO-DNG-02946,2026-05-07,2026,19,San Luis Village,12,F,Dengue without Warning Signs,Recovered
BGO-DNG-02947,2026-05-08,2026,19,Irisan,36,M,Dengue without Warning Signs,Recovered
BGO-DNG-02948,2026-05-08,2026,19,Irisan,1,M,Dengue without Warning Signs,Recovered
BGO-DNG-02949,2026-05-08,2026,19,Irisan,22,M,Dengue without Warning Signs,Recovered
BGO-DNG-02950,2026-05-08,2026,19,Asin Road,16,F,Dengue without Warning Signs,Recovered
BGO-DNG-02951,2026-05-08,2026,19,Camp 7,23,M,Dengue without Warning Signs,Recovered
BGO-DNG-02952,2026-05-10,2026,19,Dominican-Mirador,21,F,Severe Dengue,Recovered
BGO-DNG-02953,2026-05-10,2026,19,Asin Road,4,M,Dengue with Warning Signs,Recovered
BGO-DNG-02954,2026-05-10,2026,19,Sto. Tomas Proper,13,F,Dengue without Warning Signs,Recovered
BGO-DNG-02955,2026-05-10,2026,19,Bakakeng Central,36,M,Dengue without Warning Signs,Recovered
BGO-DNG-02956,2026-05-11,2026,20,Asin Road,19,M,Dengue without Warning Signs,Recovered
BGO-DNG-02957,2026-05-11,2026,20,Gibraltar,12,M,Dengue without Warning Signs,Recovered
BGO-DNG-02958,2026-05-11,2026,20,Irisan,3,M,Dengue without Warning Signs,Recovered
BGO-DNG-02959,2026-05-12,2026,20,Bakakeng Central,52,F,Dengue without Warning Signs,Recovered
BGO-DNG-02960,2026-05-12,2026,20,Irisan,30,M,Dengue without Warning Signs,Recovered
BGO-DNG-02961,2026-05-12,2026,20,Irisan,15,M,Dengue without Warning Signs,Recovered
BGO-DNG-02962,2026-05-12,2026,20,Irisan,23,M,Dengue with Warning Signs,Recovered
BGO-DNG-02963,2026-05-12,2026,20,Irisan,36,M,Dengue without Warning Signs,Recovered
BGO-DNG-02964,2026-05-12,2026,20,Bakakeng Central,7,F,Dengue without Warning Signs,Recovered
BGO-DNG-02965,2026-05-12,2026,20,Irisan,18,M,Dengue with Warning Signs,Recovered
BGO-DNG-02966,2026-05-13,2026,20,Pinsao Proper,31,M,Dengue without Warning Signs,Recovered
BGO-DNG-02967,2026-05-13,2026,20,Irisan,20,M,Dengue without Warning Signs,Recovered
BGO-DNG-02968,2026-05-14,2026,20,Irisan,13,F,Dengue without Warning Signs,Recovered
BGO-DNG-02969,2026-05-15,2026,20,Irisan,20,M,Dengue without Warning Signs,Recovered
BGO-DNG-02970,2026-05-15,2026,20,Irisan,24,F,Dengue without Warning Signs,Active
BGO-DNG-02971,2026-05-15,2026,20,Camp 7,9,M,Dengue without Warning Signs,Recovered
BGO-DNG-02972,2026-05-15,2026,20,Irisan,21,F,Severe Dengue,Recovered
BGO-DNG-02973,2026-05-15,2026,20,Asin Road,29,F,Dengue without Warning Signs,Recovered
BGO-DNG-02974,2026-05-16,2026,20,Irisan,30,F,Dengue with Warning Signs,Recovered
BGO-DNG-02975,2026-05-17,2026,20,San Vicente,4,M,Dengue without Warning Signs,Recovered
BGO-DNG-02976,2026-05-18,2026,21,Camp 7,36,M,Dengue with Warning Signs,Recovered
BGO-DNG-02977,2026-05-19,2026,21,Asin Road,31,M,Dengue without Warning Signs,Recovered
BGO-DNG-02978,2026-05-19,2026,21,Irisan,22,M,Dengue without Warning Signs,Recovered
BGO-DNG-02979,2026-05-19,2026,21,Camp 7,22,F,Dengue without Warning Signs,Recovered
BGO-DNG-02980,2026-05-19,2026,21,Bakakeng Central,6,F,Dengue without Warning Signs,Recovered
BGO-DNG-02981,2026-05-19,2026,21,Irisan,1,F,Dengue without Warning Signs,Recovered
BGO-DNG-02982,2026-05-20,2026,21,Irisan,38,F,Dengue without Warning Signs,Recovered
BGO-DNG-02983,2026-05-20,2026,21,Camp 7,11,M,Dengue with Warning Signs,Recovered
BGO-DNG-02984,2026-05-20,2026,21,Camp 7,9,F,Dengue without Warning Signs,Recovered
BGO-DNG-02985,2026-05-20,2026,21,Pinsao Proper,11,M,Dengue with Warning Signs,Recovered
BGO-DNG-02986,2026-05-20,2026,21,Pacdal,1,F,Dengue without Warning Signs,Recovered
BGO-DNG-02987,2026-05-21,2026,21,Irisan,13,M,Dengue without Warning Signs,Recovered
BGO-DNG-02988,2026-05-21,2026,21,Magsaysay Private,23,F,Dengue without Warning Signs,Recovered
BGO-DNG-02989,2026-05-22,2026,21,Pinsao Proper,17,M,Dengue without Warning Signs,Recovered
BGO-DNG-02990,2026-05-22,2026,21,Sto. Tomas Proper,5,F,Dengue without Warning Signs,Recovered
BGO-DNG-02991,2026-05-22,2026,21,Asin Road,21,F,Dengue with Warning Signs,Recovered
BGO-DNG-02992,2026-05-23,2026,21,Irisan,14,F,Dengue without Warning Signs,Recovered
BGO-DNG-02993,2026-05-23,2026,21,Asin Road,21,M,Dengue without Warning Signs,Recovered
BGO-DNG-02994,2026-05-23,2026,21,Irisan,12,F,Severe Dengue,Recovered
BGO-DNG-02995,2026-05-24,2026,21,Asin Road,25,M,Dengue without Warning Signs,Recovered
BGO-DNG-02996,2026-05-25,2026,22,Irisan,40,F,Dengue without Warning Signs,Recovered
BGO-DNG-02997,2026-05-25,2026,22,Sto. Tomas Proper,19,F,Dengue without Warning Signs,Recovered
BGO-DNG-02998,2026-05-25,2026,22,Asin Road,14,F,Dengue without Warning Signs,Recovered
BGO-DNG-02999,2026-05-26,2026,22,San Luis Village,26,M,Dengue with Warning Signs,Recovered
BGO-DNG-03000,2026-05-26,2026,22,Gibraltar,31,F,Dengue with Warning Signs,Recovered
BGO-DNG-03001,2026-05-26,2026,22,Irisan,15,M,Dengue without Warning Signs,Recovered
BGO-DNG-03002,2026-05-27,2026,22,Irisan,11,M,Dengue without Warning Signs,Recovered
BGO-DNG-03003,2026-05-27,2026,22,Irisan,26,F,Dengue without Warning Signs,Recovered
BGO-DNG-03004,2026-05-27,2026,22,Holy Ghost Extension,24,F,Dengue without Warning Signs,Recovered
BGO-DNG-03005,2026-05-27,2026,22,Irisan,1,F,Dengue with Warning Signs,Recovered
BGO-DNG-03006,2026-05-28,2026,22,Irisan,32,M,Dengue without Warning Signs,Recovered
BGO-DNG-03007,2026-05-29,2026,22,Gibraltar,27,M,Dengue with Warning Signs,Recovered
BGO-DNG-03008,2026-05-29,2026,22,Bakakeng Central,13,M,Dengue without Warning Signs,Recovered
BGO-DNG-03009,2026-05-29,2026,22,Irisan,30,M,Dengue without Warning Signs,Recovered
BGO-DNG-03010,2026-05-29,2026,22,Gibraltar,41,M,Dengue with Warning Signs,Recovered
BGO-DNG-03011,2026-05-29,2026,22,Irisan,24,F,Dengue without Warning Signs,Recovered
BGO-DNG-03012,2026-05-29,2026,22,Kias,19,M,Dengue without Warning Signs,Recovered
BGO-DNG-03013,2026-05-30,2026,22,Irisan,45,F,Dengue with Warning Signs,Active
BGO-DNG-03014,2026-05-30,2026,22,Quezon Hill Proper,27,F,Dengue without Warning Signs,Recovered
BGO-DNG-03015,2026-05-31,2026,22,Irisan,1,M,Dengue with Warning Signs,Recovered
BGO-DNG-03016,2026-05-31,2026,22,Loakan Proper,9,F,Dengue without Warning Signs,Recovered
BGO-DNG-03017,2026-06-01,2026,23,Irisan,25,M,Severe Dengue,Recovered
BGO-DNG-03018,2026-06-01,2026,23,Sto. Tomas Proper,20,F,Dengue without Warning Signs,Recovered
BGO-DNG-03019,2026-06-01,2026,23,Irisan,15,M,Dengue without Warning Signs,Recovered
BGO-DNG-03020,2026-06-01,2026,23,Irisan,7,M,Dengue without Warning Signs,Recovered
BGO-DNG-03021,2026-06-01,2026,23,Aurora Hill Proper,21,F,Dengue without Warning Signs,Recovered
BGO-DNG-03022,2026-06-02,2026,23,Irisan,21,F,Dengue without Warning Signs,Died
BGO-DNG-03023,2026-06-02,2026,23,Irisan,22,M,Dengue without Warning Signs,Recovered
BGO-DNG-03024,2026-06-02,2026,23,Loakan Proper,22,M,Dengue without Warning Signs,Recovered
BGO-DNG-03025,2026-06-02,2026,23,Irisan,20,M,Dengue without Warning Signs,Recovered
BGO-DNG-03026,2026-06-02,2026,23,Pacdal,18,M,Dengue with Warning Signs,Recovered
BGO-DNG-03027,2026-06-03,2026,23,Irisan,36,M,Dengue with Warning Signs,Recovered
BGO-DNG-03028,2026-06-03,2026,23,Irisan,21,F,Dengue without Warning Signs,Recovered
BGO-DNG-03029,2026-06-03,2026,23,Pacdal,7,F,Dengue with Warning Signs,Recovered
BGO-DNG-03030,2026-06-03,2026,23,Loakan Proper,16,M,Dengue without Warning Signs,Recovered
BGO-DNG-03031,2026-06-03,2026,23,Irisan,1,M,Dengue without Warning Signs,Recovered
BGO-DNG-03032,2026-06-03,2026,23,Irisan,17,F,Dengue without Warning Signs,Recovered
BGO-DNG-03033,2026-06-03,2026,23,Irisan,36,M,Dengue with Warning Signs,Recovered
BGO-DNG-03034,2026-06-03,2026,23,Asin Road,35,M,Dengue without Warning Signs,Active
BGO-DNG-03035,2026-06-03,2026,23,Pacdal,38,M,Dengue without Warning Signs,Recovered
BGO-DNG-03036,2026-06-03,2026,23,Bakakeng Central,36,F,Dengue with Warning Signs,Recovered
BGO-DNG-03037,2026-06-03,2026,23,Loakan Proper,19,M,Dengue without Warning Signs,Recovered
BGO-DNG-03038,2026-06-04,2026,23,Quezon Hill Proper,18,M,Dengue without Warning Signs,Active
BGO-DNG-03039,2026-06-04,2026,23,Camp 7,40,F,Dengue with Warning Signs,Recovered
BGO-DNG-03040,2026-06-04,2026,23,Irisan,15,F,Dengue without Warning Signs,Recovered
BGO-DNG-03041,2026-06-04,2026,23,Pacdal,20,F,Dengue without Warning Signs,Recovered
BGO-DNG-03042,2026-06-04,2026,23,Irisan,28,M,Dengue without Warning Signs,Recovered
BGO-DNG-03043,2026-06-04,2026,23,San Luis Village,9,F,Dengue without Warning Signs,Recovered
BGO-DNG-03044,2026-06-05,2026,23,Irisan,10,F,Dengue without Warning Signs,Recovered
BGO-DNG-03045,2026-06-05,2026,23,San Luis Village,16,F,Dengue without Warning Signs,Recovered
BGO-DNG-03046,2026-06-05,2026,23,Pacdal,11,M,Dengue without Warning Signs,Recovered
BGO-DNG-03047,2026-06-05,2026,23,Asin Road,3,F,Dengue without Warning Signs,Recovered
BGO-DNG-03048,2026-06-05,2026,23,Irisan,40,F,Dengue without Warning Signs,Recovered
BGO-DNG-03049,2026-06-05,2026,23,Irisan,18,M,Dengue with Warning Signs,Recovered
BGO-DNG-03050,2026-06-05,2026,23,Asin Road,34,F,Dengue without Warning Signs,Recovered
BGO-DNG-03051,2026-06-05,2026,23,Bakakeng Central,13,M,Dengue without Warning Signs,Recovered
BGO-DNG-03052,2026-06-06,2026,23,Irisan,38,M,Severe Dengue,Recovered
BGO-DNG-03053,2026-06-06,2026,23,Irisan,24,M,Dengue without Warning Signs,Recovered
BGO-DNG-03054,2026-06-06,2026,23,Irisan,18,F,Dengue without Warning Signs,Recovered
BGO-DNG-03055,2026-06-06,2026,23,Asin Road,24,M,Dengue without Warning Signs,Recovered
BGO-DNG-03056,2026-06-06,2026,23,Bakakeng Central,17,M,Dengue with Warning Signs,Recovered
BGO-DNG-03057,2026-06-06,2026,23,Camp 7,36,M,Dengue without Warning Signs,Recovered
BGO-DNG-03058,2026-06-07,2026,23,Camp 7,37,M,Dengue without Warning Signs,Recovered
BGO-DNG-03059,2026-06-07,2026,23,Pinsao Proper,28,F,Dengue without Warning Signs,Recovered
BGO-DNG-03060,2026-06-07,2026,23,Bakakeng Central,23,F,Dengue without Warning Signs,Recovered
BGO-DNG-03061,2026-06-07,2026,23,Kias,30,F,Dengue without Warning Signs,Recovered
BGO-DNG-03062,2026-06-07,2026,23,Camp 7,18,M,Dengue without Warning Signs,Recovered
BGO-DNG-03063,2026-06-07,2026,23,Gibraltar,23,M,Dengue with Warning Signs,Recovered
BGO-DNG-03064,2026-06-07,2026,23,Irisan,31,M,Dengue without Warning Signs,Recovered
BGO-DNG-03065,2026-06-08,2026,24,Camp 7,8,M,Dengue without Warning Signs,Recovered
BGO-DNG-03066,2026-06-08,2026,24,Pacdal,26,M,Dengue without Warning Signs,Recovered
BGO-DNG-03067,2026-06-08,2026,24,Sto. Tomas Proper,27,F,Dengue without Warning Signs,Recovered
BGO-DNG-03068,2026-06-08,2026,24,Irisan,29,M,Dengue with Warning Signs,Recovered
BGO-DNG-03069,2026-06-08,2026,24,Camp 7,26,F,Dengue without Warning Signs,Recovered
BGO-DNG-03070,2026-06-08,2026,24,Irisan,25,M,Dengue with Warning Signs,Recovered
BGO-DNG-03071,2026-06-08,2026,24,Irisan,1,M,Dengue without Warning Signs,Recovered
BGO-DNG-03072,2026-06-09,2026,24,Irisan,31,M,Dengue with Warning Signs,Recovered
BGO-DNG-03073,2026-06-09,2026,24,Camp 7,41,M,Dengue without Warning Signs,Recovered
BGO-DNG-03074,2026-06-09,2026,24,Asin Road,11,F,Dengue with Warning Signs,Recovered
BGO-DNG-03075,2026-06-09,2026,24,Irisan,11,M,Dengue without Warning Signs,Recovered
BGO-DNG-03076,2026-06-09,2026,24,Bakakeng Central,30,F,Dengue without Warning Signs,Recovered
BGO-DNG-03077,2026-06-09,2026,24,Sto. Tomas Proper,18,F,Dengue without Warning Signs,Recovered
BGO-DNG-03078,2026-06-10,2026,24,Pacdal,1,M,Dengue without Warning Signs,Recovered
BGO-DNG-03079,2026-06-10,2026,24,San Luis Village,29,F,Severe Dengue,Recovered
BGO-DNG-03080,2026-06-11,2026,24,Camp 7,2,F,Dengue without Warning Signs,Recovered
BGO-DNG-03081,2026-06-11,2026,24,Irisan,20,F,Dengue with Warning Signs,Recovered
BGO-DNG-03082,2026-06-11,2026,24,Pacdal,27,M,Dengue without Warning Signs,Recovered
BGO-DNG-03083,2026-06-11,2026,24,Balsigan,17,F,Dengue without Warning Signs,Recovered
BGO-DNG-03084,2026-06-11,2026,24,Bakakeng Central,36,M,Dengue with Warning Signs,Recovered
BGO-DNG-03085,2026-06-11,2026,24,Balsigan,1,M,Dengue with Warning Signs,Recovered
BGO-DNG-03086,2026-06-11,2026,24,Dominican-Mirador,22,F,Dengue without Warning Signs,Active
BGO-DNG-03087,2026-06-11,2026,24,Pinsao Proper,21,M,Dengue with Warning Signs,Recovered
BGO-DNG-03088,2026-06-11,2026,24,Irisan,1,M,Dengue without Warning Signs,Recovered
BGO-DNG-03089,2026-06-11,2026,24,Camp 7,5,F,Dengue without Warning Signs,Recovered
BGO-DNG-03090,2026-06-11,2026,24,Fairview,21,M,Dengue without Warning Signs,Recovered
BGO-DNG-03091,2026-06-11,2026,24,Pinsao Proper,21,M,Dengue without Warning Signs,Recovered
BGO-DNG-03092,2026-06-11,2026,24,Camp 7,6,F,Dengue without Warning Signs,Recovered
BGO-DNG-03093,2026-06-12,2026,24,Irisan,23,F,Dengue with Warning Signs,Recovered
BGO-DNG-03094,2026-06-12,2026,24,Irisan,29,F,Dengue with Warning Signs,Recovered
BGO-DNG-03095,2026-06-12,2026,24,Bakakeng Central,26,F,Dengue without Warning Signs,Recovered
BGO-DNG-03096,2026-06-12,2026,24,Irisan,29,M,Dengue with Warning Signs,Recovered
BGO-DNG-03097,2026-06-12,2026,24,Irisan,23,M,Dengue with Warning Signs,Recovered
BGO-DNG-03098,2026-06-13,2026,24,Pacdal,36,F,Dengue with Warning Signs,Recovered
BGO-DNG-03099,2026-06-13,2026,24,Kias,6,M,Dengue without Warning Signs,Recovered
BGO-DNG-03100,2026-06-13,2026,24,Irisan,8,M,Dengue without Warning Signs,Recovered
BGO-DNG-03101,2026-06-13,2026,24,Ambiong,12,F,Dengue without Warning Signs,Recovered
BGO-DNG-03102,2026-06-13,2026,24,Fairview,24,F,Dengue without Warning Signs,Recovered
BGO-DNG-03103,2026-06-13,2026,24,Magsaysay Private,34,F,Dengue with Warning Signs,Recovered
BGO-DNG-03104,2026-06-14,2026,24,Irisan,13,F,Dengue without Warning Signs,Recovered
BGO-DNG-03105,2026-06-14,2026,24,Irisan,31,F,Dengue without Warning Signs,Died
BGO-DNG-03106,2026-06-14,2026,24,Pinsao Proper,31,F,Dengue without Warning Signs,Recovered
BGO-DNG-03107,2026-06-14,2026,24,Gibraltar,21,F,Dengue with Warning Signs,Recovered
BGO-DNG-03108,2026-06-15,2026,25,Sto. Tomas Proper,18,M,Dengue without Warning Signs,Recovered
BGO-DNG-03109,2026-06-15,2026,25,Bakakeng Central,34,M,Dengue without Warning Signs,Recovered
BGO-DNG-03110,2026-06-15,2026,25,Irisan,36,M,Dengue without Warning Signs,Recovered
BGO-DNG-03111,2026-06-15,2026,25,Irisan,30,F,Dengue without Warning Signs,Recovered
BGO-DNG-03112,2026-06-15,2026,25,Pinsao Proper,16,F,Dengue without Warning Signs,Recovered
BGO-DNG-03113,2026-06-15,2026,25,Irisan,39,F,Dengue without Warning Signs,Recovered
BGO-DNG-03114,2026-06-15,2026,25,Irisan,15,F,Dengue without Warning Signs,Recovered
BGO-DNG-03115,2026-06-15,2026,25,Ambiong,23,F,Dengue without Warning Signs,Recovered
BGO-DNG-03116,2026-06-15,2026,25,Camp 7,18,F,Dengue without Warning Signs,Recovered
BGO-DNG-03117,2026-06-15,2026,25,San Luis Village,36,M,Dengue with Warning Signs,Recovered
BGO-DNG-03118,2026-06-16,2026,25,Irisan,13,F,Dengue without Warning Signs,Recovered
BGO-DNG-03119,2026-06-16,2026,25,Camp 7,52,F,Dengue without Warning Signs,Recovered
BGO-DNG-03120,2026-06-16,2026,25,Loakan Proper,51,F,Dengue with Warning Signs,Recovered
BGO-DNG-03121,2026-06-16,2026,25,Gibraltar,27,M,Dengue with Warning Signs,Recovered
BGO-DNG-03122,2026-06-16,2026,25,Pinsao Proper,26,M,Dengue with Warning Signs,Recovered
BGO-DNG-03123,2026-06-16,2026,25,Magsaysay Private,48,M,Dengue without Warning Signs,Recovered
BGO-DNG-03124,2026-06-16,2026,25,Aurora Hill Proper,20,M,Dengue without Warning Signs,Recovered
BGO-DNG-03125,2026-06-17,2026,25,Irisan,17,M,Dengue without Warning Signs,Recovered
BGO-DNG-03126,2026-06-17,2026,25,Bakakeng Central,16,F,Dengue without Warning Signs,Recovered
BGO-DNG-03127,2026-06-17,2026,25,Kias,31,F,Dengue with Warning Signs,Recovered
BGO-DNG-03128,2026-06-17,2026,25,Sto. Tomas Proper,20,M,Dengue with Warning Signs,Recovered
BGO-DNG-03129,2026-06-17,2026,25,Bakakeng Central,33,F,Dengue without Warning Signs,Recovered
BGO-DNG-03130,2026-06-17,2026,25,Gibraltar,13,F,Dengue without Warning Signs,Recovered
BGO-DNG-03131,2026-06-18,2026,25,Asin Road,14,F,Dengue without Warning Signs,Recovered
BGO-DNG-03132,2026-06-18,2026,25,Irisan,1,F,Dengue without Warning Signs,Recovered
BGO-DNG-03133,2026-06-18,2026,25,Fairview,17,F,Dengue without Warning Signs,Recovered
BGO-DNG-03134,2026-06-18,2026,25,Irisan,30,M,Dengue with Warning Signs,Died
BGO-DNG-03135,2026-06-18,2026,25,Irisan,11,M,Dengue without Warning Signs,Recovered
BGO-DNG-03136,2026-06-18,2026,25,Country Club Village,34,F,Dengue without Warning Signs,Recovered
BGO-DNG-03137,2026-06-19,2026,25,Irisan,28,M,Dengue without Warning Signs,Recovered
BGO-DNG-03138,2026-06-19,2026,25,Irisan,9,M,Dengue without Warning Signs,Recovered
BGO-DNG-03139,2026-06-19,2026,25,Bakakeng Central,19,M,Dengue without Warning Signs,Recovered
BGO-DNG-03140,2026-06-19,2026,25,Irisan,33,M,Dengue without Warning Signs,Recovered
BGO-DNG-03141,2026-06-19,2026,25,Bakakeng Central,16,F,Dengue without Warning Signs,Recovered
BGO-DNG-03142,2026-06-19,2026,25,Irisan,24,M,Dengue with Warning Signs,Recovered
BGO-DNG-03143,2026-06-19,2026,25,Irisan,27,M,Dengue with Warning Signs,Recovered
BGO-DNG-03144,2026-06-20,2026,25,Irisan,27,M,Dengue without Warning Signs,Recovered
BGO-DNG-03145,2026-06-20,2026,25,Irisan,34,M,Dengue without Warning Signs,Recovered
BGO-DNG-03146,2026-06-20,2026,25,Bakakeng North,25,F,Dengue without Warning Signs,Recovered
BGO-DNG-03147,2026-06-21,2026,25,Irisan,3,M,Dengue with Warning Signs,Recovered
BGO-DNG-03148,2026-06-21,2026,25,San Luis Village,31,F,Dengue without Warning Signs,Recovered
BGO-DNG-03149,2026-06-21,2026,25,Irisan,15,M,Dengue without Warning Signs,Recovered
BGO-DNG-03150,2026-06-21,2026,25,Irisan,15,M,Dengue without Warning Signs,Recovered
BGO-DNG-03151,2026-06-21,2026,25,Bakakeng Central,38,F,Dengue without Warning Signs,Recovered
BGO-DNG-03152,2026-06-22,2026,26,Pinsao Proper,20,M,Dengue without Warning Signs,Recovered
BGO-DNG-03153,2026-06-22,2026,26,Pacdal,17,M,Dengue without Warning Signs,Recovered
BGO-DNG-03154,2026-06-22,2026,26,Bakakeng Central,26,F,Dengue with Warning Signs,Recovered
BGO-DNG-03155,2026-06-22,2026,26,Gibraltar,12,M,Severe Dengue,Recovered
BGO-DNG-03156,2026-06-22,2026,26,Camp 7,29,M,Dengue without Warning Signs,Recovered
BGO-DNG-03157,2026-06-22,2026,26,Kias,16,F,Dengue without Warning Signs,Recovered
BGO-DNG-03158,2026-06-22,2026,26,Loakan Proper,19,M,Dengue with Warning Signs,Recovered
BGO-DNG-03159,2026-06-22,2026,26,Bakakeng Central,35,M,Dengue without Warning Signs,Recovered
BGO-DNG-03160,2026-06-23,2026,26,Dominican-Mirador,30,F,Dengue without Warning Signs,Recovered
BGO-DNG-03161,2026-06-23,2026,26,Asin Road,19,M,Dengue with Warning Signs,Recovered
BGO-DNG-03162,2026-06-23,2026,26,Irisan,28,M,Dengue without Warning Signs,Recovered
BGO-DNG-03163,2026-06-23,2026,26,Irisan,14,M,Dengue without Warning Signs,Recovered
BGO-DNG-03164,2026-06-23,2026,26,Pacdal,27,M,Dengue without Warning Signs,Recovered
BGO-DNG-03165,2026-06-23,2026,26,Bakakeng Central,35,M,Dengue with Warning Signs,Recovered
BGO-DNG-03166,2026-06-23,2026,26,Camp 7,39,F,Dengue without Warning Signs,Recovered
BGO-DNG-03167,2026-06-24,2026,26,Irisan,29,F,Dengue without Warning Signs,Recovered
BGO-DNG-03168,2026-06-24,2026,26,Irisan,34,M,Dengue without Warning Signs,Recovered
BGO-DNG-03169,2026-06-24,2026,26,Bakakeng North,28,F,Dengue without Warning Signs,Recovered
BGO-DNG-03170,2026-06-24,2026,26,Camp 7,27,F,Dengue without Warning Signs,Recovered
BGO-DNG-03171,2026-06-24,2026,26,Bakakeng Central,20,M,Dengue without Warning Signs,Recovered
BGO-DNG-03172,2026-06-24,2026,26,Irisan,25,M,Dengue without Warning Signs,Recovered
BGO-DNG-03173,2026-06-25,2026,26,Balsigan,10,M,Dengue without Warning Signs,Recovered
BGO-DNG-03174,2026-06-25,2026,26,Irisan,40,F,Dengue without Warning Signs,Recovered
BGO-DNG-03175,2026-06-25,2026,26,Fairview,32,F,Dengue without Warning Signs,Recovered
BGO-DNG-03176,2026-06-25,2026,26,Asin Road,37,F,Dengue without Warning Signs,Recovered
BGO-DNG-03177,2026-06-26,2026,26,Irisan,28,F,Dengue without Warning Signs,Recovered
BGO-DNG-03178,2026-06-26,2026,26,Irisan,3,F,Dengue without Warning Signs,Recovered
BGO-DNG-03179,2026-06-26,2026,26,Asin Road,26,F,Dengue without Warning Signs,Recovered
BGO-DNG-03180,2026-06-26,2026,26,Irisan,32,M,Dengue with Warning Signs,Recovered
BGO-DNG-03181,2026-06-27,2026,26,Irisan,20,F,Dengue without Warning Signs,Recovered
BGO-DNG-03182,2026-06-27,2026,26,Irisan,27,F,Dengue with Warning Signs,Recovered
BGO-DNG-03183,2026-06-27,2026,26,Gibraltar,11,F,Dengue without Warning Signs,Recovered
BGO-DNG-03184,2026-06-27,2026,26,Irisan,23,F,Dengue with Warning Signs,Recovered
BGO-DNG-03185,2026-06-27,2026,26,Quezon Hill Proper,1,M,Dengue without Warning Signs,Recovered
BGO-DNG-03186,2026-06-27,2026,26,Quezon Hill Proper,40,M,Dengue with Warning Signs,Recovered
BGO-DNG-03187,2026-06-27,2026,26,Irisan,32,F,Dengue without Warning Signs,Recovered
BGO-DNG-03188,2026-06-27,2026,26,Asin Road,27,M,Dengue without Warning Signs,Recovered
BGO-DNG-03189,2026-06-27,2026,26,Quezon Hill Proper,27,F,Dengue without Warning Signs,Recovered
BGO-DNG-03190,2026-06-28,2026,26,Irisan,29,F,Dengue without Warning Signs,Recovered
BGO-DNG-03191,2026-06-28,2026,26,Loakan Proper,37,M,Dengue without Warning Signs,Recovered
BGO-DNG-03192,2026-06-28,2026,26,Pacdal,21,F,Dengue with Warning Signs,Recovered
BGO-DNG-03193,2026-06-29,2026,27,Kias,16,M,Dengue without Warning Signs,Recovered
BGO-DNG-03194,2026-06-29,2026,27,Irisan,47,F,Dengue without Warning Signs,Recovered
BGO-DNG-03195,2026-06-29,2026,27,Country Club Village,37,F,Dengue without Warning Signs,Recovered
BGO-DNG-03196,2026-06-29,2026,27,Irisan,26,F,Dengue without Warning Signs,Recovered
BGO-DNG-03197,2026-06-29,2026,27,Pinsao Proper,26,M,Dengue with Warning Signs,Active
BGO-DNG-03198,2026-06-29,2026,27,Irisan,10,F,Dengue with Warning Signs,Recovered
BGO-DNG-03199,2026-06-30,2026,27,Irisan,51,M,Dengue without Warning Signs,Recovered
BGO-DNG-03200,2026-06-30,2026,27,Irisan,20,F,Severe Dengue,Recovered
BGO-DNG-03201,2026-06-30,2026,27,Fairview,23,F,Dengue with Warning Signs,Recovered
BGO-DNG-03202,2026-06-30,2026,27,Bakakeng Central,20,F,Dengue with Warning Signs,Recovered
BGO-DNG-03203,2026-06-30,2026,27,Asin Road,18,F,Dengue with Warning Signs,Recovered
BGO-DNG-03204,2026-06-30,2026,27,Bakakeng Central,17,F,Dengue with Warning Signs,Recovered
BGO-DNG-03205,2026-06-30,2026,27,Fairview,21,F,Dengue without Warning Signs,Recovered
BGO-DNG-03206,2026-06-30,2026,27,Irisan,7,F,Dengue without Warning Signs,Recovered
BGO-DNG-03207,2026-06-30,2026,27,Irisan,37,F,Dengue without Warning Signs,Recovered
BGO-DNG-03208,2026-06-30,2026,27,Irisan,37,M,Dengue without Warning Signs,Recovered
BGO-DNG-03209,2026-06-30,2026,27,Dominican-Mirador,26,F,Dengue without Warning Signs,Recovered
BGO-DNG-03210,2026-07-01,2026,27,Camp 7,27,M,Dengue without Warning Signs,Recovered
BGO-DNG-03211,2026-07-01,2026,27,Irisan,22,F,Severe Dengue,Recovered
BGO-DNG-03212,2026-07-01,2026,27,Camp 7,32,M,Dengue with Warning Signs,Recovered
BGO-DNG-03213,2026-07-01,2026,27,Irisan,21,M,Dengue without Warning Signs,Recovered
BGO-DNG-03214,2026-07-01,2026,27,Sto. Tomas Proper,39,M,Dengue without Warning Signs,Recovered
BGO-DNG-03215,2026-07-01,2026,27,Irisan,13,M,Dengue without Warning Signs,Recovered
BGO-DNG-03216,2026-07-02,2026,27,Camp 7,38,F,Dengue without Warning Signs,Recovered
BGO-DNG-03217,2026-07-02,2026,27,Kias,3,F,Dengue without Warning Signs,Active
BGO-DNG-03218,2026-07-02,2026,27,Camp 7,58,M,Dengue without Warning Signs,Recovered
BGO-DNG-03219,2026-07-02,2026,27,Irisan,25,F,Dengue without Warning Signs,Recovered
BGO-DNG-03220,2026-07-02,2026,27,Irisan,23,F,Dengue without Warning Signs,Recovered
BGO-DNG-03221,2026-07-03,2026,27,Sto. Tomas Proper,11,M,Dengue with Warning Signs,Recovered
BGO-DNG-03222,2026-07-03,2026,27,Quezon Hill Proper,37,M,Dengue with Warning Signs,Recovered
BGO-DNG-03223,2026-07-03,2026,27,Pinsao Proper,19,F,Dengue with Warning Signs,Recovered
BGO-DNG-03224,2026-07-03,2026,27,Camp 7,6,M,Dengue without Warning Signs,Recovered
BGO-DNG-03225,2026-07-04,2026,27,Bakakeng Central,26,M,Dengue without Warning Signs,Recovered
BGO-DNG-03226,2026-07-04,2026,27,Irisan,6,M,Dengue with Warning Signs,Recovered
BGO-DNG-03227,2026-07-04,2026,27,Bakakeng Central,12,F,Dengue without Warning Signs,Recovered
BGO-DNG-03228,2026-07-04,2026,27,Sto. Tomas Proper,27,M,Dengue without Warning Signs,Recovered
BGO-DNG-03229,2026-07-04,2026,27,Pacdal,22,M,Dengue without Warning Signs,Recovered
BGO-DNG-03230,2026-07-04,2026,27,Camp 7,21,M,Dengue with Warning Signs,Recovered
BGO-DNG-03231,2026-07-05,2026,27,Loakan Proper,12,M,Dengue without Warning Signs,Recovered
BGO-DNG-03232,2026-07-05,2026,27,Camp 7,24,M,Dengue without Warning Signs,Recovered
BGO-DNG-03233,2026-07-05,2026,27,Lucnab,22,F,Dengue with Warning Signs,Recovered
BGO-DNG-03234,2026-07-06,2026,28,Aurora Hill Proper,24,F,Dengue without Warning Signs,Recovered
BGO-DNG-03235,2026-07-06,2026,28,Bakakeng Central,8,M,Dengue without Warning Signs,Recovered
BGO-DNG-03236,2026-07-06,2026,28,Camp 7,27,F,Dengue with Warning Signs,Recovered
BGO-DNG-03237,2026-07-07,2026,28,Bakakeng North,18,F,Dengue without Warning Signs,Recovered
BGO-DNG-03238,2026-07-07,2026,28,San Vicente,1,M,Dengue without Warning Signs,Recovered
BGO-DNG-03239,2026-07-08,2026,28,Irisan,28,F,Dengue without Warning Signs,Recovered
BGO-DNG-03240,2026-07-08,2026,28,Irisan,22,F,Dengue without Warning Signs,Recovered
BGO-DNG-03241,2026-07-08,2026,28,Bakakeng Central,20,F,Dengue with Warning Signs,Recovered
BGO-DNG-03242,2026-07-08,2026,28,Irisan,29,F,Dengue without Warning Signs,Recovered
BGO-DNG-03243,2026-07-08,2026,28,Bakakeng Central,20,M,Dengue without Warning Signs,Recovered
BGO-DNG-03244,2026-07-08,2026,28,Asin Road,18,M,Dengue with Warning Signs,Recovered
BGO-DNG-03245,2026-07-09,2026,28,Irisan,33,M,Dengue with Warning Signs,Recovered
BGO-DNG-03246,2026-07-09,2026,28,Pacdal,22,M,Dengue without Warning Signs,Recovered
BGO-DNG-03247,2026-07-09,2026,28,Irisan,32,M,Severe Dengue,Recovered
BGO-DNG-03248,2026-07-09,2026,28,Irisan,26,M,Dengue without Warning Signs,Recovered
BGO-DNG-03249,2026-07-09,2026,28,Pinsao Proper,38,M,Dengue without Warning Signs,Recovered
BGO-DNG-03250,2026-07-09,2026,28,Irisan,45,F,Dengue without Warning Signs,Recovered
BGO-DNG-03251,2026-07-09,2026,28,Fairview,9,M,Dengue with Warning Signs,Recovered
BGO-DNG-03252,2026-07-09,2026,28,Quezon Hill Proper,36,M,Dengue without Warning Signs,Recovered
BGO-DNG-03253,2026-07-10,2026,28,Gibraltar,21,F,Dengue without Warning Signs,Recovered
BGO-DNG-03254,2026-07-10,2026,28,Bakakeng Central,13,F,Dengue without Warning Signs,Recovered
BGO-DNG-03255,2026-07-10,2026,28,Loakan Proper,33,F,Dengue with Warning Signs,Recovered
BGO-DNG-03256,2026-07-10,2026,28,Aurora Hill Proper,36,M,Dengue without Warning Signs,Recovered
BGO-DNG-03257,2026-07-11,2026,28,Asin Road,5,M,Dengue without Warning Signs,Recovered
BGO-DNG-03258,2026-07-11,2026,28,San Luis Village,9,M,Dengue with Warning Signs,Recovered
BGO-DNG-03259,2026-07-11,2026,28,Irisan,10,M,Dengue with Warning Signs,Recovered
BGO-DNG-03260,2026-07-11,2026,28,Camp 7,20,F,Dengue without Warning Signs,Recovered
BGO-DNG-03261,2026-07-11,2026,28,Asin Road,24,F,Dengue without Warning Signs,Recovered
BGO-DNG-03262,2026-07-11,2026,28,Bakakeng Central,22,M,Dengue without Warning Signs,Recovered
BGO-DNG-03263,2026-07-11,2026,28,Irisan,36,F,Dengue without Warning Signs,Recovered
BGO-DNG-03264,2026-07-11,2026,28,Ambiong,22,M,Dengue with Warning Signs,Recovered
BGO-DNG-03265,2026-07-11,2026,28,Irisan,15,F,Dengue without Warning Signs,Recovered
BGO-DNG-03266,2026-07-11,2026,28,Pinsao Proper,14,F,Dengue without Warning Signs,Recovered
BGO-DNG-03267,2026-07-12,2026,28,Irisan,35,F,Dengue without Warning Signs,Recovered
BGO-DNG-03268,2026-07-12,2026,28,Loakan Proper,10,F,Dengue without Warning Signs,Recovered
BGO-DNG-03269,2026-07-12,2026,28,Bakakeng Central,26,M,Dengue without Warning Signs,Recovered
BGO-DNG-03270,2026-07-12,2026,28,Irisan,29,M,Dengue without Warning Signs,Recovered
BGO-DNG-03271,2026-07-12,2026,28,Irisan,18,M,Dengue without Warning Signs,Recovered
BGO-DNG-03272,2026-07-12,2026,28,Bakakeng Central,8,F,Dengue without Warning Signs,Recovered
BGO-DNG-03273,2026-07-13,2026,29,Sto. Tomas Proper,14,M,Dengue with Warning Signs,Recovered
BGO-DNG-03274,2026-07-13,2026,29,Bakakeng Central,14,F,Dengue without Warning Signs,Recovered
BGO-DNG-03275,2026-07-13,2026,29,Asin Road,30,F,Dengue without Warning Signs,Recovered
BGO-DNG-03276,2026-07-13,2026,29,Bakakeng North,29,M,Dengue without Warning Signs,Recovered
BGO-DNG-03277,2026-07-13,2026,29,Camp 7,38,M,Dengue without Warning Signs,Recovered
BGO-DNG-03278,2026-07-13,2026,29,Irisan,29,M,Dengue without Warning Signs,Recovered
BGO-DNG-03279,2026-07-13,2026,29,Irisan,9,M,Dengue without Warning Signs,Recovered
BGO-DNG-03280,2026-07-13,2026,29,Dominican-Mirador,27,M,Dengue without Warning Signs,Recovered
BGO-DNG-03281,2026-07-13,2026,29,San Luis Village,31,F,Dengue with Warning Signs,Recovered
BGO-DNG-03282,2026-07-13,2026,29,Bakakeng Central,15,F,Dengue without Warning Signs,Recovered
BGO-DNG-03283,2026-07-14,2026,29,Bakakeng Central,10,F,Dengue with Warning Signs,Recovered
BGO-DNG-03284,2026-07-14,2026,29,Camp 7,30,F,Dengue with Warning Signs,Recovered
BGO-DNG-03285,2026-07-14,2026,29,Sto. Tomas Proper,32,F,Dengue without Warning Signs,Recovered
BGO-DNG-03286,2026-07-14,2026,29,Sto. Tomas Proper,14,M,Dengue with Warning Signs,Recovered
BGO-DNG-03287,2026-07-14,2026,29,Irisan,13,M,Dengue without Warning Signs,Recovered
BGO-DNG-03288,2026-07-15,2026,29,Irisan,7,M,Dengue with Warning Signs,Recovered
BGO-DNG-03289,2026-07-15,2026,29,Irisan,42,F,Severe Dengue,Recovered
BGO-DNG-03290,2026-07-15,2026,29,Dominican-Mirador,11,F,Dengue without Warning Signs,Recovered
BGO-DNG-03291,2026-07-15,2026,29,Irisan,4,M,Dengue with Warning Signs,Recovered
BGO-DNG-03292,2026-07-16,2026,29,Irisan,29,M,Dengue with Warning Signs,Recovered
BGO-DNG-03293,2026-07-16,2026,29,Irisan,1,F,Dengue without Warning Signs,Recovered
BGO-DNG-03294,2026-07-16,2026,29,Loakan Proper,8,F,Dengue without Warning Signs,Recovered
BGO-DNG-03295,2026-07-16,2026,29,Asin Road,1,F,Dengue without Warning Signs,Recovered
BGO-DNG-03296,2026-07-16,2026,29,Bakakeng North,48,F,Dengue with Warning Signs,Recovered
BGO-DNG-03297,2026-07-16,2026,29,Pinsao Proper,9,F,Dengue without Warning Signs,Recovered
BGO-DNG-03298,2026-07-17,2026,29,Irisan,14,M,Dengue without Warning Signs,Recovered
BGO-DNG-03299,2026-07-17,2026,29,Pinsao Proper,25,F,Dengue without Warning Signs,Recovered
BGO-DNG-03300,2026-07-17,2026,29,Loakan Proper,26,M,Dengue without Warning Signs,Recovered
BGO-DNG-03301,2026-07-17,2026,29,Bakakeng North,12,F,Dengue with Warning Signs,Recovered
BGO-DNG-03302,2026-07-17,2026,29,Irisan,12,F,Dengue with Warning Signs,Recovered
BGO-DNG-03303,2026-07-17,2026,29,Loakan Proper,12,F,Dengue without Warning Signs,Recovered
BGO-DNG-03304,2026-07-18,2026,29,Sto. Tomas Proper,29,F,Dengue without Warning Signs,Recovered
BGO-DNG-03305,2026-07-18,2026,29,Irisan,25,F,Dengue with Warning Signs,Recovered
BGO-DNG-03306,2026-07-18,2026,29,San Vicente,9,M,Dengue without Warning Signs,Recovered
BGO-DNG-03307,2026-07-18,2026,29,San Luis Village,27,F,Dengue without Warning Signs,Recovered
BGO-DNG-03308,2026-07-18,2026,29,San Luis Village,41,F,Dengue without Warning Signs,Recovered
BGO-DNG-03309,2026-07-18,2026,29,Loakan Proper,13,M,Dengue without Warning Signs,Recovered
BGO-DNG-03310,2026-07-18,2026,29,Loakan Proper,30,M,Dengue with Warning Signs,Active
BGO-DNG-03311,2026-07-18,2026,29,Irisan,42,F,Dengue without Warning Signs,Recovered
BGO-DNG-03312,2026-07-18,2026,29,Irisan,37,F,Dengue with Warning Signs,Recovered
BGO-DNG-03313,2026-07-18,2026,29,Bakakeng Central,49,F,Dengue without Warning Signs,Recovered
BGO-DNG-03314,2026-07-18,2026,29,Irisan,31,F,Dengue without Warning Signs,Recovered
BGO-DNG-03315,2026-07-18,2026,29,Irisan,30,M,Dengue without Warning Signs,Recovered
BGO-DNG-03316,2026-07-18,2026,29,Sto. Tomas Proper,35,M,Dengue without Warning Signs,Recovered
BGO-DNG-03317,2026-07-18,2026,29,Aurora Hill Proper,22,F,Dengue without Warning Signs,Recovered
BGO-DNG-03318,2026-07-18,2026,29,Cabinet Hill-Teachers Camp,33,F,Dengue without Warning Signs,Recovered
BGO-DNG-03319,2026-07-19,2026,29,Quezon Hill Proper,31,F,Dengue without Warning Signs,Recovered
BGO-DNG-03320,2026-07-19,2026,29,Camp 7,27,F,Dengue without Warning Signs,Recovered
BGO-DNG-03321,2026-07-19,2026,29,San Luis Village,12,M,Dengue without Warning Signs,Recovered
BGO-DNG-03322,2026-07-19,2026,29,Irisan,2,F,Dengue without Warning Signs,Recovered
BGO-DNG-03323,2026-07-19,2026,29,Bakakeng Central,18,F,Dengue with Warning Signs,Recovered
BGO-DNG-03324,2026-07-19,2026,29,Irisan,23,M,Dengue without Warning Signs,Recovered
BGO-DNG-03325,2026-07-19,2026,29,Bakakeng Central,14,F,Dengue without Warning Signs,Recovered
BGO-DNG-03326,2026-07-19,2026,29,Kias,23,M,Dengue with Warning Signs,Recovered
BGO-DNG-03327,2026-07-19,2026,29,Bakakeng Central,37,F,Dengue without Warning Signs,Recovered
BGO-DNG-03328,2026-07-19,2026,29,Gibraltar,18,F,Dengue without Warning Signs,Recovered
BGO-DNG-03329,2026-07-19,2026,29,Irisan,25,M,Dengue without Warning Signs,Recovered
BGO-DNG-03330,2026-07-20,2026,30,Irisan,4,M,Dengue without Warning Signs,Recovered
BGO-DNG-03331,2026-07-20,2026,30,Gibraltar,39,F,Dengue without Warning Signs,Recovered
BGO-DNG-03332,2026-07-20,2026,30,Irisan,14,F,Dengue without Warning Signs,Recovered
BGO-DNG-03333,2026-07-20,2026,30,Gibraltar,14,F,Dengue without Warning Signs,Recovered
BGO-DNG-03334,2026-07-20,2026,30,Irisan,24,F,Dengue without Warning Signs,Recovered
BGO-DNG-03335,2026-07-20,2026,30,Loakan Proper,28,M,Dengue with Warning Signs,Recovered
BGO-DNG-03336,2026-07-21,2026,30,Asin Road,32,F,Dengue without Warning Signs,Recovered
BGO-DNG-03337,2026-07-21,2026,30,Quezon Hill Proper,54,M,Dengue with Warning Signs,Recovered
BGO-DNG-03338,2026-07-21,2026,30,Bakakeng Central,28,F,Dengue without Warning Signs,Recovered
BGO-DNG-03339,2026-07-21,2026,30,Bakakeng Central,30,M,Dengue with Warning Signs,Recovered
BGO-DNG-03340,2026-07-21,2026,30,Bakakeng Central,17,F,Dengue with Warning Signs,Recovered
BGO-DNG-03341,2026-07-21,2026,30,Irisan,62,M,Dengue without Warning Signs,Recovered
BGO-DNG-03342,2026-07-21,2026,30,Fairview,25,F,Dengue without Warning Signs,Recovered
BGO-DNG-03343,2026-07-21,2026,30,Gibraltar,36,F,Dengue without Warning Signs,Recovered
BGO-DNG-03344,2026-07-22,2026,30,Bakakeng North,22,F,Dengue with Warning Signs,Recovered
BGO-DNG-03345,2026-07-22,2026,30,Irisan,6,M,Dengue with Warning Signs,Recovered
BGO-DNG-03346,2026-07-22,2026,30,Quezon Hill Proper,11,F,Dengue without Warning Signs,Recovered
BGO-DNG-03347,2026-07-23,2026,30,Pacdal,25,F,Dengue with Warning Signs,Recovered
BGO-DNG-03348,2026-07-23,2026,30,Irisan,13,M,Dengue without Warning Signs,Recovered
BGO-DNG-03349,2026-07-23,2026,30,Irisan,39,F,Dengue without Warning Signs,Recovered
BGO-DNG-03350,2026-07-23,2026,30,Kias,29,M,Dengue without Warning Signs,Recovered
BGO-DNG-03351,2026-07-23,2026,30,Fairview,41,M,Dengue without Warning Signs,Recovered
BGO-DNG-03352,2026-07-23,2026,30,Aurora Hill Proper,31,M,Dengue without Warning Signs,Recovered
BGO-DNG-03353,2026-07-23,2026,30,Quezon Hill Proper,52,M,Dengue without Warning Signs,Recovered
BGO-DNG-03354,2026-07-23,2026,30,Irisan,30,F,Dengue without Warning Signs,Recovered
BGO-DNG-03355,2026-07-23,2026,30,Pinsao Proper,8,M,Dengue without Warning Signs,Recovered
BGO-DNG-03356,2026-07-24,2026,30,Camp 7,12,M,Dengue with Warning Signs,Recovered
BGO-DNG-03357,2026-07-24,2026,30,Irisan,32,F,Dengue without Warning Signs,Recovered
BGO-DNG-03358,2026-07-24,2026,30,Irisan,3,F,Dengue without Warning Signs,Recovered
BGO-DNG-03359,2026-07-24,2026,30,Irisan,24,M,Dengue without Warning Signs,Recovered
BGO-DNG-03360,2026-07-25,2026,30,Irisan,30,M,Dengue without Warning Signs,Recovered
BGO-DNG-03361,2026-07-25,2026,30,Irisan,14,F,Dengue without Warning Signs,Recovered
BGO-DNG-03362,2026-07-25,2026,30,Camp 7,51,M,Dengue without Warning Signs,Recovered
BGO-DNG-03363,2026-07-25,2026,30,Irisan,11,M,Dengue without Warning Signs,Recovered
BGO-DNG-03364,2026-07-25,2026,30,Irisan,44,F,Dengue with Warning Signs,Recovered
BGO-DNG-03365,2026-07-25,2026,30,Bakakeng Central,14,M,Dengue without Warning Signs,Recovered
BGO-DNG-03366,2026-07-25,2026,30,Irisan,42,M,Dengue without Warning Signs,Recovered
BGO-DNG-03367,2026-07-26,2026,30,Pinsao Proper,18,M,Dengue without Warning Signs,Recovered
BGO-DNG-03368,2026-07-26,2026,30,Irisan,46,M,Dengue without Warning Signs,Recovered
BGO-DNG-03369,2026-07-26,2026,30,Aurora Hill Proper,1,M,Dengue without Warning Signs,Recovered
BGO-DNG-03370,2026-07-26,2026,30,Irisan,25,F,Dengue without Warning Signs,Recovered
BGO-DNG-03371,2026-07-26,2026,30,Bakakeng North,15,F,Dengue with Warning Signs,Recovered
BGO-DNG-03372,2026-07-26,2026,30,Sto. Tomas Proper,2,M,Dengue without Warning Signs,Recovered
BGO-DNG-03373,2026-07-26,2026,30,Kias,43,M,Dengue without Warning Signs,Recovered
BGO-DNG-03374,2026-07-26,2026,30,Bakakeng Central,12,M,Dengue without Warning Signs,Active
BGO-DNG-03375,2026-07-27,2026,31,Irisan,11,F,Dengue with Warning Signs,Recovered
BGO-DNG-03376,2026-07-27,2026,31,Sto. Tomas Proper,16,M,Dengue without Warning Signs,Recovered
BGO-DNG-03377,2026-07-27,2026,31,Irisan,15,F,Dengue without Warning Signs,Recovered
BGO-DNG-03378,2026-07-27,2026,31,San Vicente,31,M,Severe Dengue,Recovered
BGO-DNG-03379,2026-07-27,2026,31,Loakan Proper,18,F,Dengue without Warning Signs,Recovered
BGO-DNG-03380,2026-07-27,2026,31,Irisan,1,M,Dengue without Warning Signs,Recovered
BGO-DNG-03381,2026-07-27,2026,31,Dominican-Mirador,21,M,Dengue without Warning Signs,Recovered
BGO-DNG-03382,2026-07-28,2026,31,San Vicente,32,F,Dengue without Warning Signs,Recovered
BGO-DNG-03383,2026-07-28,2026,31,Asin Road,33,F,Dengue without Warning Signs,Recovered
BGO-DNG-03384,2026-07-28,2026,31,Cabinet Hill-Teachers Camp,1,F,Dengue without Warning Signs,Recovered
BGO-DNG-03385,2026-07-28,2026,31,Holy Ghost Extension,27,F,Dengue without Warning Signs,Recovered
BGO-DNG-03386,2026-07-28,2026,31,Asin Road,6,M,Dengue without Warning Signs,Recovered
BGO-DNG-03387,2026-07-28,2026,31,San Vicente,17,M,Dengue without Warning Signs,Recovered
BGO-DNG-03388,2026-07-28,2026,31,Aurora Hill Proper,8,F,Dengue without Warning Signs,Recovered
BGO-DNG-03389,2026-07-28,2026,31,Aurora Hill Proper,34,F,Dengue without Warning Signs,Recovered
BGO-DNG-03390,2026-07-29,2026,31,Sto. Tomas Proper,28,F,Dengue without Warning Signs,Recovered
BGO-DNG-03391,2026-07-29,2026,31,Bakakeng Central,40,F,Dengue without Warning Signs,Recovered
BGO-DNG-03392,2026-07-30,2026,31,Irisan,29,F,Dengue without Warning Signs,Recovered
BGO-DNG-03393,2026-07-30,2026,31,Pinsao Proper,5,F,Dengue without Warning Signs,Recovered
BGO-DNG-03394,2026-07-30,2026,31,Camp 7,19,F,Dengue without Warning Signs,Recovered
BGO-DNG-03395,2026-07-30,2026,31,Dominican-Mirador,1,M,Dengue with Warning Signs,Recovered
BGO-DNG-03396,2026-07-31,2026,31,Camp 7,12,F,Dengue without Warning Signs,Recovered
BGO-DNG-03397,2026-07-31,2026,31,San Luis Village,26,M,Dengue without Warning Signs,Recovered
BGO-DNG-03398,2026-07-31,2026,31,Bakakeng Central,11,M,Dengue with Warning Signs,Recovered
BGO-DNG-03399,2026-07-31,2026,31,Camp 7,13,M,Dengue with Warning Signs,Recovered
BGO-DNG-03400,2026-07-31,2026,31,Irisan,6,M,Dengue without Warning Signs,Recovered
BGO-DNG-03401,2026-07-31,2026,31,Pinsao Proper,19,F,Dengue without Warning Signs,Recovered
BGO-DNG-03402,2026-07-31,2026,31,Irisan,26,M,Dengue without Warning Signs,Recovered
BGO-DNG-03403,2026-08-01,2026,31,Bakakeng Central,16,M,Dengue without Warning Signs,Recovered
BGO-DNG-03404,2026-08-01,2026,31,Irisan,26,F,Dengue without Warning Signs,Recovered
BGO-DNG-03405,2026-08-01,2026,31,Irisan,1,F,Dengue without Warning Signs,Recovered
BGO-DNG-03406,2026-08-01,2026,31,Irisan,11,M,Dengue without Warning Signs,Recovered
BGO-DNG-03407,2026-08-01,2026,31,Irisan,33,M,Dengue with Warning Signs,Recovered
BGO-DNG-03408,2026-08-01,2026,31,Irisan,42,M,Dengue with Warning Signs,Recovered
BGO-DNG-03409,2026-08-02,2026,31,Irisan,34,M,Dengue with Warning Signs,Recovered
BGO-DNG-03410,2026-08-02,2026,31,Bakakeng Central,3,M,Dengue without Warning Signs,Recovered
BGO-DNG-03411,2026-08-02,2026,31,Irisan,24,M,Dengue without Warning Signs,Recovered
BGO-DNG-03412,2026-08-02,2026,31,Aurora Hill Proper,30,F,Dengue without Warning Signs,Recovered
BGO-DNG-03413,2026-08-02,2026,31,Irisan,25,M,Dengue without Warning Signs,Recovered
BGO-DNG-03414,2026-08-03,2026,32,Camp 7,7,F,Dengue without Warning Signs,Recovered
BGO-DNG-03415,2026-08-03,2026,32,Bakakeng Central,19,M,Dengue with Warning Signs,Recovered
BGO-DNG-03416,2026-08-03,2026,32,Bakakeng Central,35,M,Dengue with Warning Signs,Recovered
BGO-DNG-03417,2026-08-03,2026,32,Camp 7,8,F,Dengue without Warning Signs,Recovered
BGO-DNG-03418,2026-08-03,2026,32,Happy Hallow,7,F,Dengue without Warning Signs,Recovered
BGO-DNG-03419,2026-08-03,2026,32,Bakakeng Central,27,F,Dengue without Warning Signs,Recovered
BGO-DNG-03420,2026-08-03,2026,32,Camp 7,37,M,Dengue without Warning Signs,Recovered
BGO-DNG-03421,2026-08-04,2026,32,Irisan,19,F,Dengue without Warning Signs,Recovered
BGO-DNG-03422,2026-08-04,2026,32,Loakan Proper,32,F,Dengue without Warning Signs,Recovered
BGO-DNG-03423,2026-08-04,2026,32,Irisan,24,F,Dengue with Warning Signs,Recovered
BGO-DNG-03424,2026-08-04,2026,32,Pinsao Proper,12,F,Dengue with Warning Signs,Recovered
BGO-DNG-03425,2026-08-04,2026,32,San Luis Village,10,M,Dengue with Warning Signs,Recovered
BGO-DNG-03426,2026-08-04,2026,32,Asin Road,3,M,Dengue with Warning Signs,Recovered
BGO-DNG-03427,2026-08-04,2026,32,Fairview,26,F,Dengue without Warning Signs,Recovered
BGO-DNG-03428,2026-08-04,2026,32,Asin Road,28,M,Dengue without Warning Signs,Recovered
BGO-DNG-03429,2026-08-04,2026,32,Irisan,1,M,Dengue without Warning Signs,Recovered
BGO-DNG-03430,2026-08-05,2026,32,Loakan Proper,24,M,Dengue with Warning Signs,Recovered
BGO-DNG-03431,2026-08-05,2026,32,Irisan,32,M,Dengue without Warning Signs,Recovered
BGO-DNG-03432,2026-08-05,2026,32,Sto. Tomas Proper,13,F,Dengue without Warning Signs,Recovered
BGO-DNG-03433,2026-08-05,2026,32,Pacdal,22,M,Dengue without Warning Signs,Recovered
BGO-DNG-03434,2026-08-05,2026,32,Irisan,23,F,Dengue without Warning Signs,Recovered
BGO-DNG-03435,2026-08-05,2026,32,Quezon Hill Proper,45,F,Dengue without Warning Signs,Recovered
BGO-DNG-03436,2026-08-05,2026,32,Loakan Proper,34,M,Dengue without Warning Signs,Recovered
BGO-DNG-03437,2026-08-05,2026,32,Irisan,55,F,Dengue without Warning Signs,Recovered
BGO-DNG-03438,2026-08-06,2026,32,Loakan Proper,21,M,Dengue without Warning Signs,Recovered
BGO-DNG-03439,2026-08-06,2026,32,Irisan,29,F,Dengue with Warning Signs,Recovered
BGO-DNG-03440,2026-08-06,2026,32,Irisan,26,F,Dengue without Warning Signs,Died
BGO-DNG-03441,2026-08-06,2026,32,Irisan,41,F,Dengue without Warning Signs,Recovered
BGO-DNG-03442,2026-08-06,2026,32,Dominican-Mirador,39,M,Dengue without Warning Signs,Recovered
BGO-DNG-03443,2026-08-07,2026,32,Sto. Tomas Proper,27,M,Dengue without Warning Signs,Recovered
BGO-DNG-03444,2026-08-07,2026,32,Irisan,32,M,Dengue without Warning Signs,Recovered
BGO-DNG-03445,2026-08-07,2026,32,Asin Road,31,F,Dengue without Warning Signs,Recovered
BGO-DNG-03446,2026-08-07,2026,32,Irisan,29,F,Dengue without Warning Signs,Recovered
BGO-DNG-03447,2026-08-07,2026,32,Irisan,5,F,Dengue without Warning Signs,Recovered
BGO-DNG-03448,2026-08-07,2026,32,Loakan Proper,27,M,Dengue without Warning Signs,Recovered
BGO-DNG-03449,2026-08-07,2026,32,Irisan,33,M,Dengue without Warning Signs,Recovered
BGO-DNG-03450,2026-08-07,2026,32,Pinsao Proper,15,F,Dengue without Warning Signs,Recovered
BGO-DNG-03451,2026-08-07,2026,32,Balsigan,27,M,Dengue without Warning Signs,Recovered
BGO-DNG-03452,2026-08-08,2026,32,Pinsao Proper,14,F,Dengue without Warning Signs,Recovered
BGO-DNG-03453,2026-08-08,2026,32,Dominican-Mirador,18,F,Dengue with Warning Signs,Recovered
BGO-DNG-03454,2026-08-08,2026,32,Sto. Tomas Proper,28,F,Dengue without Warning Signs,Recovered
BGO-DNG-03455,2026-08-08,2026,32,Irisan,34,M,Dengue without Warning Signs,Recovered
BGO-DNG-03456,2026-08-08,2026,32,Fairview,29,F,Dengue with Warning Signs,Recovered
BGO-DNG-03457,2026-08-09,2026,32,Asin Road,26,F,Dengue with Warning Signs,Recovered
BGO-DNG-03458,2026-08-09,2026,32,Pacdal,41,F,Dengue without Warning Signs,Recovered
BGO-DNG-03459,2026-08-09,2026,32,Sto. Tomas Proper,11,F,Dengue without Warning Signs,Recovered
BGO-DNG-03460,2026-08-09,2026,32,Bakakeng Central,8,F,Dengue without Warning Signs,Recovered
BGO-DNG-03461,2026-08-09,2026,32,Bakakeng Central,45,M,Dengue without Warning Signs,Recovered
BGO-DNG-03462,2026-08-09,2026,32,Camp 7,20,F,Dengue without Warning Signs,Recovered
BGO-DNG-03463,2026-08-10,2026,33,Bakakeng Central,15,F,Dengue without Warning Signs,Recovered
BGO-DNG-03464,2026-08-10,2026,33,Pinsao Proper,29,F,Dengue without Warning Signs,Recovered
BGO-DNG-03465,2026-08-10,2026,33,Irisan,43,M,Dengue without Warning Signs,Recovered
BGO-DNG-03466,2026-08-11,2026,33,Sto. Tomas Proper,22,F,Dengue without Warning Signs,Recovered
BGO-DNG-03467,2026-08-11,2026,33,Bakakeng North,10,M,Dengue without Warning Signs,Recovered
BGO-DNG-03468,2026-08-11,2026,33,Loakan Proper,8,M,Dengue without Warning Signs,Recovered
BGO-DNG-03469,2026-08-11,2026,33,Balsigan,31,F,Severe Dengue,Recovered
BGO-DNG-03470,2026-08-11,2026,33,Bakakeng Central,20,F,Dengue without Warning Signs,Recovered
BGO-DNG-03471,2026-08-11,2026,33,Camp 7,34,F,Dengue with Warning Signs,Recovered
BGO-DNG-03472,2026-08-11,2026,33,Bakakeng Central,42,F,Dengue without Warning Signs,Recovered
BGO-DNG-03473,2026-08-12,2026,33,Irisan,28,F,Dengue without Warning Signs,Recovered
BGO-DNG-03474,2026-08-12,2026,33,Pacdal,1,F,Dengue without Warning Signs,Recovered
BGO-DNG-03475,2026-08-12,2026,33,Pacdal,37,F,Dengue without Warning Signs,Recovered
BGO-DNG-03476,2026-08-12,2026,33,Bakakeng Central,30,F,Dengue with Warning Signs,Recovered
BGO-DNG-03477,2026-08-12,2026,33,Kias,1,M,Dengue without Warning Signs,Recovered
BGO-DNG-03478,2026-08-13,2026,33,Gibraltar,1,M,Dengue without Warning Signs,Recovered
BGO-DNG-03479,2026-08-13,2026,33,Irisan,20,F,Dengue without Warning Signs,Recovered
BGO-DNG-03480,2026-08-13,2026,33,Sto. Tomas Proper,34,M,Dengue with Warning Signs,Recovered
BGO-DNG-03481,2026-08-13,2026,33,Irisan,34,F,Dengue without Warning Signs,Recovered
BGO-DNG-03482,2026-08-13,2026,33,Loakan Proper,2,F,Dengue without Warning Signs,Recovered
BGO-DNG-03483,2026-08-13,2026,33,Bakakeng Central,19,M,Dengue without Warning Signs,Recovered
BGO-DNG-03484,2026-08-14,2026,33,Pinsao Proper,38,F,Dengue without Warning Signs,Recovered
BGO-DNG-03485,2026-08-14,2026,33,Sto. Tomas Proper,19,F,Dengue without Warning Signs,Recovered
BGO-DNG-03486,2026-08-14,2026,33,Irisan,6,F,Dengue without Warning Signs,Recovered
BGO-DNG-03487,2026-08-14,2026,33,Irisan,26,M,Dengue with Warning Signs,Recovered
BGO-DNG-03488,2026-08-14,2026,33,Irisan,1,M,Dengue without Warning Signs,Recovered
BGO-DNG-03489,2026-08-14,2026,33,Camp 7,1,F,Dengue without Warning Signs,Recovered
BGO-DNG-03490,2026-08-14,2026,33,Bakakeng North,24,M,Dengue with Warning Signs,Recovered
BGO-DNG-03491,2026-08-14,2026,33,Irisan,12,F,Dengue without Warning Signs,Recovered
BGO-DNG-03492,2026-08-14,2026,33,Irisan,47,M,Dengue without Warning Signs,Recovered
BGO-DNG-03493,2026-08-14,2026,33,Irisan,27,M,Dengue without Warning Signs,Recovered
BGO-DNG-03494,2026-08-15,2026,33,Irisan,39,F,Dengue without Warning Signs,Recovered
BGO-DNG-03495,2026-08-15,2026,33,Dominican-Mirador,31,M,Dengue without Warning Signs,Recovered
BGO-DNG-03496,2026-08-15,2026,33,Camp 7,25,M,Dengue without Warning Signs,Recovered
BGO-DNG-03497,2026-08-15,2026,33,Camp 7,33,F,Dengue without Warning Signs,Recovered
BGO-DNG-03498,2026-08-16,2026,33,Irisan,29,F,Dengue without Warning Signs,Recovered
BGO-DNG-03499,2026-08-16,2026,33,Bakakeng Central,8,M,Dengue with Warning Signs,Recovered
BGO-DNG-03500,2026-08-16,2026,33,Camp 7,42,M,Dengue without Warning Signs,Recovered
BGO-DNG-03501,2026-08-16,2026,33,Sto. Tomas Proper,16,M,Dengue with Warning Signs,Recovered
BGO-DNG-03502,2026-08-16,2026,33,Camp 7,31,M,Dengue without Warning Signs,Recovered
BGO-DNG-03503,2026-08-17,2026,34,Gibraltar,10,F,Dengue with Warning Signs,Recovered
BGO-DNG-03504,2026-08-17,2026,34,Fairview,26,M,Dengue without Warning Signs,Recovered
BGO-DNG-03505,2026-08-17,2026,34,Irisan,24,F,Dengue without Warning Signs,Recovered
BGO-DNG-03506,2026-08-17,2026,34,Irisan,10,M,Dengue without Warning Signs,Recovered
BGO-DNG-03507,2026-08-17,2026,34,Loakan Proper,20,F,Dengue without Warning Signs,Recovered
BGO-DNG-03508,2026-08-17,2026,34,Pinsao Proper,20,F,Dengue without Warning Signs,Recovered
BGO-DNG-03509,2026-08-17,2026,34,Irisan,16,F,Dengue with Warning Signs,Recovered
BGO-DNG-03510,2026-08-17,2026,34,Pinsao Proper,39,M,Dengue without Warning Signs,Active
BGO-DNG-03511,2026-08-17,2026,34,Irisan,17,F,Dengue without Warning Signs,Recovered
BGO-DNG-03512,2026-08-17,2026,34,Camp 7,17,M,Dengue with Warning Signs,Recovered
BGO-DNG-03513,2026-08-18,2026,34,Bakakeng Central,25,M,Dengue without Warning Signs,Active
BGO-DNG-03514,2026-08-18,2026,34,Loakan Proper,19,M,Dengue with Warning Signs,Recovered
BGO-DNG-03515,2026-08-18,2026,34,Bakakeng Central,17,M,Dengue without Warning Signs,Active
BGO-DNG-03516,2026-08-18,2026,34,Bakakeng Central,9,F,Dengue with Warning Signs,Recovered
BGO-DNG-03517,2026-08-18,2026,34,Bakakeng Central,41,F,Dengue with Warning Signs,Recovered
BGO-DNG-03518,2026-08-18,2026,34,Irisan,17,M,Dengue without Warning Signs,Recovered
BGO-DNG-03519,2026-08-18,2026,34,Fairview,29,F,Dengue without Warning Signs,Recovered
BGO-DNG-03520,2026-08-18,2026,34,Aurora Hill Proper,37,M,Dengue with Warning Signs,Recovered
BGO-DNG-03521,2026-08-18,2026,34,Irisan,27,F,Dengue without Warning Signs,Recovered
BGO-DNG-03522,2026-08-18,2026,34,San Luis Village,24,M,Dengue without Warning Signs,Recovered
BGO-DNG-03523,2026-08-18,2026,34,Asin Road,23,F,Severe Dengue,Recovered
BGO-DNG-03524,2026-08-18,2026,34,Irisan,1,F,Dengue with Warning Signs,Recovered
BGO-DNG-03525,2026-08-19,2026,34,Camp 7,2,M,Dengue with Warning Signs,Recovered
BGO-DNG-03526,2026-08-19,2026,34,Irisan,2,F,Dengue with Warning Signs,Recovered
BGO-DNG-03527,2026-08-19,2026,34,Camp 7,28,M,Dengue without Warning Signs,Recovered
BGO-DNG-03528,2026-08-19,2026,34,Irisan,50,F,Dengue without Warning Signs,Recovered
BGO-DNG-03529,2026-08-19,2026,34,Irisan,22,F,Dengue without Warning Signs,Recovered
BGO-DNG-03530,2026-08-20,2026,34,Irisan,18,M,Dengue without Warning Signs,Recovered
BGO-DNG-03531,2026-08-20,2026,34,Camp 7,16,M,Dengue with Warning Signs,Recovered
BGO-DNG-03532,2026-08-20,2026,34,Sto. Tomas Proper,23,M,Dengue without Warning Signs,Recovered
BGO-DNG-03533,2026-08-20,2026,34,Irisan,19,M,Dengue without Warning Signs,Recovered
BGO-DNG-03534,2026-08-20,2026,34,Kias,32,M,Dengue without Warning Signs,Recovered
BGO-DNG-03535,2026-08-20,2026,34,Loakan Proper,10,M,Dengue without Warning Signs,Recovered
BGO-DNG-03536,2026-08-21,2026,34,Quezon Hill Proper,4,F,Dengue without Warning Signs,Recovered
BGO-DNG-03537,2026-08-21,2026,34,Camp 7,27,F,Dengue without Warning Signs,Recovered
BGO-DNG-03538,2026-08-21,2026,34,Irisan,48,M,Dengue with Warning Signs,Recovered
BGO-DNG-03539,2026-08-21,2026,34,Irisan,18,F,Dengue without Warning Signs,Recovered
BGO-DNG-03540,2026-08-21,2026,34,Pacdal,10,F,Dengue without Warning Signs,Recovered
BGO-DNG-03541,2026-08-21,2026,34,Quezon Hill Proper,27,M,Dengue without Warning Signs,Recovered
BGO-DNG-03542,2026-08-21,2026,34,Camp 7,22,M,Dengue with Warning Signs,Recovered
BGO-DNG-03543,2026-08-22,2026,34,Pacdal,7,M,Dengue without Warning Signs,Recovered
BGO-DNG-03544,2026-08-22,2026,34,Bakakeng Central,19,F,Dengue without Warning Signs,Recovered
BGO-DNG-03545,2026-08-22,2026,34,Irisan,44,F,Dengue without Warning Signs,Recovered
BGO-DNG-03546,2026-08-22,2026,34,Irisan,19,F,Dengue without Warning Signs,Recovered
BGO-DNG-03547,2026-08-22,2026,34,Camp 7,22,M,Dengue without Warning Signs,Recovered
BGO-DNG-03548,2026-08-23,2026,34,Bakakeng Central,18,F,Dengue without Warning Signs,Recovered
BGO-DNG-03549,2026-08-23,2026,34,Bakakeng North,22,M,Dengue without Warning Signs,Recovered
BGO-DNG-03550,2026-08-23,2026,34,Happy Hallow,29,F,Dengue without Warning Signs,Recovered
BGO-DNG-03551,2026-08-23,2026,34,Camp 7,57,M,Dengue without Warning Signs,Recovered
BGO-DNG-03552,2026-08-23,2026,34,Irisan,40,F,Dengue without Warning Signs,Recovered
BGO-DNG-03553,2026-08-23,2026,34,Aurora Hill Proper,40,F,Dengue with Warning Signs,Recovered
BGO-DNG-03554,2026-08-24,2026,35,Pinsao Proper,26,F,Dengue without Warning Signs,Recovered
BGO-DNG-03555,2026-08-24,2026,35,Pinsao Proper,15,M,Dengue with Warning Signs,Recovered
BGO-DNG-03556,2026-08-24,2026,35,Irisan,15,F,Dengue with Warning Signs,Recovered
BGO-DNG-03557,2026-08-24,2026,35,Irisan,40,F,Dengue without Warning Signs,Recovered
BGO-DNG-03558,2026-08-25,2026,35,Pinsao Proper,13,M,Dengue without Warning Signs,Recovered
BGO-DNG-03559,2026-08-25,2026,35,Irisan,7,F,Dengue without Warning Signs,Recovered
BGO-DNG-03560,2026-08-25,2026,35,Fairview,37,M,Dengue without Warning Signs,Recovered
BGO-DNG-03561,2026-08-25,2026,35,Irisan,32,F,Dengue without Warning Signs,Recovered
BGO-DNG-03562,2026-08-25,2026,35,Irisan,15,M,Dengue without Warning Signs,Recovered
BGO-DNG-03563,2026-08-26,2026,35,Kias,33,F,Dengue without Warning Signs,Recovered
BGO-DNG-03564,2026-08-26,2026,35,Sto. Tomas Proper,18,M,Dengue without Warning Signs,Recovered
BGO-DNG-03565,2026-08-26,2026,35,Asin Road,17,M,Dengue with Warning Signs,Recovered
BGO-DNG-03566,2026-08-26,2026,35,Irisan,22,F,Dengue without Warning Signs,Recovered
BGO-DNG-03567,2026-08-26,2026,35,Aurora Hill Proper,21,M,Dengue without Warning Signs,Recovered
BGO-DNG-03568,2026-08-27,2026,35,Fairview,19,F,Dengue with Warning Signs,Recovered
BGO-DNG-03569,2026-08-27,2026,35,Irisan,34,M,Dengue without Warning Signs,Recovered
BGO-DNG-03570,2026-08-27,2026,35,Irisan,23,F,Severe Dengue,Recovered
BGO-DNG-03571,2026-08-27,2026,35,Pinsao Proper,7,F,Dengue without Warning Signs,Active
BGO-DNG-03572,2026-08-27,2026,35,Irisan,31,F,Dengue without Warning Signs,Recovered
BGO-DNG-03573,2026-08-27,2026,35,Sto. Tomas Proper,17,F,Dengue without Warning Signs,Recovered
BGO-DNG-03574,2026-08-27,2026,35,Asin Road,1,F,Dengue with Warning Signs,Recovered
BGO-DNG-03575,2026-08-27,2026,35,Loakan Proper,9,M,Dengue without Warning Signs,Recovered
BGO-DNG-03576,2026-08-28,2026,35,Holy Ghost Extension,26,F,Dengue with Warning Signs,Recovered
BGO-DNG-03577,2026-08-28,2026,35,Aurora Hill Proper,34,M,Dengue with Warning Signs,Recovered
BGO-DNG-03578,2026-08-29,2026,35,Irisan,1,M,Dengue without Warning Signs,Recovered
BGO-DNG-03579,2026-08-29,2026,35,Irisan,46,F,Dengue without Warning Signs,Active
BGO-DNG-03580,2026-08-29,2026,35,Irisan,13,F,Dengue with Warning Signs,Recovered
BGO-DNG-03581,2026-08-29,2026,35,Sto. Tomas Proper,19,M,Dengue with Warning Signs,Recovered
BGO-DNG-03582,2026-08-30,2026,35,Irisan,56,F,Dengue without Warning Signs,Recovered
BGO-DNG-03583,2026-08-30,2026,35,Irisan,29,F,Dengue without Warning Signs,Recovered
BGO-DNG-03584,2026-08-30,2026,35,Bakakeng Central,33,F,Severe Dengue,Recovered
BGO-DNG-03585,2026-08-30,2026,35,Loakan Proper,49,F,Dengue without Warning Signs,Recovered
BGO-DNG-03586,2026-08-30,2026,35,Loakan Proper,22,M,Dengue without Warning Signs,Recovered
BGO-DNG-03587,2026-08-30,2026,35,Camp 7,25,F,Dengue without Warning Signs,Recovered
BGO-DNG-03588,2026-08-30,2026,35,Pinsao Proper,2,M,Dengue with Warning Signs,Active
BGO-DNG-03589,2026-08-31,2026,36,Sto. Tomas Proper,4,F,Dengue without Warning Signs,Recovered
BGO-DNG-03590,2026-08-31,2026,36,Bakakeng Central,30,M,Dengue without Warning Signs,Recovered
BGO-DNG-03591,2026-08-31,2026,36,Irisan,9,M,Dengue without Warning Signs,Recovered
BGO-DNG-03592,2026-08-31,2026,36,Irisan,28,F,Dengue without Warning Signs,Recovered
BGO-DNG-03593,2026-08-31,2026,36,Irisan,14,M,Dengue with Warning Signs,Recovered
BGO-DNG-03594,2026-08-31,2026,36,Camp 7,18,M,Dengue without Warning Signs,Recovered
BGO-DNG-03595,2026-08-31,2026,36,Cabinet Hill-Teachers Camp,10,F,Dengue without Warning Signs,Recovered
BGO-DNG-03596,2026-08-31,2026,36,Pinsao Proper,36,M,Dengue without Warning Signs,Recovered
BGO-DNG-03597,2026-08-31,2026,36,Irisan,39,M,Dengue without Warning Signs,Recovered
BGO-DNG-03598,2026-08-31,2026,36,Camp 7,34,M,Dengue without Warning Signs,Recovered
BGO-DNG-03599,2026-08-31,2026,36,Pinsao Proper,51,M,Dengue without Warning Signs,Recovered
BGO-DNG-03600,2026-08-31,2026,36,Irisan,6,F,Dengue with Warning Signs,Recovered
